title;released;gf_score;metascore;genre;description;cover_art_url;graphics_pal;music_pal;gameplay_pal;total_pal;notes_pal_ntsc_j;name_variants;score_reasoning;description_es
Sonic the Hedgehog 2;1992-11-24;4.32;n/a;Action - Platformer;"Sonic the Hedgehog 2 is a platform game developed and published by Sega for the Sega Genesis console, released worldwide in November 1992. It is the second main entry in the Sonic the Hedgehog series, and introduced Sonic's sidekick, Miles ""Tails"" Prower, controllable by a second player. In the story, Sonic and Tails must stop series antagonist Dr. Ivo Robotnik from stealing the Chaos Emeralds to power his space station, the Death Egg.";https://images.launchbox-app.com//0e3f6713-5b20-4a08-965f-758f3807ef1c.jpg;9;10;10;10;Uno de los grandes referentes de Mega Drive por su velocidad, control inmediato, diseño de niveles y cooperativo con Tails. La edición PAL se percibe más lenta que las versiones a 60 Hz.;Sonic the Hedgehog 2;Gráficos: apartado visual sobresaliente para la plataforma. Música: composición y aprovechamiento sonoro especialmente destacados. Jugabilidad: control preciso, respuesta inmediata y diseño muy bien ajustado. Motivo global: Uno de los grandes referentes de Mega Drive por su velocidad, control inmediato, diseño de niveles y cooperativo con Tails. La edición PAL se percibe más lenta que las versiones a 60 Hz.;Sonic the Hedgehog 2 es un juego de plataformas desarrollado y publicado por Sega para Mega Drive, lanzado mundialmente en noviembre de 1992. Es la segunda entrega principal de la saga y presenta a Miles «Tails» Prower, controlable por un segundo jugador. Sonic y Tails deben impedir que el Dr. Robotnik robe las Esmeraldas del Caos para alimentar su estación espacial, la Death Egg.
Sonic 3 & Knuckles;1994-10-18;4.32;96;Action - Platformer - 2D;Sonic 3 & Knuckles is the complete game created by Sega's innovative lock-on technology, combining Sonic the Hedgehog 3 and Sonic & Knuckles cartridges into one seamless experience as originally intended before development constraints forced them to split. The combined game features all zones from both titles in sequence, creating an epic adventure across Angel Island. Players can experience the full story as Sonic, Tails, or Knuckles through Mushroom Hill, Flying Battery, Sandopolis, Lava Reef, Hidden Palace, Sky Sanctuary, and Death Egg zones. The lock-on unlocks Super Emeralds—accessed via special stages in S&K zones after collecting all Chaos Emeralds from Sonic 3—which grant Hyper transformations: Hyper Sonic with game-breaking speed and screen-clearing attacks, Hyper Knuckles with devastating wall-climbing abilities, and Super Tails with invincible Flickies. This definitive version is considered one of the greatest platformers ever made.;https://gamesdb-images.launchbox.gg/r2_e914a916-e042-4076-963f-98b2614a65b2.jpg;10;10;10;10;"Las tres versiones forman el mismo proyecto: Sonic 3 y Sonic & Knuckles por separado son excelentes, mientras que su unión ofrece la experiencia completa y el Sonic ideal de Mega Drive. La edición PAL funciona a 50 Hz; la japonesa/NTSC a 60 Hz conserva mejor el ritmo original.";Sonic 3 & Knuckles;"Gráficos: apartado visual sobresaliente para la plataforma. Música: composición y aprovechamiento sonoro especialmente destacados. Jugabilidad: control preciso, respuesta inmediata y diseño muy bien ajustado. Motivo global: Las tres versiones forman el mismo proyecto: Sonic 3 y Sonic & Knuckles por separado son excelentes, mientras que su unión ofrece la experiencia completa y el Sonic ideal de Mega Drive. La edición PAL funciona a 50 Hz; la japonesa/NTSC a 60 Hz conserva mejor el ritmo original.";Sonic 3 & Knuckles es la experiencia completa que combina Sonic the Hedgehog 3 y Sonic & Knuckles mediante la tecnología lock-on. Reúne todas las zonas de ambos juegos en una aventura continua por Angel Island, con Sonic, Tails o Knuckles como personajes jugables. La unión desbloquea además las Super Esmeraldas y las transformaciones Hyper.
Shining Force II;1994-10-19;4.31;n/a;Strategy - Turn-Based - Tactics;"Shining Force II (シャイニング・フォースII 古えの封印 Shainingu Fōsu Tsū: Inishie no Fūin, lit. ""Shining Force II: The Ancient Seal""), is a tactical role-playing game for the Mega Drive/Genesis console developed by Sonic! Software Planning in 1993. Its storyline is not directly connected to the original Shining Force, although a Game Gear title Shining Force Gaiden: Final Conflict links the two games' plots.";https://images.launchbox-app.com/3de72658-25ed-4cbf-af48-9859e9626990.jpg;8;8;8;8;RPG táctico muy querido por su equilibrio entre exploración, combates accesibles, personajes y estrategia. Algunas batallas largas y repetitivas son su principal concesión.;Shining Force II;Gráficos: buen uso de los recursos gráficos de Mega Drive. Música: banda sonora sólida y bien integrada. Jugabilidad: jugabilidad sólida y accesible, con buen equilibrio general. Motivo global: RPG táctico muy querido por su equilibrio entre exploración, combates accesibles, personajes y estrategia. Algunas batallas largas y repetitivas son su principal concesión.;Shining Force II es un RPG táctico para Mega Drive. Combina exploración, combates por turnos, personajes diferenciados y estrategia en un sistema accesible y equilibrado.
Phantasy Star IV;1995-02-01;4.31;n/a;Role-Playing - Japanese-Style;Phantasy Star IV, released in Japan as Phantasy Star: The End of the Millennium (ファンタシースター 千年紀の終りに Fantashī Sutā Sennenki no Owari Ni), is a role-playing video game released for the Mega Drive/Genesis in Japan in 1993 and Europe and North America in 1995. It is the fourth and final game in the original Phantasy Star series, concluding the story of the Algol Star System. It was the last Phantasy Star game until Phantasy Star Online (2000), which has a mainly unrelated story.;https://images.launchbox-app.com/51201b38-c8db-45d7-b595-af54317e9905.jpg;8;9;8;8;Uno de los grandes JRPG de Mega Drive, destacado por sus escenas estilo manga, personajes, sistema de macros y una aventura extensa. Su ritmo inicial puede resultar más pausado.;Phantasy Star IV;Gráficos: buen uso de los recursos gráficos de Mega Drive. Música: composición y aprovechamiento sonoro especialmente destacados. Jugabilidad: jugabilidad sólida y accesible, con buen equilibrio general. Motivo global: Uno de los grandes JRPG de Mega Drive, destacado por sus escenas estilo manga, personajes, sistema de macros y una aventura extensa. Su ritmo inicial puede resultar más pausado.;Phantasy Star IV es un RPG para Mega Drive y la cuarta y última entrega de la saga original. Concluye la historia del sistema estelar Algol y combina combates por turnos, narrativa, exploración y escenas de estilo manga.
Sonic & Knuckles;1994-10-17;4.31;n/a;Action -Platformer -2D;"Sonic & Knuckles is a 1994 platform game developed and published by Sega for the Sega Genesis. An installment in the main Sonic the Hedgehog series, it is the sequel to Sonic the Hedgehog 3, released earlier that year. The story follows Sonic the Hedgehog and Knuckles the Echidna in their quests to save Angel Island; Sonic tries to prevent Dr. Robotnik from relaunching his orbital weapon, the Death Egg, while Knuckles scuffles with Robotnik's minion, EggRobo.";https://images.launchbox-app.com/cac5ef1e-6f2c-412b-9d1f-a299545ebeed.jpg;9;9;10;9;"Las tres versiones forman el mismo proyecto: Sonic 3 y Sonic & Knuckles por separado son excelentes, mientras que su unión ofrece la experiencia completa y el Sonic ideal de Mega Drive. La edición PAL funciona a 50 Hz; la japonesa/NTSC a 60 Hz conserva mejor el ritmo original.";Sonic & Knuckles;"Gráficos: apartado visual sobresaliente para la plataforma. Música: composición y aprovechamiento sonoro especialmente destacados. Jugabilidad: control preciso, respuesta inmediata y diseño muy bien ajustado. Motivo global: Las tres versiones forman el mismo proyecto: Sonic 3 y Sonic & Knuckles por separado son excelentes, mientras que su unión ofrece la experiencia completa y el Sonic ideal de Mega Drive. La edición PAL funciona a 50 Hz; la japonesa/NTSC a 60 Hz conserva mejor el ritmo original.";Sonic & Knuckles es un juego de plataformas protagonizado por Sonic y Knuckles. Continúa la aventura de Sonic the Hedgehog 3 y permite conectar ambos cartuchos mediante la tecnología lock-on para formar Sonic 3 & Knuckles.
Sonic the Hedgehog 3;1994-02-02;4.31;n/a;Action -Platformer -2D;Sonic the Hedgehog 3 is a platform game developed and published by Sega. It is the sequel to Sonic the Hedgehog 2 (1992) and was released worldwide for the Sega Genesis in 1994. Following the events of Sonic 2, Doctor Robotnik's spaceship, the Death Egg, crash-lands on a mysterious floating island. There, Sonic and Tails must once more retrieve the Chaos Emeralds to stop Death Egg from relaunching, while making rounds with the island's guardian, Knuckles the Echidna. Gameplay is similar to previous entries, with players controlling Sonic and Tails through side-scrolling levels at high speeds while collecting rings and defeating enemies;https://images.launchbox-app.com/d1e6d816-2298-404c-9bb5-074ac99183b4.jpg;10;9;10;10;"Las tres versiones forman el mismo proyecto: Sonic 3 y Sonic & Knuckles por separado son excelentes, mientras que su unión ofrece la experiencia completa y el Sonic ideal de Mega Drive. La edición PAL funciona a 50 Hz; la japonesa/NTSC a 60 Hz conserva mejor el ritmo original.";Sonic the Hedgehog 3;"Gráficos: apartado visual sobresaliente para la plataforma. Música: composición y aprovechamiento sonoro especialmente destacados. Jugabilidad: control preciso, respuesta inmediata y diseño muy bien ajustado. Motivo global: Las tres versiones forman el mismo proyecto: Sonic 3 y Sonic & Knuckles por separado son excelentes, mientras que su unión ofrece la experiencia completa y el Sonic ideal de Mega Drive. La edición PAL funciona a 50 Hz; la japonesa/NTSC a 60 Hz conserva mejor el ritmo original.";Sonic the Hedgehog 3 es un juego de plataformas en el que Sonic y Tails recorren Angel Island para impedir que el Dr. Robotnik relance la Death Egg. Introduce a Knuckles, zonas conectadas y mecánicas ampliadas respecto a Sonic 2.
Streets of Rage II;1992-12-20;4.3;n/a;Action - Beat-'Em-Up - 2D;Streets of Rage 2, released in Japan as Bare Knuckle II: The Requiem of the Deadly Battle (ベア・ナックルII 死闘への鎮魂歌レクイエム Bea Nakkuru Tsū: Shitō e no Rekuiemu), is a side-scrolling beat 'em up video game published by Sega in 1992 for the Mega Drive/Genesis and developed by an ad hoc team of several companies: Sega, Ancient, Shout! Designworks, MNM Software and H.I.C. It is the second game in the Streets of Rage series, a sequel to Streets of Rage and followed by Streets of Rage 3.;https://images.launchbox-app.com/ca04021e-975f-47a1-8f98-74fb4736ddac.jpg;9;10;9;9;Uno de los beat em up más celebrados del sistema: combate limpio, cooperativo, personajes diferenciados y una banda sonora inolvidable.;Streets of Rage II;Gráficos: apartado visual sobresaliente para la plataforma. Música: composición y aprovechamiento sonoro especialmente destacados. Jugabilidad: control preciso, respuesta inmediata y diseño muy bien ajustado. Motivo global: Uno de los beat em up más celebrados del sistema: combate limpio, cooperativo, personajes diferenciados y una banda sonora inolvidable.;Streets of Rage II es un beat em up de desplazamiento lateral publicado por Sega para Mega Drive. Destaca por sus golpes contundentes, personajes diferenciados, cooperativo, música y excelente equilibrio.
Shinobi III: Return of the Ninja Master;1993-07-23;4.23;n/a;Action -Platformer -2D;Shinobi III: Return of the Ninja Master, released in Japan as The Super Shinobi II (ザ・スーパー忍II Za Sūpā Shinobu II), is an action game developed and published by Sega for the Mega Drive/Genesis console that was released in 1993. It is the direct sequel to the previous The Revenge of Shinobi. The game was originally intended to be released in 1992, and to be very different from the final version of the game in terms of levels and storyline.;https://images.launchbox-app.com/522a3315-97f9-4259-b8dc-306d11c68a0a.jpg;9;9;9;9;Mejora la fórmula de la saga con control ágil, movimientos variados y fases muy distintas. Su dificultad elevada exige dominar el ritmo y las técnicas del ninja.;Shinobi III: Return of the Ninja Master;Gráficos: apartado visual sobresaliente para la plataforma. Música: composición y aprovechamiento sonoro especialmente destacados. Jugabilidad: control preciso, respuesta inmediata y diseño muy bien ajustado. Motivo global: Mejora la fórmula de la saga con control ágil, movimientos variados y fases muy distintas. Su dificultad elevada exige dominar el ritmo y las técnicas del ninja.;Shinobi III: Return of the Ninja Master es un juego de acción protagonizado por Joe Musashi. Mejora la fórmula de la saga con movimientos ágiles, ninjutsu, fases muy variadas y una dificultad que exige dominar las técnicas del ninja.
Probotector;1994-09-14;4.21;n/a;Action -Platformer -2D;Contra: Hard Corps is a side-scrolling run and gun-style shoot-'em-up video game released by Konami for the Sega Genesis in North America and South Korea in 1994. It was also released for the Mega Drive as Contra: The Hard Corps (魂斗羅 ザ・ハードコア Kontora Za Hādo Koa) in Japan, and as Probotector in Europe and Australia. It was the first game in the Contra series released for a Sega platform and serves as the first entry in the Hard Corps series, itself a subseries of the Contra franchise. It was re-released in 2019 as part of Contra: Anniversary Collection for PlayStation 4, Xbox One, Nintendo Switch, and Windows;https://images.launchbox-app.com/0dda3594-45cd-412a-8696-1ab27876e01b.jpg;9;8;8;8;"Run and gun espectacular, rápido y muy exigente, con rutas múltiples, personajes distintos y jefes enormes. La edición japonesa ofrece una dificultad más equilibrada; la PAL cambia personajes y mantiene una experiencia dura.";"Contra: Hard Corps; Probotector; Contra Hard Corps; Contra The Hard Corps";"Gráficos: apartado visual sobresaliente para la plataforma. Música: banda sonora sólida y bien integrada. Jugabilidad: jugabilidad sólida y accesible, con buen equilibrio general. Motivo global: Run and gun espectacular, rápido y muy exigente, con rutas múltiples, personajes distintos y jefes enormes. La edición japonesa ofrece una dificultad más equilibrada; la PAL cambia personajes y mantiene una experiencia dura.";Probotector es la versión europea de Contra: Hard Corps. Es un run and gun de acción intensa con personajes robóticos, rutas alternativas, armas potentes y jefes enormes, diseñado para jugadores que buscan un desafío elevado.
Gunstar Heroes;1993-09-09;4.18;n/a; Action - Shooter - Shoot-'Em-Up - Horizontal;Gunstar Heroes is a run and gun video game developed by Treasure and published by Sega. It was Treasure's debut game, originally released on the Sega Genesis in 1993. The game's premise is centered around a pair of characters, the Gunstars, in their efforts to stop an evil empire from recovering four powerful gems. The characters can fire guns and perform a series of acrobatic maneuvers to fight enemies across each stage. There are four weapons in the game which can be combined with one another to create different shot types;https://images.launchbox-app.com/99bea524-f9cf-466e-9ae2-b343737245bc.jpg;9;9;9;9;Un referente de acción cooperativa por sus combinaciones de armas, animación, enemigos gigantes y ritmo constante. Sigue siendo una de las experiencias más completas del sistema.;Gunstar Heroes;Gráficos: apartado visual sobresaliente para la plataforma. Música: composición y aprovechamiento sonoro especialmente destacados. Jugabilidad: control preciso, respuesta inmediata y diseño muy bien ajustado. Motivo global: Un referente de acción cooperativa por sus combinaciones de armas, animación, enemigos gigantes y ritmo constante. Sigue siendo una de las experiencias más completas del sistema.;Gunstar Heroes es un run and gun de Treasure para Mega Drive. Uno o dos jugadores controlan a los Gunstar y combinan cuatro armas para crear distintos disparos, mientras atraviesan siete fases muy variadas, con acción acrobática, enemigos enormes y jefes espectaculares.
Ristar;1995-02-16;4.18;n/a;Action -Platformer -2D;Ristar is a platform game developed and published by Sega for the Sega Genesis, which released worldwide in February 1995. A Sega Game Gear game of the same name and genre, Ristar, was also released, which shared similar themes, while possessing different level design and gameplay mechanics. The game stars an anthropomorphic cartoon star who uses his hands and long, stretchable arms to both move and combat enemies. Reception for the game has been generally positive, but the game's initial release was overshadowed due to the imminent ending of the Genesis's lifecycle and the succession of the Sega Saturn and other fifth generation video game consoles. While never receiving any sequels, Sega has re-released the game a number of times digitally and on Sega-themed compilations, including the Sega Forever line of releases for mobile devices. The character has additionally received various cameos in other Sega properties as well.;https://images.launchbox-app.com/3b50382b-a000-40f6-a1d2-a2aeea0d1d90.jpg;9;8;9;9;Plataformas muy elaborado, basado en exploración, precisión y los brazos extensibles del protagonista. Llegó tarde al ciclo de Mega Drive, pero se ha consolidado como un clásico muy querido.;Ristar;Gráficos: apartado visual sobresaliente para la plataforma. Música: banda sonora sólida y bien integrada. Jugabilidad: control preciso, respuesta inmediata y diseño muy bien ajustado. Motivo global: Plataformas muy elaborado, basado en exploración, precisión y los brazos extensibles del protagonista. Llegó tarde al ciclo de Mega Drive, pero se ha consolidado como un clásico muy querido.;Ristar es un plataformas de Sega protagonizado por una estrella con brazos extensibles. Sus extremidades sirven para agarrar, atacar, lanzar objetos, balancearse y recorrer siete mundos coloridos con rutas secretas, fases extra y jefes de gran personalidad.
Rocket Knight Adventures;1993-08-05;4.17;n/a;Action - Platformer - 2D;Rocket Knight Adventures (ロケットナイトアドベンチャーズ Roketto Naito Adobenchāzu) is a 1993 side-scrolling platformer video game developed and published by Konami for the Sega Genesis. The game was released in North America on August 5, 1993, in Japan on August 6, 1993, and in Europe in 1993. Rocket Knight Adventures was designed by Nobuya Nakazato, designer of several titles in the Contra series such as The Alien Wars, Hard Corps and Shattered Soldier. Its protagonist is Sparkster, an opossum knight who fights an army of robots and pigs, many of whom are piloting various mechanical vehicles. Sparkster is armed with a sword that can project energy over a short distance and a rocket pack that allows him to fly;https://images.launchbox-app.com/4fbca98a-f0eb-43fe-acb1-1ced8eb72835.jpg;9;9;9;9;Plataformas de acción excelente: el jet pack, la espada, los jefes y la variedad de fases mantienen un ritmo muy alto y un control preciso.;Rocket Knight Adventures;Gráficos: apartado visual sobresaliente para la plataforma. Música: composición y aprovechamiento sonoro especialmente destacados. Jugabilidad: control preciso, respuesta inmediata y diseño muy bien ajustado. Motivo global: Plataformas de acción excelente: el jet pack, la espada, los jefes y la variedad de fases mantienen un ritmo muy alto y un control preciso.;Rocket Knight Adventures es un plataformas de acción de Konami protagonizado por Sparkster, una zarigüeya caballero equipada con espada y mochila propulsora. Puede cargar el propulsor para atacar en ocho direcciones, rebotar contra paredes y superar fases muy variadas con jefes ingeniosos.
Story of Thor;1994-12-08;4.17;n/a;Role-Playing - Action RPG;Beyond Oasis, known in Japan and Europe as The Story of Thor: A Successor of The Light, is an action-adventure game developed by Ancient and published by Sega for the Sega Genesis. The game has also been re-released in various emulated collections, such as the Virtual Console, Sonic's Ultimate Genesis Collection, and Sega Forever. A prequel to the game, The Legend of Oasis, was released for the Sega Saturn in 1996.;https://images.launchbox-app.com/82b6c5a9-27f9-4d3c-8346-e9c75b17489e.jpg;9;8;9;9;"Action RPG muy querido por unir exploración, puzles y combate directo sin volver el manejo pesado. Los espíritus elementales y las animaciones son sus grandes virtudes; su duración es relativamente breve.";"Story of Thor; Beyond Oasis";"Gráficos: apartado visual sobresaliente para la plataforma. Música: banda sonora sólida y bien integrada. Jugabilidad: control preciso, respuesta inmediata y diseño muy bien ajustado. Motivo global: Action RPG muy querido por unir exploración, puzles y combate directo sin volver el manejo pesado. Los espíritus elementales y las animaciones son sus grandes virtudes; su duración es relativamente breve.";Story of Thor es un action RPG desarrollado por Ancient para Mega Drive. Combina exploración, combate directo con espada, puzles y la invocación de espíritus elementales que amplían las posibilidades del protagonista.
Thunder Force IV;1992;4.16;n/a;Action - Shooter - Shoot-'Em-Up - Horizontal;Thunder Force IV, known in North America as Lightening Force: Quest for the Darkstar, is a shoot 'em up video game developed and published by Technosoft for the Mega Drive in 1992. It is the fourth installment in Technosoft's Thunder Force series, and the third and final one created for the Mega Drive. It was developed by the team at Technosoft that ported Devil's Crush to the Mega Drive rather than the team that developed the previous Thunder Force games. Like its predecessors, it is a horizontally scrolling shooter, but it also features extensive vertical scrolling with large playing fields.;https://images.launchbox-app.com/8498e656-2868-4c2f-a00b-4bf6045321b5.jpg;9;10;9;9;Uno de los shooters más admirados de Mega Drive: banda sonora potente, escenarios enormes, scroll multidireccional y acción muy intensa. Requiere aprender rutas y dominar una dificultad elevada.;"Thunder Force IV; Lightening Force; Thunder Force 4; TF4";Gráficos: apartado visual sobresaliente para la plataforma. Música: composición y aprovechamiento sonoro especialmente destacados. Jugabilidad: control preciso, respuesta inmediata y diseño muy bien ajustado. Motivo global: Uno de los shooters más admirados de Mega Drive: banda sonora potente, escenarios enormes, scroll multidireccional y acción muy intensa. Requiere aprender rutas y dominar una dificultad elevada.;Thunder Force IV es un shooter horizontal de Technosoft para Mega Drive. Destaca por sus escenarios extensos, desplazamiento multidireccional, arsenal potente y una banda sonora muy apreciada por los aficionados al género.
Landstalker;1993-10-29;4.16;n/a;Action Adventure - Open-World;Landstalker: The Treasures of King Nole (ランドストーカー 皇帝の財宝 Randosutōkā: Kōtei no Zaihō) is an action-adventure game that was developed by Climax Entertainment and released for the Sega Genesis in 1992 in Japan and 1993 elsewhere. A spinoff called Lady Stalker: Challenge from the Past was released in Japan for the SNES in 1995. The Sega Saturn game Dark Savior (produced by the same company) is considered its spiritual successor. The main characters from Landstalker, Nigel (Ryle in Japan and France, Niels in Germany) and Friday, reappear in the Dreamcast game Time Stalkers;https://images.launchbox-app.com/7821ef49-ee24-42ed-9a91-a8f7e66c34da.jpg;8;8;8;8;Aventura isométrica muy apreciada por sus puzles, exploración y personalidad. La perspectiva diagonal provoca saltos y orientaciones imprecisas, por lo que resulta menos cómoda que Story of Thor.;Landstalker;Gráficos: buen uso de los recursos gráficos de Mega Drive. Música: banda sonora sólida y bien integrada. Jugabilidad: jugabilidad sólida y accesible, con buen equilibrio general. Motivo global: Aventura isométrica muy apreciada por sus puzles, exploración y personalidad. La perspectiva diagonal provoca saltos y orientaciones imprecisas, por lo que resulta menos cómoda que Story of Thor.;Landstalker es una aventura de acción isométrica protagonizada por Nigel. Combina exploración, combates, puzles y plataformas en un mundo lleno de secretos, aunque su perspectiva diagonal hace que algunos saltos exijan precisión.
Shining Force;1993-07-01;4.11;n/a;Strategy - Turn-Based - Tactics;"Shining Force: The Legacy of Great Intention (シャイニング・フォース 神々の遺産 Shainingu Fōsu: Kamigami no Isan, lit. ""Shining Force: The Legacy of the Gods""), is a 1992 fantasy turn-based tactics role-playing video game for the Mega Drive/Genesis console. While primarily a traditional fantasy-themed game, it contains some science fiction elements";https://images.launchbox-app.com/3de72658-25ed-4cbf-af48-9859e9626990.jpg;7;6;7;7;Título irregular, con ideas interesantes pero limitaciones visibles en control, ritmo o realización.;Shining Force;Gráficos: presentación competente, aunque con limitaciones visibles. Música: música funcional, con algunos temas reconocibles. Jugabilidad: mecánicas funcionales, aunque con cierta rigidez, repetición o dificultad irregular. Motivo global: Título irregular, con ideas interesantes pero limitaciones visibles en control, ritmo o realización.;Shining Force es un RPG táctico de fantasía para Mega Drive. Alterna exploración de pueblos y mazmorras con combates por turnos sobre cuadrícula, en los que el jugador dirige a un grupo de héroes y sus aliados.
Alien Soldier;2007-11-05;4.1;n/a;Action - Platformer - 2D;Alien Soldier is a side-scrolling run and gun video game developed by Treasure and published by Sega for the Mega Drive. Retail copies were released in Japan and PAL territories while in North America it was only available exclusively via the Sega Channel cable service. The story follows a powerful being named Epsilon-Eagle, who after being nearly killed becomes determined to avenge his near death and save his planet. The character has a variety of weapons and moves that the player must master to complete the game. Many gameplay ideas are borrowed from Treasure's earlier Mega Drive release, Gunstar Heroes(1993). However, Alien Soldier puts an emphasis on challenging boss fights with short and easy levels serving as downtime in-between;https://images.launchbox-app.com/73ba73fd-6a3d-4c10-8c81-38a717f4785a.jpg;9;9;8;9;Demostración extrema de acción: jefes casi continuos, numerosos movimientos y una presentación muy intensa. Excelente pero poco accesible por su control atípico y curva de aprendizaje.;Alien Soldier;Gráficos: apartado visual sobresaliente para la plataforma. Música: composición y aprovechamiento sonoro especialmente destacados. Jugabilidad: jugabilidad sólida y accesible, con buen equilibrio general. Motivo global: Demostración extrema de acción: jefes casi continuos, numerosos movimientos y una presentación muy intensa. Excelente pero poco accesible por su control atípico y curva de aprendizaje.;Alien Soldier es un frenético juego de acción de Treasure centrado en enfrentamientos contra jefes. Epsilon-Eagle dispone de numerosos movimientos y armas, con fases breves que conectan combates muy exigentes.
Dynamite Headdy;1994-08-04;4.09;n/a;Action - Platformer - 2D;"Dynamite Headdy is a platform video game developed by Treasure and published by Sega for the Sega Genesis in 1994. The game follows a puppet named Headdy in his efforts to stop an evil puppet king from taking over his world. Headdy can throw his head at enemies to defeat them and use it to pull himself to various areas and move objects. The player can find a wide variety of ""heads"" which act as power-ups that provide different effects and alter gameplay";https://images.launchbox-app.com/77fec80b-ed67-4850-8b5c-c687ad1a36e1.jpg;9;8;8;8;Plataformas creativo y visualmente exuberante, basado en lanzar y cambiar la cabeza del protagonista. Su imaginación es sobresaliente, aunque algunas mecánicas requieren adaptación.;Dynamite Headdy;Gráficos: apartado visual sobresaliente para la plataforma. Música: banda sonora sólida y bien integrada. Jugabilidad: jugabilidad sólida y accesible, con buen equilibrio general. Motivo global: Plataformas creativo y visualmente exuberante, basado en lanzar y cambiar la cabeza del protagonista. Su imaginación es sobresaliente, aunque algunas mecánicas requieren adaptación.;Dynamite Headdy es un plataformas de Treasure protagonizado por una marioneta que arroja su cabeza para atacar, agarrarse a elementos del escenario y activar poderes. Su diseño destaca por la imaginación visual y mecánica de sus fases.
Sonic the Hedgehog;1991-06-23;4.09;n/a;Action - Platformer - 2D;Sonic the Hedgehog is a platform game developed by Sonic Team and published by Sega for the Sega Genesis. The game follows Sonic, an anthropomorphic blue hedgehog with supersonic speed, as he journeys to stop the evil scientist Doctor Robotnik from conquering South Island. Robotnik has trapped the island's animal inhabitants inside robots and stolen the powerful Chaos Emeralds. Players guide Sonic through six zones filled with platforming challenges, loops, springs, and hazards while collecting golden rings for protection. The game's emphasis on speed and momentum-based gameplay revolutionized platformers. Sonic must navigate through Green Hill Zone, Marble Zone, Spring Yard Zone, Labyrinth Zone, Star Light Zone, and Scrap Brain Zone before confronting Robotnik in his Final Zone fortress.;https://images.launchbox-app.com//4f79f041-386a-4e1d-bc0b-790a3b95f462.jpg;9;9;9;9;El clásico que definió la identidad de Mega Drive: control basado en inercia, velocidad, rutas alternativas y una presentación que mantiene todo su encanto.;Sonic the Hedgehog;Gráficos: apartado visual sobresaliente para la plataforma. Música: composición y aprovechamiento sonoro especialmente destacados. Jugabilidad: control preciso, respuesta inmediata y diseño muy bien ajustado. Motivo global: El clásico que definió la identidad de Mega Drive: control basado en inercia, velocidad, rutas alternativas y una presentación que mantiene todo su encanto.;Sonic the Hedgehog es el plataformas que definió la identidad de Mega Drive. Sonic recorre South Island a gran velocidad, aprovecha la inercia, recoge anillos y se enfrenta al Dr. Robotnik para liberar a los animales capturados.
ToeJam & Earl;1992-03-12;4.06;n/a;Action - General;ToeJam & Earl is an action game developed by Johnson Voorsanger Productions and published by Sega for the Sega Genesis console. Released in 1991, it centers on ToeJam and Earl—alien rappers who have crash-landed on Earth. As they attempt to escape the planet, players assume the role of either character and collect pieces of their wrecked spacecraft. ToeJam & Earl's design was heavily influenced by the role-playing video game Rogue, and took from it such features as the random generation of levels and items. It references and parodies 1980s and early 90s urban culture and is set to a funk soundtrack.;https://images.launchbox-app.com/66f9141e-9453-4091-be3b-13db4636b0b8.jpg;8;9;7;8;Propuesta de culto con exploración aleatoria, cooperativo, humor absurdo y música funk. Su ritmo pausado y los objetos aleatorios dividen opiniones.;ToeJam & Earl;Gráficos: buen uso de los recursos gráficos de Mega Drive. Música: composición y aprovechamiento sonoro especialmente destacados. Jugabilidad: mecánicas funcionales, aunque con cierta rigidez, repetición o dificultad irregular. Motivo global: Propuesta de culto con exploración aleatoria, cooperativo, humor absurdo y música funk. Su ritmo pausado y los objetos aleatorios dividen opiniones.;ToeJam & Earl es una aventura de culto con exploración aleatoria y cooperativo. Los dos alienígenas deben reunir las piezas de su nave en niveles generados de forma variable, usando objetos misteriosos y evitando peligros.
Streets of Rage 3;1994-03-17;4.06;n/a;Action - Beat-'Em-Up - 2D;Streets of Rage 3, known in Japan as Bare Knuckle III (ベア・ナックルIII Bea Nakkuru Surī), is a side-scrolling beat 'em up developed and published by Sega in 1994 for the Sega Genesis. It is the third and to-date, final installment of the Streets of Rage series. It was later released for the Japanese version of Sonic Gems Collection for the Nintendo GameCube and PlayStation 2, and for the Wii Virtual Console in September 2007. The game also appeared in Sonic's Ultimate Genesis Collection for Xbox 360 and PlayStation 3;https://images.launchbox-app.com/2b63e470-35b7-4bff-a94a-d281d9bd0179.jpg;10;8;10;9;El beat em up más completo de la saga por sus nuevas acciones y profundidad de combate. La edición PAL es notablemente más difícil: enemigos más duros, rápidos y agresivos que en la japonesa.;Streets of Rage 3;Gráficos: apartado visual sobresaliente para la plataforma. Música: banda sonora sólida y bien integrada. Jugabilidad: control preciso, respuesta inmediata y diseño muy bien ajustado. Motivo global: El beat em up más completo de la saga por sus nuevas acciones y profundidad de combate. La edición PAL es notablemente más difícil: enemigos más duros, rápidos y agresivos que en la japonesa.;Streets of Rage 3 es un beat em up de desplazamiento lateral con más movimientos, personajes y profundidad de combate que sus predecesores. La edición PAL es especialmente dura, con enemigos más agresivos y resistentes.
Soleil;1994-06-16;4.06;n/a;Role-Playing - Action RPG;Crusader of Centy (also known as Soleil in Europe and Shin Sōseiki Ragnacënty (新創世紀ラグナセンティ Shin Sōseiki Ragunasenti) (Dawn of the Era: Ragnacënty) in Japan) is an action-adventure game that was released on the Genesis/Mega Drive. The story centers on Corona, a boy who has just turned 14 years of age and must inherit his late father's sword to fight the monsters that threaten the human race's existence. Gameplay uses an overhead perspective and focuses on exploring, battling enemies with a sword, and solving puzzles. As the story progresses, numerous animals join the hero and aid him. They are used in gameplay like weapons or tools, which often grant passage to previously inaccessible areas.;https://images.launchbox-app.com/051551c3-901c-421d-8577-31b131a16cf1.jpg;8;8;8;8;Action RPG muy querido por su exploración accesible, puzles y uso de animales con habilidades propias. Una aventura sólida y fácil de disfrutar dentro de su género.;"Soleil; Crusader of Centy; Shin Souseiki Ragnacenty";Gráficos: buen uso de los recursos gráficos de Mega Drive. Música: banda sonora sólida y bien integrada. Jugabilidad: jugabilidad sólida y accesible, con buen equilibrio general. Motivo global: Action RPG muy querido por su exploración accesible, puzles y uso de animales con habilidades propias. Una aventura sólida y fácil de disfrutar dentro de su género.;Soleil, conocido en Norteamérica como Crusader of Centy, es un action RPG de exploración, combate y puzles. El héroe incorpora animales aliados cuyas habilidades permiten superar obstáculos y acceder a nuevas zonas.
6-Pak;1994;4.05;n/a;Miscellaneous - Compilation;"6-Pak is a compilation of Sega Mega Drive games released in June 1995, during the console's decline. The cartridge contains 6 of Sega's most successful games from the early days of the system; Sonic the Hedgehog, Golden Axe, Revenge of Shinobi, Streets of Rage, Columns and Super Hang-On. The in-game menu features digitized box art of the original games. It also came with a 67-page manual that contained the complete instructions for all six games. Interestingly, the artwork used on the box for Columns is not from the Mega Drive version, but instead the Sega Master System edition of the game.";https://images.launchbox-app.com/ea05a400-d39d-4383-b34b-bd6a15997c96.jpg;7;6;7;7;Título irregular, con ideas interesantes pero limitaciones visibles en control, ritmo o realización.;6-Pak;Gráficos: presentación competente, aunque con limitaciones visibles. Música: música funcional, con algunos temas reconocibles. Jugabilidad: mecánicas funcionales, aunque con cierta rigidez, repetición o dificultad irregular. Motivo global: Título irregular, con ideas interesantes pero limitaciones visibles en control, ritmo o realización.;6-Pak es una recopilación para Mega Drive que reúne Sonic the Hedgehog, Golden Axe, The Revenge of Shinobi, Streets of Rage, Columns y Super Hang-On en un único cartucho.
Langrisser II;1994-08-26;4.05;n/a;Strategy - Turn-Based - Tactics;"Langrisser II is a tactical role-playing game for the Sega Mega Drive console. It is the sequel to Warsong, and was never released outside Japan. Langrisser II was also remade for the Super Famicom by Masaya as Der Langrisser, which featured multiple paths through the game, greatly reduced difficulty, and reworked graphics. A PC-FX port, Der Langrisser FX, was also released, featuring animated cut-scenes. It was later compiled with the first Langrisser for the PlayStation as Langrisser I&II, and then given a script edit and new branch of the Imperial path in its final Saturn remake as Langrisser: Dramatic Edition. A Windows 98 release of the game was released in Japanese, Chinese and Korean; it features redrawn, high-resolution graphics, but a vastly trimmed-down soundtrack to fit the confines of a standard length CD";https://images.launchbox-app.com/8ee2b60e-129d-445a-9589-010c9f179d1d.jpg;7;6;7;7;Título irregular, con ideas interesantes pero limitaciones visibles en control, ritmo o realización.;Langrisser II;Gráficos: presentación competente, aunque con limitaciones visibles. Música: música funcional, con algunos temas reconocibles. Jugabilidad: mecánicas funcionales, aunque con cierta rigidez, repetición o dificultad irregular. Motivo global: Título irregular, con ideas interesantes pero limitaciones visibles en control, ritmo o realización.;Langrisser II es un RPG táctico para Mega Drive, secuela de Warsong. Combina héroes, tropas subordinadas y grandes batallas por turnos en un mundo de fantasía
Monster World IV;2012-05-10;4.04;n/a;Action - Platformer - 2D;Monster World IV is an action-adventure platform game, developed by Westone and released in Japan by Sega for the Mega Drive in April 1994. It is the sixth game in the Wonder Boy/Monster World series. It was later released for the PlayStation 2 on March 8, 2007, as part of the Sega Ages 2500 series under the name Sega Ages 2500 Series Vol. 29: Monster World Complete Collection. It was released on the Wii's Virtual Console service in Japan on January 15, 2008. An English-language version was released in North America and Europe for Virtual Console on May 10, 2012, with a release on Xbox Live Arcade and PlayStation Network to follow on May 22, 2012.. Monster World IV was the last Wonder Boy game to be both published by Sega & developed by Westone Bit Entertainment;https://images.launchbox-app.com/ee5670ac-efe4-4a88-9137-5429645730d5.jpg;9;8;8;8;Aventura de acción muy cuidada, con animación expresiva, exploración amable y una dificultad razonable. Fue exclusiva japonesa en cartucho durante su época original.;Monster World IV;Gráficos: apartado visual sobresaliente para la plataforma. Música: banda sonora sólida y bien integrada. Jugabilidad: jugabilidad sólida y accesible, con buen equilibrio general. Motivo global: Aventura de acción muy cuidada, con animación expresiva, exploración amable y una dificultad razonable. Fue exclusiva japonesa en cartucho durante su época original.;Monster World IV es una aventura de acción y plataformas protagonizada por Asha. Combina exploración, combate, puzles y la ayuda de su compañero Pepelogoo en una de las entregas más cuidadas de la serie Monster World.
Castlevania: The New Generation;1994-03-17;4.02;n/a;Action - Platformer - 2D;Castlevania: Bloodlines is a platform game developed, and published by Konami for the Sega Genesis, released worldwide in March 1994. It was the only Castlevania video game released on the Genesis. The game's storyline concerns a legendary vampire named Elizabeth Bartley, who is Dracula's niece, suddenly appearing in the 20th century. Plotting a sacrificial war in order to bring her uncle back to life, she orchestrates the beginning of World War I. Quincy Morris' son, John, and his best friend Eric Lecarde, vow to take up the fight against evil. Together they manage to prevent Dracula's full resurrection.;https://images.launchbox-app.com/d721bc13-9253-4bc7-bd23-f2b8d1b707d0.jpg;9;9;9;9;Acción muy valorada por sus escenarios, música, dos personajes y efectos técnicos. El control es deliberado y la dificultad exige aprender patrones.;Castlevania: The New Generation;Gráficos: apartado visual sobresaliente para la plataforma. Música: composición y aprovechamiento sonoro especialmente destacados. Jugabilidad: control preciso, respuesta inmediata y diseño muy bien ajustado. Motivo global: Acción muy valorada por sus escenarios, música, dos personajes y efectos técnicos. El control es deliberado y la dificultad exige aprender patrones.;Castlevania: The New Generation, conocido en Norteamérica como Castlevania Bloodlines, es un plataformas de acción de Konami. Permite elegir entre John Morris y Eric Lecarde para combatir a las fuerzas de Drácula a través de Europa.
Street Fighter II': Special Champion Edition;1993-09-27;3.95;n/a;Action - Fighting - 2D;Street Fighter II: Champion Edition is a fighting game released for the arcades by Capcom in 1992. It was the first of several updated versions of Street Fighter II: The World Warrior, part of the Street Fighter II sub-series of Street Fighter games. The main changes were the addition of the Grand Masters (the final four computer-controlled opponents in the single-player mode) as playable characters and mirror matches (vs. matches using the same character). The fighting techniques of the eight main characters from the original game were also further refined to allow for more-balanced competitive play.;https://images.launchbox-app.com/9ef210e0-9d28-40aa-84dd-66d5c23641e5.jpg;8;8;9;8;Conversión muy sólida, especialmente con mando de seis botones. Tiene buen equilibrio y respuesta, aunque Super Street Fighter II ofrece más contenido.;Street Fighter II': Special Champion Edition;Gráficos: buen uso de los recursos gráficos de Mega Drive. Música: banda sonora sólida y bien integrada. Jugabilidad: control preciso, respuesta inmediata y diseño muy bien ajustado. Motivo global: Conversión muy sólida, especialmente con mando de seis botones. Tiene buen equilibrio y respuesta, aunque Super Street Fighter II ofrece más contenido.;Street Fighter II': Special Champion Edition es la conversión de Mega Drive de la versión Champion Edition del clásico de Capcom. Incluye a los jefes finales como luchadores seleccionables y ofrece combates técnicos, especialmente con mando de seis botones.
ToeJam & Earl in Panic on Funkotron;1993-12-01;3.94;n/a;Action - Platformer - 2D;ToeJam & Earl: Panic on Funkotron is a platform video game developed by Johnson Voorsanger Productions and published by Sega in 1993 for the Sega Genesis. The game is the sequel to cult video game ToeJam & Earl, released in 1991. The game concerns two alien protagonists, ToeJam and Earl, both of whom have escaped from Earth, where they had crash landed. After returning to their home planet of Funkotron, the duo discover a number of antagonistic Earthlings have stowed away on the spacecraft and are wreaking havoc across the planet. The player must hunt down these Earthlings and imprison them in jars before sending them back to Earth.;https://images.launchbox-app.com/b3b6575f-d455-4e25-8960-c244ebfe2e02.jpg;7;7;7;7;Título correcto y entretenido, con virtudes claras aunque también algunas limitaciones de diseño o presentación.;ToeJam & Earl in Panic on Funkotron;Gráficos: presentación competente, aunque con limitaciones visibles. Música: música funcional, con algunos temas reconocibles. Jugabilidad: mecánicas funcionales, aunque con cierta rigidez, repetición o dificultad irregular. Motivo global: Título correcto y entretenido, con virtudes claras aunque también algunas limitaciones de diseño o presentación.;ToeJam & Earl in Panic on Funkotron es un plataformas cooperativo en el que los dos alienígenas deben capturar a los terrícolas que han invadido su planeta. Cambia la exploración aleatoria del original por una estructura de fases más tradicional.
The Adventures of Batman & Robin;1995;3.94;n/a;Action - General;The Adventures of Batman & Robin is a series of video game adaptations released between 1994 and 1995 featuring the DC Comics characters Batman and Robin based on Batman: The Animated Series (which had been retitled The Adventures of Batman and Robin for its second season). The games were released for numerous platforms, with the Genesis, Game Gear, and Sega CD versions published by Sega while the Super NES version was published by Konami (who also produced an earlier Game Boy video game based on the show).;https://images.launchbox-app.com/f695e861-fb9a-4415-b103-6e3d962c1ef3.jpg;10;9;7;9;Escaparate técnico tardío con grandes sprites, efectos visuales y música muy potente. Su dificultad y algunos momentos de ralentización la hacen exigente.;The Adventures of Batman & Robin;Gráficos: apartado visual sobresaliente para la plataforma. Música: composición y aprovechamiento sonoro especialmente destacados. Jugabilidad: mecánicas funcionales, aunque con cierta rigidez, repetición o dificultad irregular. Motivo global: Escaparate técnico tardío con grandes sprites, efectos visuales y música muy potente. Su dificultad y algunos momentos de ralentización la hacen exigente.;The Adventures of Batman & Robin es un juego de acción de Mega Drive basado en la serie animada. Destaca por sus grandes sprites, sus efectos técnicos, una presentación muy vistosa y una dificultad elevada.
Battle Mania: Daiginjou;1993-12-24;3.93;n/a;Action - Shooter - Shoot-'Em-Up - Horizontal;Battle Mania Daiginjō (Japanese: バトルマニア 大だい吟ぎん醸じょう Hepburn: Batoru Mania Daiginjō, also known as Battle Mania 2) is a horizontal side-scrolling shoot'em-up released by Vic Tokai for the Mega Drive in 1993. It serves as a sequel to the original Battle Mania, which was released in North America under the title Trouble Shooter. Unlike the original Battle Mania, Daginjō was released exclusively in Japan;https://images.launchbox-app.com/319eb373-c9f8-4ed8-8781-438041087ee9.jpg;9;8;8;8;Secuela de culto con estética anime, escenarios extravagantes y control más pulido. Fue exclusiva japonesa y es una de las rarezas más carismáticas del catálogo.;Battle Mania: Daiginjou;Gráficos: apartado visual sobresaliente para la plataforma. Música: banda sonora sólida y bien integrada. Jugabilidad: jugabilidad sólida y accesible, con buen equilibrio general. Motivo global: Secuela de culto con estética anime, escenarios extravagantes y control más pulido. Fue exclusiva japonesa y es una de las rarezas más carismáticas del catálogo.;Battle Mania: Daiginjou es un shooter horizontal de estética anime y tono humorístico, exclusivo de Japón. Sus protagonistas luchan contra enemigos extravagantes mediante armas mejorables y ataques coordinados.
Wonder Boy in Monster World;1992;3.93;n/a;Action - Platformer - 2D;Wonder Boy in Monster World, known in Japan as Wonder Boy V: Monster World III, is a side-scrolling action role-playing game originally developed by Westone and published by Sega for the Mega Drive/Genesis in 1991. It is the fifth game in the Wonder Boy series and the third game in the Monster World sub-series, following Wonder Boy in Monster Land (Super Wonder Boy: Monster World on the Japanese Sega Mark III) and Wonder Boy III: The Dragon's Trap (Monster World II: Dragon no Wana on the Japanese Game Gear).;https://images.launchbox-app.com/96c92f4c-aa3d-46dd-9c7b-ea61134c2045.jpg;8;8;8;8;Mezcla muy agradable de plataformas, combate y progreso RPG. Es accesible y equilibrado, aunque su diseño es más tradicional que el de otros Action RPG posteriores.;Wonder Boy in Monster World;Gráficos: buen uso de los recursos gráficos de Mega Drive. Música: banda sonora sólida y bien integrada. Jugabilidad: jugabilidad sólida y accesible, con buen equilibrio general. Motivo global: Mezcla muy agradable de plataformas, combate y progreso RPG. Es accesible y equilibrado, aunque su diseño es más tradicional que el de otros Action RPG posteriores.;Wonder Boy in Monster World mezcla plataformas, combate y progresión de rol. Shion explora un mundo de fantasía, compra equipo, derrota monstruos y descubre rutas y secretos mientras avanza en su aventura.
World of Illusion Starring Mickey Mouse and Donald Duck;1993-03-01;3.93;n/a;Action - Platformer - 2D;World of Illusion Starring Mickey Mouse and Donald Duck is a platform game developed and published by Sega for the Sega Genesis. The game released in December 1992, and is part of Sega's Illusion series of Mickey Mouse games;https://images.launchbox-app.com/f28957a5-85ac-4ee7-b950-5471657855c7.jpg;9;8;8;8;Plataformas de cuento con animaciones cuidadas y un cooperativo que cambia rutas y situaciones. Más sencillo y pausado que Castle of Illusion, pero muy agradable para jugar acompañado.;World of Illusion Starring Mickey Mouse and Donald Duck;Gráficos: apartado visual sobresaliente para la plataforma. Música: banda sonora sólida y bien integrada. Jugabilidad: jugabilidad sólida y accesible, con buen equilibrio general. Motivo global: Plataformas de cuento con animaciones cuidadas y un cooperativo que cambia rutas y situaciones. Más sencillo y pausado que Castle of Illusion, pero muy agradable para jugar acompañado.;World of Illusion es un plataformas de cuento protagonizado por Mickey Mouse y Donald Duck. Incluye cooperativo con rutas y situaciones específicas para cada personaje, además de animaciones y escenarios de gran encanto.
Dune: The Battle for Arrakis;1993-08-16;3.93;n/a;Strategy - Real-Time - Command;Dune II: The Building of a Dynasty (titled Dune II: Battle for Arrakis in Europe and Dune: The Battle for Arrakis for the North American Mega Drive/Genesis port respectively) is a real-time strategy Dune video game developed by Westwood Studios and released by Virgin Games in December 1992. It is based upon David Lynch's 1984 movie Dune, an adaptation of Frank Herbert's science fiction novel of the same name.;https://images.launchbox-app.com/93c319a3-b58e-41cf-9b9d-f491778df72e.jpg;8;7;8;8;Estrategia profunda que adapta construcción de bases, recursos y guerra entre facciones al mando de Mega Drive de manera sorprendentemente manejable. Exige paciencia con menús y partidas largas.;Dune: The Battle for Arrakis;Gráficos: buen uso de los recursos gráficos de Mega Drive. Música: música funcional, con algunos temas reconocibles. Jugabilidad: jugabilidad sólida y accesible, con buen equilibrio general. Motivo global: Estrategia profunda que adapta construcción de bases, recursos y guerra entre facciones al mando de Mega Drive de manera sorprendentemente manejable. Exige paciencia con menús y partidas largas.;Dune: The Battle for Arrakis adapta la estrategia en tiempo real a Mega Drive. El jugador elige una de tres casas, recoge especia, construye bases y dirige ejércitos en la lucha por el control de Arrakis.
Vectorman;1995-10-24;3.91;n/a;Action - Platformer - 2D;"ectorman is a series of run and gun platform games developed by BlueSky Software and published by Sega for the Sega Mega Drive/Genesis. The first game in the series was released on October 24, 1995 in North America and on November 30, 1995 in Europe. The games have since appeared on several game compilations, including the Sega Genesis Collection for the PlayStation 2 and PlayStation Portable, the Sonic Gems Collection for the Nintendo GameCube, and Sonic's Ultimate Genesis Collection for Xbox 360 and PlayStation 3. Vectorman was added to the Wii Virtual Console on February 27, 2007, in Japan and April 5, 2007, in Europe, and in North America on September 22, 2008. It was also released on the digital distribution service Steam as part of the ""SEGA Genesis Classics Pack"" and as a standalone title. Vectorman was ported to iOS and Android in 2018 as part of the Sega Forever service";https://images.launchbox-app.com/c80de847-00fd-496e-b66b-72f4bc9f4fb9.jpg;10;8;8;9;Uno de los mayores escaparates técnicos de la consola: sprites prerenderizados, animación fluida, transformaciones y acción multidireccional. Algunos niveles elevan mucho la dificultad.;Vectorman;Gráficos: apartado visual sobresaliente para la plataforma. Música: banda sonora sólida y bien integrada. Jugabilidad: jugabilidad sólida y accesible, con buen equilibrio general. Motivo global: Uno de los mayores escaparates técnicos de la consola: sprites prerenderizados, animación fluida, transformaciones y acción multidireccional. Algunos niveles elevan mucho la dificultad.;Vectorman es un plataformas de acción protagonizado por un robot formado por esferas prerenderizadas. Combina disparos, transformaciones, gran fluidez visual y fases exigentes en un futuro contaminado.
Super Street Fighter II;1994;3.91;n/a;Action - Fighting - 2D;Super Street Fighter II: The New Challengers is a head-to-head fighting game produced by Capcom and originally released as an arcade game in 1993. It is the fourth game in the Street Fighter II sub-series of Street Fighter games, following Street Fighter II Turbo: Hyper Fighting. In addition to refining and balancing the existing character roster from the previous versions, Super Street Fighter II introduced four new characters. It was also the first game to be developed on Capcom's CP System II hardware, which permitted more sophisticated graphics and audio over the original CP System hardware used in previous versions of Street Fighter II;https://images.launchbox-app.com/1f700d1f-5bf6-44d6-a422-b244e602421c.jpg;9;8;10;9;La referencia de jugabilidad entre los juegos de lucha de Mega Drive: amplio plantel, gran equilibrio, respuesta precisa y mejor aprovechamiento del mando de seis botones.;Super Street Fighter II;Gráficos: apartado visual sobresaliente para la plataforma. Música: banda sonora sólida y bien integrada. Jugabilidad: control preciso, respuesta inmediata y diseño muy bien ajustado. Motivo global: La referencia de jugabilidad entre los juegos de lucha de Mega Drive: amplio plantel, gran equilibrio, respuesta precisa y mejor aprovechamiento del mando de seis botones.;Super Street Fighter II: The New Challengers amplía el reparto de Street Fighter II con cuatro luchadores nuevos. Es una de las conversiones de lucha más completas de Mega Drive por su equilibrio, respuesta y uso del mando de seis botones.
Comix Zone;1995-07-01;3.91;n/a;Action - Platformer - 2D;"Comix Zone is a 1995 beat 'em up video game developed and published by Sega for the Sega Genesis. An unusual feature of the game is that it is set within the panels of a comic book with dialogue rendered within talk bubbles and sprites and backgrounds possessing the bright colours and dynamic drawing style favoured by superhero comics. This style had been used in video games previously, for example Ocean Software's Batman: The Caped Crusader in 1988, but Comix Zone stretched the idea to such an extent that Sega applied for and were granted a patent for a ""Videogame system for creating a simulated comic book game""";https://images.launchbox-app.com/ba8832d8-626c-435e-bfe0-db987f00a130.jpg;10;8;7;8;Su presentación dentro de viñetas de cómic es extraordinaria, pero el combate repetitivo y la dificultad muy punitiva dividen opiniones. Un título de culto más admirado por su concepto que por su equilibrio.;Comix Zone;Gráficos: apartado visual sobresaliente para la plataforma. Música: banda sonora sólida y bien integrada. Jugabilidad: mecánicas funcionales, aunque con cierta rigidez, repetición o dificultad irregular. Motivo global: Su presentación dentro de viñetas de cómic es extraordinaria, pero el combate repetitivo y la dificultad muy punitiva dividen opiniones. Un título de culto más admirado por su concepto que por su equilibrio.;Comix Zone es un beat em up ambientado dentro de las viñetas de un cómic. Sketch debe abrirse paso a golpes, resolver puzles y usar objetos en páginas que cambian de escena como parte de su diseño visual.
The Revenge of Shinobi;1989-12-02;3.91;n/a;Action - Platformer - 2D;The Revenge of Shinobi, released in Japan as The Super Shinobi (ザ・スーパー忍 Za Sūpā Shinobi), is a video game developed and published by Sega in 1989. It was the first Shinobi game developed for the Sega Genesis, and was later released on the coin-operated version of that console, the Mega-Tech;https://images.launchbox-app.com/348d056e-5837-4fb5-bfcf-c108cb281775.jpg;9;9;8;9;Acción clásica de gran nivel, con ninjutsu, escenarios variados y música memorable. Tiene un ritmo más metódico que Shinobi III, pero conserva un control sólido y mucho carácter.;The Revenge of Shinobi;Gráficos: apartado visual sobresaliente para la plataforma. Música: composición y aprovechamiento sonoro especialmente destacados. Jugabilidad: jugabilidad sólida y accesible, con buen equilibrio general. Motivo global: Acción clásica de gran nivel, con ninjutsu, escenarios variados y música memorable. Tiene un ritmo más metódico que Shinobi III, pero conserva un control sólido y mucho carácter.;The Revenge of Shinobi es un juego de acción protagonizado por el ninja Joe Musashi. Combina combates, plataformas, ninjutsu y fases variadas, con una banda sonora memorable y un ritmo más metódico que el de Shinobi III.
QuackShot starring Donald Duck;1991-12-19;3.91;n/a;Action - Platformer - 2D;QuackShot Starring Donald Duck, released in Japan as I Love Donald Duck: Guruzia Ou no Hihou (アイラブドナルドダック グルジア王の秘宝), is a 1991 platforming video game developed and published by Sega for the Sega Genesis. The game was released in Europe in 1991, in North America on December 19, 1991 and in Japan on December 20, 1991. QuackShot stars Donald Duck and his three nephews, Huey, Dewey, and Louie, as treasure-hunters, and is part of a series of games published by Sega that were based on Walt Disney cartoon characters. The game was influenced by the Indiana Jones film series.;https://images.launchbox-app.com/e5f4101d-b14c-4503-b9eb-533dafabd1e5.jpg;8;8;8;8;Aventura de plataformas muy querida por su ambientación, exploración entre zonas y uso de objetos. Su ritmo es pausado, pero el control y la progresión están muy bien resueltos.;QuackShot starring Donald Duck;Gráficos: buen uso de los recursos gráficos de Mega Drive. Música: banda sonora sólida y bien integrada. Jugabilidad: jugabilidad sólida y accesible, con buen equilibrio general. Motivo global: Aventura de plataformas muy querida por su ambientación, exploración entre zonas y uso de objetos. Su ritmo es pausado, pero el control y la progresión están muy bien resueltos.;QuackShot es una aventura de plataformas protagonizada por Donald Duck y sus sobrinos. Inspirado por el cine de aventuras, combina exploración entre países, búsqueda de tesoros, uso de objetos y fases de acción con un ritmo pausado y agradable.
Streets of Rage;1991;3.91;n/a;Action - Beat-'Em-Up - 2D;Streets of Rage is a series of side-scrolling beat 'em up video games, centering on the efforts of several heroes trying to rid a city from the rule of a crime syndicate. The original trilogy of games were developed and published by Sega for the Sega Genesis in the 1990s, and have since been ported and re-released on various platforms. A fourth entry in the series is being developed by DotEmu, Lizardcube, and Guard Crush Games.;https://images.launchbox-app.com/75e8efc5-67bb-4dd3-971f-2784dbb8529e.jpg;8;9;8;8;El juego que estableció la fórmula de la saga: combate directo, cooperativo, atmósfera urbana y una banda sonora electrónica muy característica. Más simple que sus secuelas, pero muy equilibrado.;Streets of Rage;Gráficos: buen uso de los recursos gráficos de Mega Drive. Música: composición y aprovechamiento sonoro especialmente destacados. Jugabilidad: jugabilidad sólida y accesible, con buen equilibrio general. Motivo global: El juego que estableció la fórmula de la saga: combate directo, cooperativo, atmósfera urbana y una banda sonora electrónica muy característica. Más simple que sus secuelas, pero muy equilibrado.;Streets of Rage es el beat em up que inauguró la saga de Sega. Tres exagentes luchan contra un sindicato criminal en una ciudad nocturna, con combate directo, cooperativo, ataques especiales y una banda sonora electrónica muy característica.
MUSHA: Metallic Uniframe Super Hybrid Armor;1990;3.91;n/a;Action - Shooter - Shoot-'Em-Up - Vertical;"MUSHA is a vertically scrolling shoot 'em up developed by Compile and released on the Sega Genesis in 1990. An entry in Compile's shooter series, Aleste, MUSHA places the player in the role of a flying mecha pilot who must destroy a large super intelligent computer threatening planet Earth. Development lasted less than one year. Originally the game had a working title of ""Aleste 2"" and featured a style similar to the first game, but it was redirected to feature a Japanese aesthetic and a speed metal soundtrack.";https://images.launchbox-app.com/919531dc-717b-4f7d-bb5f-fc0fd4cc489c.png;9;9;9;9;Uno de los shooters verticales más admirados por su acción fluida, estética mecha, armas y banda sonora de metal. La dificultad exige aprender patrones, pero el control es muy preciso.;MUSHA: Metallic Uniframe Super Hybrid Armor;Gráficos: apartado visual sobresaliente para la plataforma. Música: composición y aprovechamiento sonoro especialmente destacados. Jugabilidad: control preciso, respuesta inmediata y diseño muy bien ajustado. Motivo global: Uno de los shooters verticales más admirados por su acción fluida, estética mecha, armas y banda sonora de metal. La dificultad exige aprender patrones, pero el control es muy preciso.;MUSHA es un shooter vertical de Compile con estética mecha y ambientación japonesa. El jugador pilota una armadura voladora, mejora su potencia de fuego y combate oleadas de enemigos con una banda sonora de metal muy reconocida.
Mega Man: The Wily Wars;1995-04-01;3.89;n/a;Miscellaneous - Compilation;Mega Man: The Wily Wars is a video game compilation by Capcom for the Sega Genesis. The game features remakes of the first three Mega Man games (Mega Man, Mega Man 2, and Mega Man 3) that were originally released for the Nintendo Entertainment System. The Wily Wars was released in cartridge format in Japan and PAL regions. The North American Genesis version was available via the Sega Channel service or online;https://images.launchbox-app.com/463d687e-b237-4465-95e2-c17003da6475.jpg;8;7;6;7;Recopilatorio atractivo de los tres primeros Mega Man con contenido extra. El control, las físicas y el rendimiento no igualan a los originales de NES, por lo que es valioso como colección antes que como versión definitiva.;Mega Man: The Wily Wars;Gráficos: buen uso de los recursos gráficos de Mega Drive. Música: música funcional, con algunos temas reconocibles. Jugabilidad: mecánicas funcionales, aunque con cierta rigidez, repetición o dificultad irregular. Motivo global: Recopilatorio atractivo de los tres primeros Mega Man con contenido extra. El control, las físicas y el rendimiento no igualan a los originales de NES, por lo que es valioso como colección antes que como versión definitiva.;Mega Man: The Wily Wars reúne remakes de Mega Man, Mega Man 2 y Mega Man 3 para Mega Drive. Incluye gráficos y sonido adaptados a 16 bits, además de un modo extra desbloqueable que enfrenta a los tres juegos.
Pulseman;2009-07-13;3.89;n/a;Action - Platformer - 2D;Pulseman (Japanese: パルスマン Hepburn: Parusuman) is 1994 Japanese action platform game developed by Game Freak and published by Sega for the Sega Mega Drive. It was released in North America for the Sega Channel in 1995, and has been released on the Virtual Console for the Wii.;https://images.launchbox-app.com/03cfbdcc-6cfd-4b8f-9aea-a76a0636c483.jpg;9;8;8;8;Plataformas de acción muy imaginativo, basado en electricidad, rebotes y velocidad. Sus fases son coloridas y creativas, aunque los tramos más rápidos pueden ser exigentes.;Pulseman;Gráficos: apartado visual sobresaliente para la plataforma. Música: banda sonora sólida y bien integrada. Jugabilidad: jugabilidad sólida y accesible, con buen equilibrio general. Motivo global: Plataformas de acción muy imaginativo, basado en electricidad, rebotes y velocidad. Sus fases son coloridas y creativas, aunque los tramos más rápidos pueden ser exigentes.;Pulseman es un plataformas de acción desarrollado por Game Freak. Su protagonista controla la electricidad para correr, rebotar y lanzar ataques, en fases coloridas y rápidas que combinan precisión y movimiento constante.
Ecco: The Tides of Time;1994-08-25;3.88;n/a;Action - Platformer - 2D;Ecco: The Tides of Time is an action-adventure video game developed by Novotrade International, published by Sega, and released for most of Sega's then-supported gaming consoles in 1994. It is the second game in the Ecco the Dolphin series. The Tides of Time continued the story of the first game and featured similar gameplay with a few new additions;https://images.launchbox-app.com/bce54ba4-fdbc-438b-8f2c-1d018c6a3117.jpg;9;9;7;8;Aventura atmosférica y peculiar, con exploración submarina, puzles y música evocadora. Los objetivos poco claros y la navegación laberíntica pueden frustrar.;Ecco: The Tides of Time;Gráficos: apartado visual sobresaliente para la plataforma. Música: composición y aprovechamiento sonoro especialmente destacados. Jugabilidad: mecánicas funcionales, aunque con cierta rigidez, repetición o dificultad irregular. Motivo global: Aventura atmosférica y peculiar, con exploración submarina, puzles y música evocadora. Los objetivos poco claros y la navegación laberíntica pueden frustrar.;Ecco: The Tides of Time es una aventura submarina protagonizada por el delfín Ecco. Combina exploración, puzles, comunicación mediante sonar y una atmósfera misteriosa, aunque sus objetivos pueden resultar poco claros.
NBA Jam Tournament Edition;1995-02-23;3.88;n/a;Sports - Team - Basketball - Arcade;"NBA Jam (sometimes ""Jam"" for short) is a long-running basketball video game series based on the National Basketball Association (NBA). Initially developed as arcade games by Midway, the game found popularity with its photorealistic digitized graphics, over-the-top presentation and exaggerated style of two-on-two basketball play. The successor to Midway's Arch Rivals, the original 1993 NBA Jam allowed players to jump many times above their own height, make slam dunks that defy human capabilities, and freely shove or elbow opponents out of the way. It also featured a variety of secret characters, as well as the ability to track player records and statistics between play sessions";https://images.launchbox-app.com/e4a6e55d-eed2-4ff5-87d9-c006b01f8bec.jpg;8;8;9;8;Baloncesto arcade inmediato y muy divertido a dos jugadores. Amplía equipos, jugadores, secretos y opciones, manteniendo el ritmo rápido que hizo popular a la serie.;NBA Jam Tournament Edition;Gráficos: buen uso de los recursos gráficos de Mega Drive. Música: banda sonora sólida y bien integrada. Jugabilidad: control preciso, respuesta inmediata y diseño muy bien ajustado. Motivo global: Baloncesto arcade inmediato y muy divertido a dos jugadores. Amplía equipos, jugadores, secretos y opciones, manteniendo el ritmo rápido que hizo popular a la serie.;NBA Jam Tournament Edition es un juego de baloncesto arcade de dos contra dos. Amplía el contenido del original con más equipos, jugadores, secretos y opciones, manteniendo mates imposibles, ritmo rápido y multijugador competitivo.
Micro Machines 2: Turbo Tournament;1994-11-01;3.88;n/a;Racing - Arcade - Automobile;Micro Machines 2: Turbo Tournament is a 1994 racing video game developed by Supersonic Software and published by Codemasters for the Sega Mega Drive. The sequel to Micro Machines, the game is themed around Galoob's Micro Machines toys, and players race around environments in miniature toy vehicles. Micro Machines 2: Turbo Tournament adds new vehicles and game modes, and the Mega Drive version was released on J-Cart, enabling up to eight players without a multitap.;https://images.launchbox-app.com/9feebf74-cde0-43c1-bd84-2394667bb3a2.jpg;9;8;10;9;Referencia del multijugador local: pistas domésticas, vehículos variados y cartucho J-Cart para hasta ocho jugadores sin multitap. Exigente al principio, extraordinario cuando se domina.;Micro Machines 2: Turbo Tournament;Gráficos: apartado visual sobresaliente para la plataforma. Música: banda sonora sólida y bien integrada. Jugabilidad: control preciso, respuesta inmediata y diseño muy bien ajustado. Motivo global: Referencia del multijugador local: pistas domésticas, vehículos variados y cartucho J-Cart para hasta ocho jugadores sin multitap. Exigente al principio, extraordinario cuando se domina.;Micro Machines 2: Turbo Tournament es un juego de carreras arcade con vehículos diminutos en escenarios domésticos. Introduce más circuitos, vehículos y modos, y su cartucho J-Cart permite hasta ocho jugadores sin multitap.
Ranger X;1993-05-27;3.88;n/a;Action - Shooter - Shoot-'Em-Up - Horizontal;Ranger X, released in Japan as Ex-Ranza (エクスランザー), is a side scrolling run and gun shoot 'em up video game for the Sega Mega Drive. Developed by GAU Entertainment and published by Sega, the game was released in 1993;https://images.launchbox-app.com/69ad5c58-b09e-4fb5-bbac-2ff3610f3b25.jpg;10;8;8;9;Run and gun muy ambicioso, recordado por iluminación, fondos con profundidad y el sistema de mecha y moto. Requiere acostumbrarse a su manejo, pero ofrece una acción estratégica y espectacular.;Ranger X;Gráficos: apartado visual sobresaliente para la plataforma. Música: banda sonora sólida y bien integrada. Jugabilidad: jugabilidad sólida y accesible, con buen equilibrio general. Motivo global: Run and gun muy ambicioso, recordado por iluminación, fondos con profundidad y el sistema de mecha y moto. Requiere acostumbrarse a su manejo, pero ofrece una acción estratégica y espectacular.;Ranger X es un juego de acción y disparos en el que un piloto controla un mecha y una moto de apoyo. Destaca por sus efectos visuales, fondos con profundidad y un sistema de combate que exige coordinar ambos vehículos.
Flashback: The Quest for Identity;1993-02-20;3.88;n/a;Action - Platformer - 2D;Flashback, released as Flashback: The Quest for Identity in the United States, is a 1992 science fiction cinematic platform game developed by Delphine Software of France and published by U.S. Gold in United States and Europe, and Sunsoft in Japan;https://images.launchbox-app.com/dcafacfe-4483-4dd6-bc01-db4ae7f57617.jpg;9;8;7;8;Aventura cinemática de enorme impacto visual, con animación rotoscópica y atmósfera futurista. Sus movimientos deliberados son inmersivos para unos y rígidos para otros.;Flashback: The Quest for Identity;Gráficos: apartado visual sobresaliente para la plataforma. Música: banda sonora sólida y bien integrada. Jugabilidad: mecánicas funcionales, aunque con cierta rigidez, repetición o dificultad irregular. Motivo global: Aventura cinemática de enorme impacto visual, con animación rotoscópica y atmósfera futurista. Sus movimientos deliberados son inmersivos para unos y rígidos para otros.;Flashback es una aventura cinemática de ciencia ficción con animación rotoscópica. Conrad debe escapar de una conspiración interplanetaria mediante plataformas, disparos, puzles y movimientos deliberados que requieren planificación.
Castle of Illusion Starring Mickey Mouse;1990-12-01;3.87;n/a;Action - Platformer - 2D;Castle of Illusion Starring Mickey Mouse is a 1990 platform game developed by Sega and released for the Sega Genesis. An 8-bit version of the game was later released for the Master System and Game Gear. The game follows Mickey Mouse on a quest to save Minnie Mouse from the evil witch Mizrabel. It was the first game in Sega's long-running Illusion video game series starring Mickey and was also a part of the second wave of games initially released for the Sega Genesis which helped seal the console's reputation within the period until the release of Sonic the Hedgehog in 1991;https://images.launchbox-app.com/2cd7ea37-4e9e-4895-a8e7-5bf602770fdc.jpg;9;8;8;8;Uno de los plataformas más queridos de los primeros años de Mega Drive: diseño de fases, animación y ambientación de cuento. Es breve y tranquilo, pero muy accesible y encantador.;Castle of Illusion Starring Mickey Mouse;Gráficos: apartado visual sobresaliente para la plataforma. Música: banda sonora sólida y bien integrada. Jugabilidad: jugabilidad sólida y accesible, con buen equilibrio general. Motivo global: Uno de los plataformas más queridos de los primeros años de Mega Drive: diseño de fases, animación y ambientación de cuento. Es breve y tranquilo, pero muy accesible y encantador.;Castle of Illusion es un plataformas protagonizado por Mickey Mouse, que debe rescatar a Minnie de la bruja Mizrabel. Destaca por sus escenarios de cuento, animación cuidada y un diseño de fases accesible y encantador.
Warsong;1991-04-25;3.87;n/a;Strategy - Turn-Based - Tactics;Langrisser (ラングリッサー), known as Warsong in North America, is a tactical role-playing game developed by Nippon Computer Systems (NCS). The first in the Langrisser series, it blended tactical warfare with RPG elements, similar to the Fire Emblem series. It was initially released for the Mega Drive/Genesis console and the PC Engine (in Super CD-ROM² format), the former version being published by Treco in America. The PC-Engine version was released under the title, Langrisser: The Descendants of Light. It was later re-released along Der Langrisser (a remake of Langrisser II) in a compilation for the Sega Saturn and PlayStation. That compilation was released for the PlayStation Network in 2009;https://images.launchbox-app.com/174f4dd6-493d-4782-a8d7-a6796f381162.jpg;7;7;7;7;RPG táctico de culto basado en tropas subordinadas y batallas estratégicas. Tiene profundidad, aunque su interfaz y ritmo pausado resultan menos accesibles que Shining Force.;Warsong;Gráficos: presentación competente, aunque con limitaciones visibles. Música: música funcional, con algunos temas reconocibles. Jugabilidad: mecánicas funcionales, aunque con cierta rigidez, repetición o dificultad irregular. Motivo global: RPG táctico de culto basado en tropas subordinadas y batallas estratégicas. Tiene profundidad, aunque su interfaz y ritmo pausado resultan menos accesibles que Shining Force.;Warsong, conocido en Japón como Langrisser, es un RPG táctico centrado en héroes y tropas subordinadas. El jugador dirige ejércitos en grandes batallas por turnos, con una profundidad estratégica notable pero una interfaz poco inmediata.
Pirates! Gold;1993;3.87;n/a;Action Adventure - General;"Pirates! is a video game created by Sid Meier and developed and published by MicroProse in 1987. It was the first game to include the name ""Sid Meier"" in its title as an effort by MicroProse to attract fans of Meier's earlier games, most of which were combat vehicle simulation video games. The game is a simulation of the life of a pirate, a privateer, or a pirate hunter in the 16th, 17th and 18th centuries.";https://images.launchbox-app.com/7236d30e-6d32-4618-bd4f-2170a95c69d0.jpg;7;7;8;7;Aventura abierta que permite comerciar, navegar, combatir y buscar tesoros. Destaca por libertad y variedad, pero sus menús y ritmo pausado requieren paciencia.;Pirates! Gold;Gráficos: presentación competente, aunque con limitaciones visibles. Música: música funcional, con algunos temas reconocibles. Jugabilidad: jugabilidad sólida y accesible, con buen equilibrio general. Motivo global: Aventura abierta que permite comerciar, navegar, combatir y buscar tesoros. Destaca por libertad y variedad, pero sus menús y ritmo pausado requieren paciencia.;Pirates! Gold es una aventura abierta de Sid Meier ambientada en el Caribe. Permite comerciar, navegar, combatir, asaltar ciudades, buscar tesoros y forjar una carrera como pirata, corsario o cazador de piratas.
Thunder Force III;1990-06-07;3.87;n/a;Action - Shooter - Shoot-'Em-Up - Horizontal;Thunder Force III (サンダーフォースIII) is a 1990 scrolling shooter game developed by Technosoft for the Sega Genesis. It is the third chapter in the Thunder Force series. It was then retooled into an arcade game named Thunder Force AC. In 1991, Thunder Force AC was ported to the Super Nintendo Entertainment System under the title Thunder Spirits.;https://images.launchbox-app.com/683dea3a-5255-4231-9cf7-9b6bf7b448b5.jpg;9;9;9;9;Shooter fundamental por sus fondos con parallax, música potente, control preciso y excelente sistema de armas. La dificultad es alta, pero su ritmo y diseño de fases la compensan.;Thunder Force III;Gráficos: apartado visual sobresaliente para la plataforma. Música: composición y aprovechamiento sonoro especialmente destacados. Jugabilidad: control preciso, respuesta inmediata y diseño muy bien ajustado. Motivo global: Shooter fundamental por sus fondos con parallax, música potente, control preciso y excelente sistema de armas. La dificultad es alta, pero su ritmo y diseño de fases la compensan.;Thunder Force III es un shooter horizontal de Technosoft con fases seleccionables, armas mejorables y fondos con parallax. Su ritmo, control preciso y banda sonora lo convierten en uno de los grandes referentes del género en Mega Drive.
Mega Turrican;1994;3.86;n/a;Action - Platformer - 2D;Mega Turrican is a 16-bit shooter game, developed by Factor 5 in 1993 and marketed by Data East in 1994. This game of the Turrican series was initially designed for the Mega Drive/Genesis, and later followed by an Amiga port converted by Kaiko and Neon Studios under the title of Turrican 3: Payment Day. However, despite not being the original, the Amiga version was the one that was first commercially released in 1993, published by Rainbow Arts in Germany and Renegade in the rest of Europe. The Mega Drive version did not have a publisher and stayed unreleased from spring 1993 until 1994, when Data East took over its worldwide distribution. Data East itself released the game in North America, and contracted Sony Imagesoft for the game's distribution in Europe.;https://images.launchbox-app.com/eed27bc5-edf3-487a-9f11-d6d6bc78da8b.jpg;9;8;8;8;Run and gun ambicioso con gran movilidad, arma extensible, exploración y niveles amplios. Exige dominar saltos y herramientas, pero ofrece mucha variedad.;Mega Turrican;Gráficos: apartado visual sobresaliente para la plataforma. Música: banda sonora sólida y bien integrada. Jugabilidad: jugabilidad sólida y accesible, con buen equilibrio general. Motivo global: Run and gun ambicioso con gran movilidad, arma extensible, exploración y niveles amplios. Exige dominar saltos y herramientas, pero ofrece mucha variedad.;Mega Turrican es un juego de acción y disparos con grandes niveles de exploración. El protagonista dispone de arma extensible, bombas, gancho y numerosas mejoras para afrontar plataformas, enemigos y rutas alternativas.
Ghouls 'n Ghosts;1989;3.86;n/a;Action - Platformer - 2D;Ghouls 'n Ghosts (Japanese: 大魔界村 Hepburn: Daimakaimura, lit. Great Demon World Village) is a side-scrolling platform game developed by Capcom and released as an arcade game in 1988, and subsequently ported to a number of other platforms. It is the sequel to Ghosts 'n Goblins and the second game in the Ghosts 'n Goblins series;https://images.launchbox-app.com/8373d65d-50ca-4de4-aa30-356832459a9c.jpg;9;8;7;8;Conversión excelente del arcade y una de las primeras demostraciones de fuerza de Mega Drive. Su principal barrera es la dificultad extrema y la necesidad de completar la aventura dos veces.;Ghouls 'n Ghosts;Gráficos: apartado visual sobresaliente para la plataforma. Música: banda sonora sólida y bien integrada. Jugabilidad: mecánicas funcionales, aunque con cierta rigidez, repetición o dificultad irregular. Motivo global: Conversión excelente del arcade y una de las primeras demostraciones de fuerza de Mega Drive. Su principal barrera es la dificultad extrema y la necesidad de completar la aventura dos veces.;Ghouls 'n Ghosts es una conversión de acción y plataformas del arcade de Capcom. Sir Arthur combate criaturas sobrenaturales con armas que cambian al recogerlas, en una aventura famosa por su exigente dificultad y necesidad de completarla dos veces.
Shadowrun;1994;3.86;n/a; Role-Playing - Action RPG;Shadowrun is a science fantasy tabletop role-playing game set in a near-future fictional universe in which cybernetics, magic and fantasy creatures co-exist. It combines genres of cyberpunk, urban fantasy and crime, with occasional elements of conspiracy, horror and detective fiction. From its inception in 1989, Shadowrun has remained among the most popular role-playing games. It has spawned a vast franchise that includes a series of novels, a collectible card game, two miniature-based tabletop wargames, and multiple video games;https://images.launchbox-app.com/33cbf5ee-e24f-444f-a9a6-663196cc3cc4.jpg;8;8;7;8;Action RPG de culto con una ambientación cyberpunk muy distinta a la fantasía habitual. Su libertad para investigar y resolver encargos es excelente, pero el inicio es poco guiado.;Shadowrun;Gráficos: buen uso de los recursos gráficos de Mega Drive. Música: banda sonora sólida y bien integrada. Jugabilidad: mecánicas funcionales, aunque con cierta rigidez, repetición o dificultad irregular. Motivo global: Action RPG de culto con una ambientación cyberpunk muy distinta a la fantasía habitual. Su libertad para investigar y resolver encargos es excelente, pero el inicio es poco guiado.;Shadowrun es un action RPG de ambientación cyberpunk y fantasía urbana. El jugador investiga un asesinato en Seattle, conversa con personajes, contrata aliados y combina armas, magia y tecnología en una aventura poco guiada.
Blades of Vengeance;1993;3.86;n/a;Action - Platformer - 2D;Blades of Vengeance is a platform game that was developed by Beam Software and published by Electronic Arts for the Sega Mega Drive/Genesis. In this game, one or two players can select one of three fantasy warriors to fight through a large range of platform levels in order to defeat the forces of darkness.;https://images.launchbox-app.com/5759e6c7-cd35-4873-87cd-5bd20f51e57d.jpg;7;7;7;7;Título correcto y entretenido, con virtudes claras aunque también algunas limitaciones de diseño o presentación.;Blades of Vengeance;Gráficos: presentación competente, aunque con limitaciones visibles. Música: música funcional, con algunos temas reconocibles. Jugabilidad: mecánicas funcionales, aunque con cierta rigidez, repetición o dificultad irregular. Motivo global: Título correcto y entretenido, con virtudes claras aunque también algunas limitaciones de diseño o presentación.;Blades of Vengeance es un plataformas de acción de fantasía para uno o dos jugadores. Permite elegir entre tres guerreros con habilidades distintas para atravesar escenarios repletos de enemigos y derrotar a las fuerzas de la oscuridad.
Road Rash 3;1995-05-15;3.86;n/a;Racing - Arcade - Automobile;Road Rash 3 is a racing video game developed by American studio Monkey Do Productions and published by Electronic Arts exclusively for Sega Genesis in 1995.;https://images.launchbox-app.com/5ea85178-29fa-4974-bd76-23e405798f0d.jpg;8;8;8;8;Amplía motos, armas, circuitos y progreso sin perder la mezcla de carreras y combate. Sigue siendo muy entretenido, aunque menos fresco que Road Rash II.;Road Rash 3;Gráficos: buen uso de los recursos gráficos de Mega Drive. Música: banda sonora sólida y bien integrada. Jugabilidad: jugabilidad sólida y accesible, con buen equilibrio general. Motivo global: Amplía motos, armas, circuitos y progreso sin perder la mezcla de carreras y combate. Sigue siendo muy entretenido, aunque menos fresco que Road Rash II.;Road Rash 3 amplía la fórmula de carreras ilegales en moto con más circuitos, armas, motos y progresión. Mezcla velocidad y combate cuerpo a cuerpo en competiciones agresivas con una estructura más amplia que sus predecesores.
Saturday Night Slam Masters;1994;3.86;n/a;Sports - Individual - Combat - Wrestling;Saturday Night Slam Masters, known in Japan as Muscle Bomber: The Body Explosion (Japanese: マッスルボマー ザ・ボディー・エクスプロージョン), is a 1993 pro wrestling arcade game released for the CP System by Capcom. The game features character designs by manga artist Tetsuo Hara, famous for Fist of the North Star.;https://images.launchbox-app.com/fb33bf14-d309-4a9e-8f76-6ca84a91d8fb.jpg;7;6;7;7;Título irregular, con ideas interesantes pero limitaciones visibles en control, ritmo o realización.;Saturday Night Slam Masters;Gráficos: presentación competente, aunque con limitaciones visibles. Música: música funcional, con algunos temas reconocibles. Jugabilidad: mecánicas funcionales, aunque con cierta rigidez, repetición o dificultad irregular. Motivo global: Título irregular, con ideas interesantes pero limitaciones visibles en control, ritmo o realización.;Saturday Night Slam Masters es un juego de lucha libre de Capcom basado en su recreativa. Presenta luchadores de estilo exagerado, golpes, llaves y combate por parejas, aunque la conversión doméstica es más limitada que el original.
Yuu Yuu Hakusho: Makyo Toitsusen;1994-09-30;3.85;n/a;Action - Fighting - 2D;Yu Yu Hakusho Makyō Tōitsusen (幽ゆう☆遊ゆう☆白はく書しょ 魔ま強きょう統とう一いつ戦せん) is a 1994 fighting game developed by Treasure and published by Sega for the Mega Drive. It is based on the manga series Yu Yu Hakusho by Yoshihiro Togashi. The plot follows the protagonist Yusuke Urameshi, who is tasked by the ruler of the afterlife with solving detective-style cases involving both humans and demons threatening the living world. The story begins to focus heavily on martial arts battles as it progresses;;8;7;9;8;"Juego de lucha muy singular por permitir hasta cuatro combatientes, arenas abiertas y ataques a distancia. Destaca sobre todo en multijugador; su sistema es menos tradicional que Street Fighter.";Yuu Yuu Hakusho: Makyo Toitsusen;"Gráficos: buen uso de los recursos gráficos de Mega Drive. Música: música funcional, con algunos temas reconocibles. Jugabilidad: control preciso, respuesta inmediata y diseño muy bien ajustado. Motivo global: Juego de lucha muy singular por permitir hasta cuatro combatientes, arenas abiertas y ataques a distancia. Destaca sobre todo en multijugador; su sistema es menos tradicional que Street Fighter.";Yuu Yuu Hakusho: Makyo Toitsusen es un juego de lucha de Treasure basado en el manga y anime. Permite combates con hasta cuatro personajes, escenarios amplios y ataques a distancia, con un enfoque multijugador poco convencional.
NHL '94;1993-03-01;3.85;n/a;Sports - Team - Ice Hockey - Sim;"NHL '94 is an ice hockey game by EA Sports for the Genesis, Super NES and Sega CD, as well as the first release for the PC (DOS), simply titled ""NHL Hockey"", without the ""94"" in the title. The game is officially licensed from the National Hockey League and the NHL Players' Association. Being the third game in the NHL series media franchise, it was released in October 1993. NHL '94 launched to critical acclaim, and has since been referred to as both the greatest sports game of all time as well as one of the best games ever made.";https://images.launchbox-app.com/c3f9f2a8-ccc4-4b3e-b1e0-93958d5adcd7.jpg;8;8;10;9;Referente absoluto del hockey de 16 bits: control intuitivo, gran ritmo y multijugador excepcional. Fácil de empezar y suficientemente profundo para dominar durante años.;NHL '94;Gráficos: buen uso de los recursos gráficos de Mega Drive. Música: banda sonora sólida y bien integrada. Jugabilidad: control preciso, respuesta inmediata y diseño muy bien ajustado. Motivo global: Referente absoluto del hockey de 16 bits: control intuitivo, gran ritmo y multijugador excepcional. Fácil de empezar y suficientemente profundo para dominar durante años.;NHL '94 es un juego de hockey sobre hielo de EA Sports considerado un referente de los 16 bits. Combina control intuitivo, partidos ágiles, equipos y jugadores oficiales, y un multijugador local que sigue siendo muy apreciado.
The Punisher;1994;3.85;n/a;Action - Beat-'Em-Up - 2D;"The Punisher is a third-person shooter video game developed by Volition and published by THQ. It was released in 2005 for the PlayStation 2, Xbox, and Microsoft Windows; a mobile phone game was also developed by Amplified Games and released in 2004. The game stars the Marvel Comics antihero, The Punisher. After his family was murdered by the Mafia, Frank Castle devoted his life to the punishment of criminals. Players take control of the titular ruthless vigilante to track down and kill criminals";https://images.launchbox-app.com/132a4f80-5153-46d3-9953-a75ff168d9d3.jpg;7;7;7;7;Conversión doméstica funcional con cooperativo y ambiente urbano, pero menos vistosa y variada que la recreativa. Recomendable principalmente para seguidores del personaje.;The Punisher;Gráficos: presentación competente, aunque con limitaciones visibles. Música: música funcional, con algunos temas reconocibles. Jugabilidad: mecánicas funcionales, aunque con cierta rigidez, repetición o dificultad irregular. Motivo global: Conversión doméstica funcional con cooperativo y ambiente urbano, pero menos vistosa y variada que la recreativa. Recomendable principalmente para seguidores del personaje.;The Punisher es un beat em up de desplazamiento lateral basado en el antihéroe de Marvel. Frank Castle avanza por escenarios urbanos usando golpes, armas y objetos, en una adaptación doméstica más contenida que la recreativa.
Teenage Mutant Ninja Turtles: The Hyperstone Heist;1992-12-21;3.85;n/a;Action - Beat-'Em-Up - 2D;Teenage Mutant Ninja Turtles: The Hyperstone Heist, released in Europe as Teenage Mutant Hero Turtles: The Hyperstone Heist and in Japan as Teenage Mutant Ninja Turtles: Return of the Shredder is a side-scrolling beat 'em up based on the comic book characters the Teenage Mutant Ninja Turtles, and was also the first TMNT game released for the Mega Drive/Genesis.;https://images.launchbox-app.com/5c5495ab-d42f-4c6f-838d-173123eff4e0.jpg;8;8;8;8;Beat em up muy querido por su acción rápida, cooperativo y personajes diferenciados. Es corto y menos variado que Turtles in Time, pero su control y ritmo son excelentes.;Teenage Mutant Ninja Turtles: The Hyperstone Heist;Gráficos: buen uso de los recursos gráficos de Mega Drive. Música: banda sonora sólida y bien integrada. Jugabilidad: jugabilidad sólida y accesible, con buen equilibrio general. Motivo global: Beat em up muy querido por su acción rápida, cooperativo y personajes diferenciados. Es corto y menos variado que Turtles in Time, pero su control y ritmo son excelentes.;Teenage Mutant Ninja Turtles: The Hyperstone Heist es un beat em up de Konami protagonizado por las Tortugas Ninja. Ofrece acción rápida, cooperativo, personajes diferenciados y una campaña más corta y directa que Turtles in Time.
Dragon's Fury;1992;3.85;n/a; Action - Pinball;Dragon's Revenge (ドラゴンズ・リベンジ) is a pinball video game by Tengen, released for Sega Genesis in 1993. It is a follow-up to Devil's Crush (Dragon's Fury), a pinball game set in sword and sorcery scenario, wherein the player has to defeat a dragon and a witch. The game was released to generally positive reviews;https://images.launchbox-app.com/8da327fb-a66f-42d1-9d45-71ba238076f1.jpg;7;6;7;7;Título irregular, con ideas interesantes pero limitaciones visibles en control, ritmo o realización.;Dragon's Fury;Gráficos: presentación competente, aunque con limitaciones visibles. Música: música funcional, con algunos temas reconocibles. Jugabilidad: mecánicas funcionales, aunque con cierta rigidez, repetición o dificultad irregular. Motivo global: Título irregular, con ideas interesantes pero limitaciones visibles en control, ritmo o realización.;Dragon's Fury es un pinball de fantasía oscura conocido en Japón como Devil Crash MD. Sus mesas están llenas de criaturas demoníacas, objetivos móviles, transformaciones y rutas de puntuación que exigen dominar el rebote de la bola.
Herzog Zwei;1990-01-11;3.85;n/a;Strategy - Real-Time - General;Herzog Zwei is a real-time strategy video game developed by Technosoft and published by Sega for the Sega Genesis. An early real-time strategy game, it predates the genre-popularizing Dune II, being released first in Japan in 1989 and worldwide the following year. It is the sequel to Herzog, which was available on the Japanese MSX and PC-8801 personal computers.;https://images.launchbox-app.com/7ce57b4a-52fa-432e-b34e-00fd32407fe2.jpg;8;8;9;8;Pionero de la estrategia en tiempo real: conquistar bases, dirigir unidades y pilotar una nave transformable. Su curva de aprendizaje es dura, pero su equilibrio y multijugador siguen siendo excepcionales.;Herzog Zwei;Gráficos: buen uso de los recursos gráficos de Mega Drive. Música: banda sonora sólida y bien integrada. Jugabilidad: control preciso, respuesta inmediata y diseño muy bien ajustado. Motivo global: Pionero de la estrategia en tiempo real: conquistar bases, dirigir unidades y pilotar una nave transformable. Su curva de aprendizaje es dura, pero su equilibrio y multijugador siguen siendo excepcionales.;Herzog Zwei es un pionero de la estrategia en tiempo real. El jugador pilota una nave transformable, compra unidades y conquista bases enemigas, combinando acción directa, gestión de recursos y partidas competitivas muy profundas.
Splatterhouse 3;1993-03-18;3.85;n/a;Action - Beat-'Em-Up - 2D;Splatterhouse 3, known in Japan as Splatterhouse Part 3 (スプラッターハウスPART3) (stylized as SPLATTERHOUSE • 3) is a horror themed beat'em up video game released by Namco for the Mega Drive/Genesis in 1993. It is the sequel to Splatterhouse 2 and was one of the first games to be given a rating by Sega's own Videogame Rating Council. In North America the game was given an MA-13 rating by the council for its graphic violence and gore. Unlike its predecessors, it was not originally released in Europe. The game was included as an unlockable extra in the 2010 remake, with new artwork replacing the digitized photographs due to legal reasons.;https://images.launchbox-app.com/df59cbf1-353d-4eac-9477-283ae2802178.jpg;8;8;7;8;Beat em up de terror valorado por su atmósfera, transformaciones y estética de cine de serie B. El tiempo límite añade tensión, aunque algunos escenarios se vuelven repetitivos.;Splatterhouse 3;Gráficos: buen uso de los recursos gráficos de Mega Drive. Música: banda sonora sólida y bien integrada. Jugabilidad: mecánicas funcionales, aunque con cierta rigidez, repetición o dificultad irregular. Motivo global: Beat em up de terror valorado por su atmósfera, transformaciones y estética de cine de serie B. El tiempo límite añade tensión, aunque algunos escenarios se vuelven repetitivos.;Splatterhouse 3 es un beat em up de terror en el que Rick combate criaturas dentro de una mansión. Introduce un límite de tiempo, transformaciones y rutas según el desempeño, con una estética de cine de terror de serie B.
Mega Bomberman;1994;3.85;n/a;Puzzle - Action;Bomberman '94 (ボンバーマン'94 Bonbāman Nintī Fō) is a video game from the Bomberman series which was developed and published by Hudson Soft for the PC Engine and released on December 10, 1993 in Japan. It was later re-developed by Westone and re-published by Sega as Mega Bomberman on the Sega Mega Drive/Genesis in 1994 in other areas. The PC Engine Bomberman '94 was later released outside Japan through the Wii's Virtual Console and the PlayStation 3's PlayStation Network.;https://images.launchbox-app.com/c3753b1b-a936-4b8e-8c6c-9f15b400eb0b.jpg;8;8;9;8;Versión muy sólida de Bomberman, con reglas inmediatas y una de las mejores experiencias multijugador de la consola. A varios jugadores se convierte en imprescindible.;Mega Bomberman;Gráficos: buen uso de los recursos gráficos de Mega Drive. Música: banda sonora sólida y bien integrada. Jugabilidad: control preciso, respuesta inmediata y diseño muy bien ajustado. Motivo global: Versión muy sólida de Bomberman, con reglas inmediatas y una de las mejores experiencias multijugador de la consola. A varios jugadores se convierte en imprescindible.;Mega Bomberman adapta Bomberman '94 a Mega Drive. El jugador coloca bombas para abrir caminos y eliminar rivales, con partidas rápidas, reglas inmediatas y un modo multijugador especialmente divertido.
Greatest Heavyweights;1994-05-26;3.85;n/a;Sports - Individual - Combat - Boxing / Martial Arts;Greatest Heavyweights is a boxing video game that was published by Sega in 1994. It was released for the Sega Genesis console. It is a follow-up to Evander Holyfield's Real Deal Boxing, and is virtually identical in many ways, apart from a number of significant improvements.;https://images.launchbox-app.com/eb33aad8-e038-4a71-859e-3babf4549144.jpg;7;6;7;7;Título irregular, con ideas interesantes pero limitaciones visibles en control, ritmo o realización.;Greatest Heavyweights;Gráficos: presentación competente, aunque con limitaciones visibles. Música: música funcional, con algunos temas reconocibles. Jugabilidad: mecánicas funcionales, aunque con cierta rigidez, repetición o dificultad irregular. Motivo global: Título irregular, con ideas interesantes pero limitaciones visibles en control, ritmo o realización.;Greatest Heavyweights es un juego de boxeo de Sega centrado en combates de pesos pesados. Mejora la fórmula de Evander Holyfield's Real Deal Boxing con más boxeadores, opciones y un ritmo de pelea arcade.
Micro Machines: Turbo Tournament 96;1995-10-01;3.84;n/a;Racing - Arcade - Automobile;Micro Machines 2: Turbo Tournament is a 1994 racing video game developed by Supersonic Software and published by Codemasters for the Sega Mega Drive. The sequel to Micro Machines, the game is themed around Galoob's Micro Machines toys, and players race around environments in miniature toy vehicles. Micro Machines 2: Turbo Tournament adds new vehicles and game modes, and the Mega Drive version was released on J-Cart, enabling up to eight players without a multitap.;https://images.launchbox-app.com/10ce715e-f91c-48a9-b94e-15b3fc5caac9.jpg;9;8;10;9;Edición ampliada y definitiva de Micro Machines 2, con más circuitos, modos y el cartucho J-Cart para hasta ocho jugadores. Una referencia del multijugador de 16 bits.;Micro Machines: Turbo Tournament 96;Gráficos: apartado visual sobresaliente para la plataforma. Música: banda sonora sólida y bien integrada. Jugabilidad: control preciso, respuesta inmediata y diseño muy bien ajustado. Motivo global: Edición ampliada y definitiva de Micro Machines 2, con más circuitos, modos y el cartucho J-Cart para hasta ocho jugadores. Una referencia del multijugador de 16 bits.;Micro Machines: Turbo Tournament 96 es la edición ampliada de Micro Machines 2. Añade circuitos y modos de juego, mantiene los vehículos diminutos en escenarios cotidianos y permite hasta ocho jugadores con el cartucho J-Cart.
StarFlight;1991;3.84;n/a;Role-Playing - General;Starflight is a space exploration, combat, and trading role-playing video game created by Binary Systems and published by Electronic Arts in 1986. Originally developed for IBM PC compatibles, it was later ported to the Amiga, Atari ST, Macintosh, and Commodore 64. A fully revamped version of the game was released for the Sega Genesis in 1991;https://images.launchbox-app.com/82f0b951-f9e4-499c-899f-d5d1778ca417.jpg;7;7;7;7;Aventura espacial ambiciosa de exploración, comercio, diplomacia y combate. Su libertad impresiona, pero la interfaz y el ritmo pausado requieren mucha paciencia.;StarFlight;Gráficos: presentación competente, aunque con limitaciones visibles. Música: música funcional, con algunos temas reconocibles. Jugabilidad: mecánicas funcionales, aunque con cierta rigidez, repetición o dificultad irregular. Motivo global: Aventura espacial ambiciosa de exploración, comercio, diplomacia y combate. Su libertad impresiona, pero la interfaz y el ritmo pausado requieren mucha paciencia.;StarFlight es una ambiciosa aventura espacial de exploración, comercio, combate y diplomacia. El jugador tripula una nave, visita planetas, contacta con especies alienígenas y descubre una historia de gran escala.
Road Rash II;1992-12-01;3.84;n/a;Racing - Arcade - Automobile;Road Rash II is the second game in the motorcycle-racing video game series by Electronic Arts. It was released for the Sega Genesis. It is based heavily on the engine and sprites of the first game. Road Rash II introduced several new features to the series, including bikes with nitrous oxide injection and varied weapons.;https://images.launchbox-app.com/2625cfc3-3a9e-4c8a-8899-a239c949efaf.jpg;8;8;9;8;Una de las entregas más queridas de la saga: mejora motos, armas, circuitos y progresión, con control rápido y carreras llenas de pique.;Road Rash II;Gráficos: buen uso de los recursos gráficos de Mega Drive. Música: banda sonora sólida y bien integrada. Jugabilidad: control preciso, respuesta inmediata y diseño muy bien ajustado. Motivo global: Una de las entregas más queridas de la saga: mejora motos, armas, circuitos y progresión, con control rápido y carreras llenas de pique.;Road Rash II mejora las carreras ilegales en moto con más circuitos, armas y motocicletas. Mantiene el combate contra rivales, añade nitro y ofrece una experiencia más pulida y competitiva que el primer juego.
Zombies Ate My Neighbors;1993-09-01;3.83;n/a;Action - General;Zombies Ate My Neighbors is a run and gun video game developed by LucasArts and published by Konami for the Super NES and Sega Mega Drive/Genesis consoles in 1993. One or two players take control of protagonists Zeke and Julie in order to rescue the titular neighbors from monsters often seen in horror movies. Aiding them in this task are a variety of weapons and power-ups that can be used to battle the numerous enemies in each level. Various elements and aspects of horror movies are referenced in the game with some of its more violent content being censored in various territories such as Europe and Australia, where it is known only as Zombies.;https://images.launchbox-app.com/565edd1d-c090-4ca7-a117-926d23a72015.jpg;8;8;8;8;Run and gun de culto con cooperativo, armas absurdas, referencias al terror y niveles muy variados. La dificultad aumenta bastante y obliga a rescatar civiles para avanzar.;Zombies Ate My Neighbors;Gráficos: buen uso de los recursos gráficos de Mega Drive. Música: banda sonora sólida y bien integrada. Jugabilidad: jugabilidad sólida y accesible, con buen equilibrio general. Motivo global: Run and gun de culto con cooperativo, armas absurdas, referencias al terror y niveles muy variados. La dificultad aumenta bastante y obliga a rescatar civiles para avanzar.;Zombies Ate My Neighbors es un juego de acción cooperativo con humor de cine de terror. Zeke y Julie deben rescatar vecinos de monstruos usando armas absurdas, objetos y rutas alternativas a través de niveles muy variados.
International Superstar Soccer Deluxe;1996;3.83;n/a; Sports - Team - Soccer - Sim;International Superstar Soccer Deluxe (known as Jikkyou World Soccer 2: Fighting Eleven in Japan) is a football video game and the sequel to International Superstar Soccer developed and published by Konami. The Deluxe version was published first to the SNES, then the Mega Drive (developed by Factor 5) and finally the PlayStation. The game features 16 different formations, and 8 strategies, and includes 36 national sides. However, all players have fictitious names, due to licensing restrictions;https://images.launchbox-app.com/79519d2d-f88f-4387-818f-ea93791190dd.jpg;8;7;8;8;Fútbol táctico y completo, con formaciones, estrategias y selecciones nacionales. Ofrece profundidad para Mega Drive, aunque su ritmo es más pausado que el de los arcades.;International Superstar Soccer Deluxe;Gráficos: buen uso de los recursos gráficos de Mega Drive. Música: música funcional, con algunos temas reconocibles. Jugabilidad: jugabilidad sólida y accesible, con buen equilibrio general. Motivo global: Fútbol táctico y completo, con formaciones, estrategias y selecciones nacionales. Ofrece profundidad para Mega Drive, aunque su ritmo es más pausado que el de los arcades.;International Superstar Soccer Deluxe es un juego de fútbol de Konami con enfoque táctico. Incluye selecciones nacionales, formaciones, estrategias y un ritmo más pausado que los juegos arcade, pero con buena profundidad para Mega Drive.
Twinkle Tale;1992-07-24;3.83;n/a;Action - Shooter - Shoot-'Em-Up - Top-Down;Twinkle Tale is a run and gun video game developed by ZAP Corporation and published by Wonder Amusement Studio exclusively for the Sega Mega Drive in Japan on 24 July 1992. It was both the last project created by ZAP, as well as the only title to be released by Wonder Amusement Studio, which was a subsidiary of Japanese record label company Toyo Recording.;https://images.launchbox-app.com/016d8280-176d-4711-9b42-1118053c38ec.jpg;8;8;8;8;Shooter cenital de culto con protagonista a pie, armas mejorables y una presentación de fantasía colorida. Es preciso y muy atractivo para aficionados al género, pero exigente.;Twinkle Tale;Gráficos: buen uso de los recursos gráficos de Mega Drive. Música: banda sonora sólida y bien integrada. Jugabilidad: jugabilidad sólida y accesible, con buen equilibrio general. Motivo global: Shooter cenital de culto con protagonista a pie, armas mejorables y una presentación de fantasía colorida. Es preciso y muy atractivo para aficionados al género, pero exigente.;Twinkle Tale es un shooter cenital de fantasía exclusivo de Japón. La protagonista combate a pie con disparos y ataques cargados, recoge mejoras y se enfrenta a enemigos y jefes en escenarios de estética colorida.
The Lost Vikings;1992;3.83;n/a;Puzzle - Action;"The Lost Vikings is a puzzle-platform video game developed by Silicon & Synapse (now Blizzard Entertainment) and published by Interplay. It was originally released for the Super NES in 1993, then subsequently released for the Amiga, Amiga CD32, MS-DOS, and Mega Drive/Genesis systems the next year; the Mega Drive/Genesis version contains five stages not present in any other version of the game. Blizzard re-released the game for the Game Boy Advance in 2003. In 2014, the game was added to Battle.net as a free download emulated through DOSBox";https://images.launchbox-app.com/0fc70058-bd4e-4ae0-918a-a3bd99ad3380.jpg;8;8;8;8;"Puzle-plataformas muy querido por combinar las habilidades de tres personajes. Recompensa la planificación y la observación; la versión Mega Drive añade niveles exclusivos.";The Lost Vikings;"Gráficos: buen uso de los recursos gráficos de Mega Drive. Música: banda sonora sólida y bien integrada. Jugabilidad: jugabilidad sólida y accesible, con buen equilibrio general. Motivo global: Puzle-plataformas muy querido por combinar las habilidades de tres personajes. Recompensa la planificación y la observación; la versión Mega Drive añade niveles exclusivos.";The Lost Vikings es un puzle de plataformas protagonizado por tres vikingos con habilidades complementarias. Erik corre y rompe muros, Baleog lucha y usa arco, y Olaf se protege con un escudo
Dr. Robotnik's Mean Bean Machine;1993;3.83;n/a; Puzzle - Matching;Dr. Robotnik's Mean Bean Machine is a falling block puzzle game developed by Compile and published by Sega. It was released for the Genesis/Mega Drive in North America and Europe in November 1993, and was ported to the Game Gear and Master System in December 1993 and June 1994, respectively. The plot revolves around Sonic the Hedgehog series antagonist Doctor Robotnik kidnapping residents from Beanville and turning them into robots, with the purpose of removing all joy from the planet Mobius;https://images.launchbox-app.com/3b34fad8-e51c-4fe1-bd3e-b5af8ff05b5e.jpg;7;6;7;7;Título irregular, con ideas interesantes pero limitaciones visibles en control, ritmo o realización.;Dr. Robotnik's Mean Bean Machine;Gráficos: presentación competente, aunque con limitaciones visibles. Música: música funcional, con algunos temas reconocibles. Jugabilidad: mecánicas funcionales, aunque con cierta rigidez, repetición o dificultad irregular. Motivo global: Título irregular, con ideas interesantes pero limitaciones visibles en control, ritmo o realización.;Dr. Robotnik's Mean Bean Machine es un juego de puzles de fichas que caen, basado en Puyo Puyo y ambientado en el universo de Sonic. El jugador encadena judías de colores para enviar obstáculos al rival y derrotar a los secuaces de Robotnik.
Master of Monsters;1991;3.83;n/a;Strategy - General;Master of Monsters is a turn-based strategy game developed by SystemSoft for the MSX and NEC PC8801. It was later ported to a variety of consoles and PCs including the PC Engine, NEC PC9801, Sega Mega Drive (Genesis), Sega Saturn and PlayStation. While it never garnered the same success as its SystemSoft stablemate Daisenryaku, the game garnered a loyal following. Its success in the North American market on the Sega Genesis proved sufficient for a sequel on the Sega Saturn, and an anime art-style enhanced PlayStation version titled Disciples of Gaia with a Japanese role-playing game feel.;https://images.launchbox-app.com/aee75504-b04a-4ef7-8f9f-a1ac20dc6c11.jpg;7;6;7;7;Título irregular, con ideas interesantes pero limitaciones visibles en control, ritmo o realización.;Master of Monsters;Gráficos: presentación competente, aunque con limitaciones visibles. Música: música funcional, con algunos temas reconocibles. Jugabilidad: mecánicas funcionales, aunque con cierta rigidez, repetición o dificultad irregular. Motivo global: Título irregular, con ideas interesantes pero limitaciones visibles en control, ritmo o realización.;Master of Monsters es un juego de estrategia por turnos con criaturas fantásticas. El jugador controla un invocador, conquista territorios, mejora sus unidades y combate en mapas de casillas contra ejércitos rivales.
Vectorman 2;1996-11-15;3.83;n/a;Action - Platformer - 2D;"Vectorman is a series of run and gun platform games developed by BlueSky Software and published by Sega for the Sega Mega Drive/Genesis. The first game in the series was released on October 24, 1995 in North America and on November 30, 1995 in Europe. The games have since appeared on several game compilations, including the Sega Genesis Collection for the PlayStation 2 and PlayStation Portable, the Sonic Gems Collection for the Nintendo GameCube, and Sonic's Ultimate Genesis Collection for Xbox 360 and PlayStation 3. Vectorman was added to the Wii Virtual Console on February 27, 2007, in Japan and April 5, 2007, in Europe, and in North America on September 22, 2008. It was also released on the digital distribution service Steam as part of the ""SEGA Genesis Classics Pack"" and as a standalone title. Vectorman was ported to iOS and Android in 2018 as part of the Sega Forever service.";https://images.launchbox-app.com/d521a80c-f655-426e-a1c2-0c4f58a5ed81.jpg;8;7;7;7;Secuela sólida con más transformaciones y niveles, pero menos sorprendente y memorable que el original. Mantiene una buena presentación y acción directa.;Vectorman 2;Gráficos: buen uso de los recursos gráficos de Mega Drive. Música: música funcional, con algunos temas reconocibles. Jugabilidad: mecánicas funcionales, aunque con cierta rigidez, repetición o dificultad irregular. Motivo global: Secuela sólida con más transformaciones y niveles, pero menos sorprendente y memorable que el original. Mantiene una buena presentación y acción directa.;Vectorman 2 continúa el plataformas de acción del robot formado por esferas. Añade nuevas transformaciones, enemigos y escenarios, aunque conserva una estructura más tradicional y menos sorprendente que la del primer juego.
Tiny Toon Adventures: Buster's Hidden Treasure;1993;3.83;n/a;Action - Platformer - 2D;Tiny Toon Adventures: Buster's Hidden Treasure is the first Tiny Toon Adventures-based game released on the Mega Drive/Genesis. It was released in 1993 and developed and published by Konami;https://images.launchbox-app.com/23ffaae7-c0b8-41e6-abd2-1e5695080bad.jpg;7;7;7;7;Título correcto y entretenido, con virtudes claras aunque también algunas limitaciones de diseño o presentación.;Tiny Toon Adventures: Buster's Hidden Treasure;Gráficos: presentación competente, aunque con limitaciones visibles. Música: música funcional, con algunos temas reconocibles. Jugabilidad: mecánicas funcionales, aunque con cierta rigidez, repetición o dificultad irregular. Motivo global: Título correcto y entretenido, con virtudes claras aunque también algunas limitaciones de diseño o presentación.;Tiny Toon Adventures: Buster's Hidden Treasure es un plataformas de Konami protagonizado por Buster Bunny. Recorre mundos inspirados en la serie, combina saltos, ataques, vehículos y rutas alternativas con una presentación colorida.
Trouble Shooter;1991;3.83;n/a;Action - Shooter - Shoot-'Em-Up - Horizontal;Trouble Shooter, originally released in Japan as Battle Mania (バトルマニア), is a scrolling shooter developed and published by Vic Tokai for the Mega Drive/Genesis in 1991. The game was given a very distinct theme of self-parody between the enemies, story and dialogue. A sequel titled Battle Mania Daiginjō (バトルマニア 大吟醸) was also released for the Mega Drive in Japan and Korea only.;https://images.launchbox-app.com/39af166f-342b-47b1-af02-668226a55387.jpg;7;7;7;7;Shooter horizontal simpático de estética anime y tono humorístico. Tiene buena personalidad, aunque menos intensidad y variedad que los grandes referentes del género.;Trouble Shooter;Gráficos: presentación competente, aunque con limitaciones visibles. Música: música funcional, con algunos temas reconocibles. Jugabilidad: mecánicas funcionales, aunque con cierta rigidez, repetición o dificultad irregular. Motivo global: Shooter horizontal simpático de estética anime y tono humorístico. Tiene buena personalidad, aunque menos intensidad y variedad que los grandes referentes del género.;Trouble Shooter, conocido en Japón como Battle Mania, es un shooter horizontal de estética anime. Sus dos protagonistas combaten oleadas de enemigos con armamento mejorable y un tono humorístico y autoparódico.
General Chaos;1994-01-13;3.82;n/a;Action - General;General Chaos is a 1993 video game developed by Game Refuge Inc. and published by Electronic Arts for the Sega Genesis. General Chaos is a satirical arcade/strategy game;https://images.launchbox-app.com/3249deec-fc90-4423-8f7c-2fe0b3ab2c73.jpg;7;7;8;7;Mezcla de estrategia y acción con escuadrones pequeños, mapas rápidos y mucho humor. La interfaz requiere adaptación, pero el multijugador es excelente.;General Chaos;Gráficos: presentación competente, aunque con limitaciones visibles. Música: música funcional, con algunos temas reconocibles. Jugabilidad: jugabilidad sólida y accesible, con buen equilibrio general. Motivo global: Mezcla de estrategia y acción con escuadrones pequeños, mapas rápidos y mucho humor. La interfaz requiere adaptación, pero el multijugador es excelente.;General Chaos mezcla acción y estrategia en partidas de ritmo rápido. El jugador dirige pequeños escuadrones con soldados de distintas clases, captura objetivos y combate contra el ejército rival en campañas y multijugador.
NHLPA Hockey 93;1992;3.82;n/a;Sports - Team - Ice Hockey - Sim;NHLPA Hockey '93 is a Sega Genesis and Super Nintendo Entertainment System ice hockey game developed by Park Place Productions and published by Electronic Arts Sports Network. It is the second installment of the NHL series and the first to be released for the Super NES. Although considered to be the second EA Sports NHL game, the game was not licensed by the NHL, however it did receive licensing permission from the NHLPA. Because of this all teams are referred to only by city with no use of the team name itself. Additionally, no NHL team logos or NHL emblems are seen anywhere in the game.;https://images.launchbox-app.com/4c1b56dd-624f-468c-b750-0392df3a8ab6.jpg;7;6;7;7;Título irregular, con ideas interesantes pero limitaciones visibles en control, ritmo o realización.;NHLPA Hockey 93;Gráficos: presentación competente, aunque con limitaciones visibles. Música: música funcional, con algunos temas reconocibles. Jugabilidad: mecánicas funcionales, aunque con cierta rigidez, repetición o dificultad irregular. Motivo global: Título irregular, con ideas interesantes pero limitaciones visibles en control, ritmo o realización.;NHLPA Hockey 93 es un juego de hockey sobre hielo de EA Sports. Incluye jugadores reales gracias a la licencia de la NHLPA, aunque los equipos se identifican por ciudades y carecen de nombres y emblemas oficiales de la NHL.
Panorama Cotton;1994-08-12;3.82;n/a;Action - Shooter - Shoot-'Em-Up - Vertical;"Panorama Cotton (パノラマコットン Panoramakotton) is a 1994 rail shooter video game developed by Success and published by Sunsoft for the Sega Mega Drive exclusively in Japan on August 12, 1994. Panorama Cotton is the third entry in the Cotton series and made a major departure from the original gameplay formula of prior Cotton entries; instead of being a side-scrolling shooter like the others, it was a pseudo-3D shooter in the style of Sega's classic arcade hit Space Harrier. Stylistically, it also stands out for having lost the melancholy undertones that the other games have; instead, it simply strives to be uniquely psychedelic. An unofficial English translation patch was released in 2019";https://images.launchbox-app.com/f58a73db-5508-45b1-b491-8204124a19a4.png;9;8;7;8;Shooter sobre raíles muy llamativo, con efectos pseudo-3D y estética psicodélica. El control y la dificultad son menos precisos que en los shooters bidimensionales.;Panorama Cotton;Gráficos: apartado visual sobresaliente para la plataforma. Música: banda sonora sólida y bien integrada. Jugabilidad: mecánicas funcionales, aunque con cierta rigidez, repetición o dificultad irregular. Motivo global: Shooter sobre raíles muy llamativo, con efectos pseudo-3D y estética psicodélica. El control y la dificultad son menos precisos que en los shooters bidimensionales.;Panorama Cotton es un shooter sobre raíles de estética fantástica y psicodélica. A diferencia de las entregas tradicionales de la serie, utiliza una perspectiva pseudo-3D inspirada en Space Harrier y fue exclusivo de Japón.
Rolling Thunder 3;1993;3.82;n/a;Action - Platformer - 2D;Rolling Thunder 3 is a 1993 run and gun video game published by Namco released for the Sega Genesis. It is a sequel to Rolling Thunder 2. The game was made specifically for home consoles, unlike the previous two games in the series. Also unlike its predecessors, Rolling Thunder 3 was released only in North America.;https://images.launchbox-app.com/c616d343-aa8a-44dd-9cca-e8d6cd7bbb28.jpg;7;7;7;7;Título correcto y entretenido, con virtudes claras aunque también algunas limitaciones de diseño o presentación.;Rolling Thunder 3;Gráficos: presentación competente, aunque con limitaciones visibles. Música: música funcional, con algunos temas reconocibles. Jugabilidad: mecánicas funcionales, aunque con cierta rigidez, repetición o dificultad irregular. Motivo global: Título correcto y entretenido, con virtudes claras aunque también algunas limitaciones de diseño o presentación.;Rolling Thunder 3 es un juego de acción y disparos de desplazamiento lateral creado para consolas domésticas. El agente Jay y su compañera deben infiltrarse en instalaciones enemigas, usando coberturas, armas y plataformas.
Surging Aura;1995-03-17;3.82;n/a; Role-Playing - Japanese-Style;Surging Aura (サージングオーラ) is a 1995 Sega Mega Drive RPG by Sega with art by Japanese illustrator Mutsumi Inomata.;https://images.launchbox-app.com/ed8a7787-7be1-4e29-a3cd-c559aded5d66.jpg;7;7;7;7;Título correcto y entretenido, con virtudes claras aunque también algunas limitaciones de diseño o presentación.;Surging Aura;Gráficos: presentación competente, aunque con limitaciones visibles. Música: música funcional, con algunos temas reconocibles. Jugabilidad: mecánicas funcionales, aunque con cierta rigidez, repetición o dificultad irregular. Motivo global: Título correcto y entretenido, con virtudes claras aunque también algunas limitaciones de diseño o presentación.;Surging Aura es un RPG japonés de Sega con ilustraciones de Mutsumi Inomata. Combina exploración, narrativa y combates, y fue una producción tardía de Mega Drive publicada únicamente en Japón.
Kid Chameleon;1992-05-28;3.82;n/a;Action - Platformer - 2D;"Kid Chameleon is a 1992 platform game released for the Sega Genesis. The plot of the game is that the boss of the new virtual reality video game ""Wild Side"" begins abducting players and the main character, Casey, goes to beat it and rescue them. He does this by using masks to change into different characters in order to use different abilities. It was later released in Japan as Chameleon Kid (カメレオン キッド Kamereon Kiddo). After its initial release in 1992 for the Genesis, it was later re-released a number of times in the 2000s, including part of the Sega Smash Pack 2 for the PC in 2000, the Sega Genesis Collection for the PlayStation Portable and PlayStation 2 in 2006, as a digital release on the Wii's Virtual Console in 2007, Sonic's Ultimate Genesis Collection for Xbox 360 and PlayStation 3 in 2009 and is included in The Sega Forever collection release for iOS and Android (operating system) in 2017";https://images.launchbox-app.com/10de7a60-8758-4c6c-8690-9b138afda3b1.jpg;8;7;7;7;Plataformas enorme con máscaras que cambian las habilidades. Su variedad es enorme, pero el diseño irregular, los niveles largos y la dificultad lo hacen menos pulido que Sonic.;Kid Chameleon;Gráficos: buen uso de los recursos gráficos de Mega Drive. Música: música funcional, con algunos temas reconocibles. Jugabilidad: mecánicas funcionales, aunque con cierta rigidez, repetición o dificultad irregular. Motivo global: Plataformas enorme con máscaras que cambian las habilidades. Su variedad es enorme, pero el diseño irregular, los niveles largos y la dificultad lo hacen menos pulido que Sonic.;Kid Chameleon es un plataformas muy extenso protagonizado por Casey, atrapado en un juego de realidad virtual. Las máscaras le transforman en personajes con poderes distintos, lo que aporta mucha variedad a sus numerosas rutas y niveles.
Sports Talk Baseball;1992;3.81;n/a;Sports - Team - Baseball - Arcade;Sports Talk Baseball, released in Japan as Pro Yakyuu Super League '91 (プロ野球スーパーリーグ'９１), is a Mega Drive/Genesis baseball video game which features an official MLBPA license as well as most rules and aspects followed by Major League Baseball.;https://images.launchbox-app.com/1dfea7ce-6e8f-454d-a181-56c4b150f5cb.jpg;7;6;7;7;Título irregular, con ideas interesantes pero limitaciones visibles en control, ritmo o realización.;Sports Talk Baseball;Gráficos: presentación competente, aunque con limitaciones visibles. Música: música funcional, con algunos temas reconocibles. Jugabilidad: mecánicas funcionales, aunque con cierta rigidez, repetición o dificultad irregular. Motivo global: Título irregular, con ideas interesantes pero limitaciones visibles en control, ritmo o realización.;Sports Talk Baseball es un juego de béisbol para Mega Drive con licencia de la asociación de jugadores de la MLB. Incluye una presentación deportiva notable para la época y reglas inspiradas en el béisbol profesional.
Ayrton Senna's Super Monaco GP II;1992-07-16;3.81;n/a;Racing - Simulation - Automobile;"Ayrton Senna's Super Monaco GP II is an arcade-style Formula One racing video game developed and manufactured by Sega, and the follow-up to Super Monaco GP. The game was released for the Sega Master System, Sega Mega Drive, and the Sega Game Gear, appearing in the United States on 16 July 1992, Japan on 17 July 1992, and sometime later in 1992 in Europe. Along with boasting the most ""realistic physics"", it was the best received console driving game at the time of release. The game was also endorsed by, and had technical input from, the then Formula One champion Ayrton Senna, who won the race more times than any other driver, with six victories, and five races consecutively between 1989 and 1993. The game's development was also assisted by Senna, who supplied his own advice about the tracks featured in the game.";https://images.launchbox-app.com/01e2c97c-3e5a-4130-ba29-a25ca5c960ca.jpg;7;7;7;7;Título correcto y entretenido, con virtudes claras aunque también algunas limitaciones de diseño o presentación.;Ayrton Senna's Super Monaco GP II;Gráficos: presentación competente, aunque con limitaciones visibles. Música: música funcional, con algunos temas reconocibles. Jugabilidad: mecánicas funcionales, aunque con cierta rigidez, repetición o dificultad irregular. Motivo global: Título correcto y entretenido, con virtudes claras aunque también algunas limitaciones de diseño o presentación.;Ayrton Senna's Super Monaco GP II es un juego de carreras de Fórmula 1 con apoyo técnico del piloto brasileño. Combina carreras arcade, trazadas exigentes y un modo de práctica diseñado alrededor de los consejos de Senna.
Elemental Master;1993;3.81;n/a;Action - Shooter - Shoot-'Em-Up - Vertical;Elemental Master is a top down shoot 'em up video game developed by TechnoSoft for the Sega Mega Drive and released in 1990 in Japan, and in 1993 in North America by Renovation Products.;https://images.launchbox-app.com/4cfaf9dd-35e4-4a9a-9ed3-9e0a496b6a92.jpg;8;8;8;8;Shooter cenital de Technosoft con hechizos, ambientación oscura y gran música. El control es preciso, aunque la dificultad exige memorizar enemigos y patrones.;Elemental Master;Gráficos: buen uso de los recursos gráficos de Mega Drive. Música: banda sonora sólida y bien integrada. Jugabilidad: jugabilidad sólida y accesible, con buen equilibrio general. Motivo global: Shooter cenital de Technosoft con hechizos, ambientación oscura y gran música. El control es preciso, aunque la dificultad exige memorizar enemigos y patrones.;Elemental Master es un shooter cenital de Technosoft protagonizado por un hechicero. El jugador usa distintos conjuros elementales contra ejércitos y criaturas fantásticas, con una ambientación oscura y una banda sonora muy destacada.
Rolling Thunder 2;1991-11-18;3.81;n/a;Action - Platformer - 2D;Rolling Thunder 2 (ローリングサンダー2 Rōringu Sandā Tsū) is a run and gun arcade game developed and released by Namco for the Namco System 2 hardware in 1990. The game is the sequel to 1986's Rolling Thunder, retaining the same gameplay of its predecessor but adding cooperative gameplay for two players and improved graphics. Unlike the original, which was based in 1968, Rolling Thunder 2 features a more contemporary setting to go along with its more futuristic design, as well as an optionally playable female character. A port for the Mega Drive/Genesis was released in 1991. Both the Mega Drive port and the original arcade game were released for the Wii Virtual Console on December 4, 2007 and October 27, 2009 respectively.;https://images.launchbox-app.com/3e7e6b3c-417f-4630-b2eb-0528733dd5e5.jpg;7;7;7;7;Conversión clásica de arcade con cooperativo y ambientación de espionaje. Su sistema de coberturas es sólido, aunque resulta rígido frente a juegos de acción posteriores.;Rolling Thunder 2;Gráficos: presentación competente, aunque con limitaciones visibles. Música: música funcional, con algunos temas reconocibles. Jugabilidad: mecánicas funcionales, aunque con cierta rigidez, repetición o dificultad irregular. Motivo global: Conversión clásica de arcade con cooperativo y ambientación de espionaje. Su sistema de coberturas es sólido, aunque resulta rígido frente a juegos de acción posteriores.;Rolling Thunder 2 es un juego de acción y disparos con cobertura lateral, adaptación del arcade de Namco. Añade cooperativo, una agente femenina seleccionable y una ambientación de espionaje más contemporánea.
Sagaia;1991;3.81;n/a;Action - Shooter - Shoot-'Em-Up - Horizontal;Darius II (ダライアスII Daraiasu Tsū) is a 1989 arcade video game developed by Taito. It is the direct sequel to the 1987 Darius. It was later released as Sagaia (サーガイア Sāgaia) in Japan in 1991 for the Game Boy as well as non-Japanese ports. A remake was released for the PC Engine Super CD-ROM² as Super Darius II (スーパーダライアスII Sūpā Daraiasu Tsū) in 1993.;https://images.launchbox-app.com/5840ee40-9edc-4eb4-bd12-6992f6bcd6e2.jpg;7;8;7;7;Shooter horizontal de Taito con peces mecánicos y ambientación muy característica. Mantiene el desafío y las rutas, pero es lento y está pensado para aficionados al género.;Sagaia;Gráficos: presentación competente, aunque con limitaciones visibles. Música: banda sonora sólida y bien integrada. Jugabilidad: mecánicas funcionales, aunque con cierta rigidez, repetición o dificultad irregular. Motivo global: Shooter horizontal de Taito con peces mecánicos y ambientación muy característica. Mantiene el desafío y las rutas, pero es lento y está pensado para aficionados al género.;Sagaia es la versión de Mega Drive de Darius II, un shooter horizontal de Taito. Enfrenta al jugador a naves y enormes peces mecánicos, con rutas, jefes memorables y una dificultad dirigida a aficionados al género.
Tougi-Ou: King Colossus;1992-06-26;3.81;n/a;Role-Playing - Action RPG;Tōgi Ō: King Colossus (闘技王とうざおう キング コロッサス) is a video game released in 1992 by Sega for the Mega Drive. The game was never localized outside Japan, however, a fan translation patch was released in 2006 which patches the ROM and makes the game playable in the English language.;https://images.launchbox-app.com/a87072b4-b77f-4e73-9074-4907523c8e7b.jpg;7;7;7;7;Título correcto y entretenido, con virtudes claras aunque también algunas limitaciones de diseño o presentación.;Tougi-Ou: King Colossus;Gráficos: presentación competente, aunque con limitaciones visibles. Música: música funcional, con algunos temas reconocibles. Jugabilidad: mecánicas funcionales, aunque con cierta rigidez, repetición o dificultad irregular. Motivo global: Título correcto y entretenido, con virtudes claras aunque también algunas limitaciones de diseño o presentación.;Tougi-Ou: King Colossus es un RPG de acción de Sega lanzado solo en Japón. Presenta exploración, combates y una ambientación de fantasía, y puede jugarse en inglés mediante traducciones realizadas por aficionados.
Sparkster: Rocket Knight Adventures 2;1994;3.81;n/a;Action - Platformer - 2D;"Sparkster: Rocket Knight Adventures 2, known simply as Sparkster in North America and Europe, is a 1994 side-scrolling platform game developed and published by Konami for the Sega Genesis as the sequel to Rocket Knight Adventures.
Sparkster: Rocket Knight Adventures 2 is the second game in the Sparkster series. Another game under the same title, Sparkster, but without the Rocket Knight Adventures subtitle and not continuing the plot of the first game, was released on the SNES. A follow up game is Rocket Knight.";https://images.launchbox-app.com/2969c1c2-2865-4542-80cd-d563d89b8664.jpg;8;8;7;8;Secuela competente, colorida y con buen control, pero menos imaginativa y variada que Rocket Knight Adventures. No alcanza el mismo impacto del original.;Sparkster: Rocket Knight Adventures 2;Gráficos: buen uso de los recursos gráficos de Mega Drive. Música: banda sonora sólida y bien integrada. Jugabilidad: mecánicas funcionales, aunque con cierta rigidez, repetición o dificultad irregular. Motivo global: Secuela competente, colorida y con buen control, pero menos imaginativa y variada que Rocket Knight Adventures. No alcanza el mismo impacto del original.;Sparkster: Rocket Knight Adventures 2 es la secuela de Rocket Knight Adventures para Mega Drive. Mantiene la espada, la mochila propulsora y el plataformas de acción, con una aventura más lineal y menos variada que la original.
Jungle Strike;1993-12-16;3.81;n/a;Action - Shooter - Shoot-'Em-Up - Top-Down;Jungle Strike (subtitle 'The Sequel to Desert Strike', or 'Desert Strike part II' in Japan) is a video game developed and published by Electronic Arts in 1993 for the Sega Genesis/Mega Drive. The game was later released on several other consoles such as the Super Nintendo Entertainment System (SNES), and an upgraded version was made for the Amiga. The Amiga and other home computer conversions were the responsibility of Ocean Software while the SNES version was that of Gremlin Interactive. It is the direct sequel to Desert Strike (a best-seller released the previous year) and is the second installment in the Strike series. The game is a helicopter-based shoot 'em up, mixing action and strategy. The plot concerns two villains intent on destroying Washington, D.C.. The player must use the helicopter and occasionally other vehicles to thwart their plans;https://images.launchbox-app.com/5256562e-a007-421d-adb8-37623235f81e.jpg;9;8;9;9;Acción estratégica sobresaliente: helicópteros, otros vehículos, objetivos múltiples y gestión de recursos. Exige planificar, pero ofrece una campaña extensa y muy variada.;Jungle Strike;Gráficos: apartado visual sobresaliente para la plataforma. Música: banda sonora sólida y bien integrada. Jugabilidad: control preciso, respuesta inmediata y diseño muy bien ajustado. Motivo global: Acción estratégica sobresaliente: helicópteros, otros vehículos, objetivos múltiples y gestión de recursos. Exige planificar, pero ofrece una campaña extensa y muy variada.;Jungle Strike es un juego de acción estratégica con helicópteros, vehículos terrestres y múltiples objetivos por misión. El jugador debe gestionar combustible y munición mientras rescata rehenes y destruye instalaciones enemigas.
RoboCop Versus The Terminator;1994-05-19;3.8;n/a;Action - Platformer - 2D;RoboCop Versus The Terminator is a video game released for a number of platforms and is based on the RoboCop and Terminator franchises. The Mega Drive/Genesis version, which was the original lead development of the game and was programmed by Virgin Games USA making use of David Perry's Mega Drive/Genesis engine, is loosely based on the 1992 four-issue comic book mini-series of the same name.;https://images.launchbox-app.com/1fb5da39-59ff-41a6-92f5-af253cf37b23.jpg;8;7;7;7;Acción lateral muy violenta, con armas y una presentación ambiciosa. Es exigente y algo pesado en el control, pero tiene una atmósfera muy lograda para seguidores de las licencias.;RoboCop Versus The Terminator;Gráficos: buen uso de los recursos gráficos de Mega Drive. Música: música funcional, con algunos temas reconocibles. Jugabilidad: mecánicas funcionales, aunque con cierta rigidez, repetición o dificultad irregular. Motivo global: Acción lateral muy violenta, con armas y una presentación ambiciosa. Es exigente y algo pesado en el control, pero tiene una atmósfera muy lograda para seguidores de las licencias.;RoboCop Versus The Terminator es un juego de acción lateral basado en el cruce entre ambas franquicias. RoboCop utiliza armas variadas para combatir soldados, máquinas y terminators en escenarios violentos y muy exigentes.
Gauntlet IV;1993-09-16;3.8;n/a;Action - General;Gauntlet is a fantasy-themed hack and slash 1985 arcade game by Atari Games. It is noted as being one of the first multi-player dungeon crawl arcade games. The core design of Gauntlet comes from Dandy, a 1983 Atari 8-bit family title, which resulted in a lawsuit. The arcade version of Gauntlet was released in November 1985 and was initially available only as a dedicated 4-player cabinet. A total of 7,848 units were distributed. Atari later released a 2-player cabinet variant in June 1986, aimed at operators who could not afford or did not have sufficient space for the 4-player version;https://images.launchbox-app.com/08f2fc79-3ef6-4dcc-94a5-862d1d7482ba.jpg;8;7;8;8;"Versión doméstica extensa, con aventura, mapas amplios y cooperativo. A dos jugadores gana mucho; en solitario puede resultar lenta y repetitiva.";Gauntlet IV;"Gráficos: buen uso de los recursos gráficos de Mega Drive. Música: música funcional, con algunos temas reconocibles. Jugabilidad: jugabilidad sólida y accesible, con buen equilibrio general. Motivo global: Versión doméstica extensa, con aventura, mapas amplios y cooperativo. A dos jugadores gana mucho; en solitario puede resultar lenta y repetitiva.";Gauntlet IV es una aventura de mazmorras basada en el clásico arcade. Incluye campaña extensa, mapas, personajes con habilidades diferenciadas y cooperativo para varios jugadores, con exploración y acción de fantasía.
X-Men 2: Clone Wars;1995;3.79;n/a;Action - Platformer - 2D;X-Men 2: Clone Wars is a 1995 platform game developed by Headgames and released by Sega of America for the Mega Drive/Genesis as a sequel to the 1993's X-Men. The game is based on the adventures of the Marvel Comics superhero team, the X-Men. X-Men 2 was praised by critics and won retrospective acclaim as one of the best games on the platform. A sequel, titled X-Women, was cancelled.;https://images.launchbox-app.com/67a27e3b-f105-4fd1-89cb-78a2197a4405.jpg;8;8;8;8;Acción de mutantes con personajes diferenciados, grandes sprites y cooperativo. Su dificultad y ciertos problemas de visibilidad dividen opiniones, pero es muy apreciado por muchos seguidores.;X-Men 2: Clone Wars;Gráficos: buen uso de los recursos gráficos de Mega Drive. Música: banda sonora sólida y bien integrada. Jugabilidad: jugabilidad sólida y accesible, con buen equilibrio general. Motivo global: Acción de mutantes con personajes diferenciados, grandes sprites y cooperativo. Su dificultad y ciertos problemas de visibilidad dividen opiniones, pero es muy apreciado por muchos seguidores.;X-Men 2: Clone Wars es un juego de acción y plataformas protagonizado por varios miembros de los X-Men. Cada mutante posee poderes propios y el juego propone fases de ritmo rápido, escenarios amplios y cooperativo.
Disney's Aladdin;1993-11-11;3.79;n/a;Action - Platformer - 2D;Disney's Aladdin is a platform game based on the 1992 film of the same name developed by Virgin Games and Disney Software. The game was released by Sega for the Sega Genesis on November 11, 1993 as one of several games based on the film, including another game that was released in the same month by Capcom for the Super NES. The game is one of the best-selling Genesis games with four million copies sold. It also received a number of adapted ports for other platforms, such as the NES, Game Boy, Amiga, and DOS computers;https://images.launchbox-app.com/61c40353-fece-4d6e-a2fa-532d5549794e.jpg;10;8;8;9;Título notable, con buenas ideas y una realización muy competente para Mega Drive.;Disney's Aladdin;Gráficos: apartado visual sobresaliente para la plataforma. Música: banda sonora sólida y bien integrada. Jugabilidad: jugabilidad sólida y accesible, con buen equilibrio general. Motivo global: Título notable, con buenas ideas y una realización muy competente para Mega Drive.;Disney's Aladdin es un plataformas basado en la película animada de Disney. Aladdín salta, lucha con espada y lanza manzanas a través de escenarios inspirados en Agrabah, con animación dibujada a mano y gran colorido.
Mutant League Hockey;1994;3.78;n/a;Sports - Team - Ice Hockey - Arcade;Mutant League Hockey is a hockey game that was released in 1994 for the Sega Genesis. This video game is a spin-off of Mutant League Football and features several of the same team names and players as well as new ones;https://images.launchbox-app.com/5d6fb247-0ecb-4bee-87c4-5743f7a31e26.jpg;8;7;8;8;Hockey arcade de culto con monstruos, trampas y reglas disparatadas. La respuesta es ágil y el multijugador es excelente, aunque no busca profundidad de simulación.;Mutant League Hockey;Gráficos: buen uso de los recursos gráficos de Mega Drive. Música: música funcional, con algunos temas reconocibles. Jugabilidad: jugabilidad sólida y accesible, con buen equilibrio general. Motivo global: Hockey arcade de culto con monstruos, trampas y reglas disparatadas. La respuesta es ágil y el multijugador es excelente, aunque no busca profundidad de simulación.;Mutant League Hockey es un juego de hockey arcade ambientado en una liga de monstruos. Introduce golpes, trampas, reglas exageradas y equipos formados por mutantes, esqueletos y otras criaturas.
Chiki Chiki Boys;1993;3.78;n/a;Action - Platformer - 2D;Mega Twins, also known as Chiki Chiki Boys (チキチキボーイズ Chiki Chiki Bōizu) in Japan, is a side-scrolling action game released for the arcades by Capcom in 1990. It was the tenth game released for the CP System hardware.;https://images.launchbox-app.com/2f5ca555-db30-47b1-881b-71b057b2f1a2.jpg;7;7;7;7;Título correcto y entretenido, con virtudes claras aunque también algunas limitaciones de diseño o presentación.;Chiki Chiki Boys;Gráficos: presentación competente, aunque con limitaciones visibles. Música: música funcional, con algunos temas reconocibles. Jugabilidad: mecánicas funcionales, aunque con cierta rigidez, repetición o dificultad irregular. Motivo global: Título correcto y entretenido, con virtudes claras aunque también algunas limitaciones de diseño o presentación.;Chiki Chiki Boys, conocido como Mega Twins en otras regiones, es un plataformas de acción de Capcom. Dos hermanos atraviesan mundos de fantasía, luchan con espadas y recogen mejoras en una conversión de recreativa.
Gley Lancer;2008-07-21;3.78;n/a;Action - Shooter - Shoot-'Em-Up - Horizontal;Gley Lancer is a 1992 scrolling shooter video game developed and published by Masaya for the Sega Mega Drive.;https://images.launchbox-app.com/3e287cc6-3ed0-4288-9656-6e119ba15868.jpg;8;8;8;8;Shooter horizontal de culto con estética anime, armas configurables y satélites en distintas formaciones. Fue exclusivo japonés en su lanzamiento original y ha ganado prestigio con los años.;Gley Lancer;Gráficos: buen uso de los recursos gráficos de Mega Drive. Música: banda sonora sólida y bien integrada. Jugabilidad: jugabilidad sólida y accesible, con buen equilibrio general. Motivo global: Shooter horizontal de culto con estética anime, armas configurables y satélites en distintas formaciones. Fue exclusivo japonés en su lanzamiento original y ha ganado prestigio con los años.;Gley Lancer es un shooter horizontal de Masaya con estética anime. La piloto Lucia debe abrirse paso entre flotas enemigas con armas y satélites configurables, eligiendo distintas formaciones de apoyo durante la acción.
Truxton;1989;3.87;n/a;Action - Shooter - Shoot-'Em-Up - Vertical;"Truxton is a 1988 vertically scrolling, shoot 'em up arcade game developed by Toaplan, later ported to the Mega Drive (worldwide; Sega: North America) and the PC Engine (Japan-only). Like many other scrolling shooters, the game is set in outer space, where the player takes control of a small spaceship across several planets. The game is played with an eight-way joystick and two buttons (a shot and a bomb button) through five large levels and their bosses (which then loop forever, at higher difficulties)";https://images.launchbox-app.com/7fe3bba1-c0fd-4306-b83a-d8355fdb028f.jpg;7;7;8;7;Shooter vertical directo y exigente, con control preciso y acción rápida. No es muy innovador, pero resulta sólido para quien busque desafío clásico.;Truxton;Gráficos: presentación competente, aunque con limitaciones visibles. Música: música funcional, con algunos temas reconocibles. Jugabilidad: jugabilidad sólida y accesible, con buen equilibrio general. Motivo global: Shooter vertical directo y exigente, con control preciso y acción rápida. No es muy innovador, pero resulta sólido para quien busque desafío clásico.;Truxton es un shooter vertical de Toaplan de ritmo rápido y dificultad elevada. El jugador pilota una nave, recoge mejoras de disparo y bombas, y combate oleadas de enemigos y grandes jefes a lo largo de cinco fases.
NBA Jam;1994-03-04;3.78;n/a;Sports - Team - Basketball - Arcade;"NBA Jam (sometimes ""Jam"" for short) is a long-running basketball video game series based on the National Basketball Association (NBA). Initially developed as arcade games by Midway, the game found popularity with its photorealistic digitized graphics, over-the-top presentation and exaggerated style of two-on-two basketball play. The successor to Midway's Arch Rivals, the original 1993 NBA Jam allowed players to jump many times above their own height, make slam dunks that defy human capabilities, and freely shove or elbow opponents out of the way. It also featured a variety of secret characters, as well as the ability to track player records and statistics between play sessions.";https://images.launchbox-app.com/e897c837-8567-454e-bd19-5a11c22a0ee1.jpg;8;8;9;8;Baloncesto arcade inmediato, exagerado y especialmente divertido a dos jugadores. Conserva muy bien la energía de la recreativa, aunque tiene menos contenido que Tournament Edition.;NBA Jam;Gráficos: buen uso de los recursos gráficos de Mega Drive. Música: banda sonora sólida y bien integrada. Jugabilidad: control preciso, respuesta inmediata y diseño muy bien ajustado. Motivo global: Baloncesto arcade inmediato, exagerado y especialmente divertido a dos jugadores. Conserva muy bien la energía de la recreativa, aunque tiene menos contenido que Tournament Edition.;NBA Jam es un juego de baloncesto arcade de dos contra dos. Apuesta por mates imposibles, bloqueos exagerados, ritmo muy rápido y partidas locales competitivas con equipos y jugadores de la NBA.
Virtua Racing;1994-03-14;3.78;n/a; Racing - Arcade - Automobile;"Virtua Racing or V.R. for short, is a Formula One racing arcade game, developed by Sega AM2 and released in 1992. Virtua Racing was initially a proof-of-concept application for exercising a new 3D-graphics platform under development, the ""Model 1"". The results were so encouraging, that Virtua Racing was fully developed into a standalone arcade title. Though its use of 3D polygonal graphics was predated by arcade rivals Namco (Winning Run in 1988) and Atari (Hard Drivin' in 1989), Virtua Racing had vastly improved visuals in terms of polygon count, frame rate, and overall scene complexity, and displayed multiple camera angles and 3D human non-player characters, which all contributed to a greater sense of immersion. Virtua Racing is regarded as one of the most influential video games of all time, for laying the foundations for subsequent 3D racing games and for popularizing 3D polygonal graphics among a wider audience";https://images.launchbox-app.com/e9aae265-45fe-4c3a-b0ac-c7d5cd97b277.jpg;10;7;8;8;Demostración técnica excepcional gracias al chip SVP: coches y circuitos poligonales, cámaras variadas y buena sensación de velocidad. Tiene pocos circuitos y una fluidez irregular.;Virtua Racing;Gráficos: apartado visual sobresaliente para la plataforma. Música: música funcional, con algunos temas reconocibles. Jugabilidad: jugabilidad sólida y accesible, con buen equilibrio general. Motivo global: Demostración técnica excepcional gracias al chip SVP: coches y circuitos poligonales, cámaras variadas y buena sensación de velocidad. Tiene pocos circuitos y una fluidez irregular.;Virtua Racing es un juego de carreras poligonal de Sega con el chip SVP en su cartucho de Mega Drive. Ofrece varias cámaras, distintos coches y una sensación de velocidad muy llamativa para la consola.
Mutant League Football;1993-09-10;3.77;n/a;Sports - Team - Football - Arcade;Mutant League Football is a video game that was released in 1993 for the Sega Genesis. It has long been believed that the game was designed using the Madden '93 engine, but was actually made from scratch, and features a different take on football, where the games resemble a war as much as a sporting competition;https://images.launchbox-app.com/e6723448-4318-4564-bf54-b6ce6c591224.jpg;8;7;8;8;Fútbol americano arcade de culto con golpes, trampas, mutantes y humor. Muy divertido en multijugador, aunque menos profundo que una simulación deportiva tradicional.;Mutant League Football;Gráficos: buen uso de los recursos gráficos de Mega Drive. Música: música funcional, con algunos temas reconocibles. Jugabilidad: jugabilidad sólida y accesible, con buen equilibrio general. Motivo global: Fútbol americano arcade de culto con golpes, trampas, mutantes y humor. Muy divertido en multijugador, aunque menos profundo que una simulación deportiva tradicional.;Mutant League Football es un juego de fútbol americano arcade con monstruos, robots y mutantes. Las reglas admiten trampas, violencia y destrucción, en partidos rápidos y especialmente divertidos en multijugador.
Disney's The Jungle Book;1994;3.77;n/a;Action - Platformer - 2D;The Jungle Book is a series of platform video games based on the 1967 Disney animated film of the same name. The game was released by Virgin Interactive Entertainment in 1994 for the Game Boy, NES, Master System, Sega Genesis/Mega Drive, Sega Game Gear, Super NES, and PC, and a remake for the Game Boy Advance was released in 2003 to celebrate the film's sequel, The Jungle Book 2. While gameplay is the same on all versions, technological differences between the systems forced changes – in some case drastic – in level design, resulting in six fairly different versions of the 'same' game. This article is largely based upon the Genesis version.;https://images.launchbox-app.com/e14eac1b-5edb-4aa3-80c9-9a91be364899.jpg;7;7;7;7;Título correcto y entretenido, con virtudes claras aunque también algunas limitaciones de diseño o presentación.;Disney's The Jungle Book;Gráficos: presentación competente, aunque con limitaciones visibles. Música: música funcional, con algunos temas reconocibles. Jugabilidad: mecánicas funcionales, aunque con cierta rigidez, repetición o dificultad irregular. Motivo global: Título correcto y entretenido, con virtudes claras aunque también algunas limitaciones de diseño o presentación.;Disney's The Jungle Book es un plataformas basado en la película animada de Disney. Mowgli recorre la jungla, usa frutas como proyectiles y evita animales y trampas en niveles inspirados en la historia original.
Phantasy Star II;1990-03-01;3.77;n/a;Role-Playing - Japanese-Style;Phantasy Star II is a role-playing video game developed and published by Sega for the Sega Genesis. It was released in Japan and North America in 1989, and in Europe in 1990. It was later ported to a variety of different platforms. An updated remake, Phantasy Star Generation 2, was released for the PlayStation 2 in 2005 in Japan.;https://images.launchbox-app.com/d104d47c-e907-44b3-ba9a-46d0c2082026.jpg;8;8;7;8;RPG histórico de ciencia ficción y exploración de planetas. Sus mazmorras laberínticas, combates frecuentes y necesidad de subir niveles lo vuelven más duro que Phantasy Star IV.;Phantasy Star II;Gráficos: buen uso de los recursos gráficos de Mega Drive. Música: banda sonora sólida y bien integrada. Jugabilidad: mecánicas funcionales, aunque con cierta rigidez, repetición o dificultad irregular. Motivo global: RPG histórico de ciencia ficción y exploración de planetas. Sus mazmorras laberínticas, combates frecuentes y necesidad de subir niveles lo vuelven más duro que Phantasy Star IV.;Phantasy Star II es un RPG de ciencia ficción de Sega ambientado en el sistema Algol. Combina exploración de planetas, combates por turnos, una historia oscura y mazmorras laberínticas de gran dificultad.
Gaiares;1990;3.77;n/a;Action - Shooter - Shoot-'Em-Up - Horizontal;"Gaiares (ガイアレス Gaiaresu) is a scrolling shooter developed by Telenet Japan and published by Renovation for the Sega Genesis in Japan and North America in 1990. It was one of the first 8Mb cartridge games on the Genesis. Its title combined Gaia (mother Earth) and a shortened form/abbreviation of the word ""rescue"" (Res), which is the main objective of the battle taking place within the storyline.";https://images.launchbox-app.com/517ef397-bf2d-4db4-ad8c-7bf5389198e6.jpg;8;8;8;8;Shooter muy apreciado por el sistema TOZ, que permite capturar armas enemigas. Es difícil y exige memorizar rutas, pero recompensa dominar sus mecánicas.;Gaiares;Gráficos: buen uso de los recursos gráficos de Mega Drive. Música: banda sonora sólida y bien integrada. Jugabilidad: jugabilidad sólida y accesible, con buen equilibrio general. Motivo global: Shooter muy apreciado por el sistema TOZ, que permite capturar armas enemigas. Es difícil y exige memorizar rutas, pero recompensa dominar sus mecánicas.;Gaiares es un shooter horizontal conocido por el sistema TOZ, que permite capturar armas enemigas y convertirlas en mejoras. Su acción intensa, estética de ciencia ficción y dificultad elevada lo han convertido en un título de culto.
Earthworm Jim;1994-06-09;3.76;n/a;Action - Platformer - 2D;Earthworm Jim is a run and gun platform game developed by Shiny Entertainment and published by Playmates Interactive for the Sega Genesis. The game follows Jim, a normal earthworm who stumbles upon a high-tech robotic suit called the Ultra-high-tech-indestructible-super-space-cyber-suit that grants him superhuman abilities. Jim must rescue Princess What's-Her-Name from the evil Queen Pulsating, Bloated, Festering, Sweaty, Pus-filled, Malformed, Slug-for-a-Butt while battling bizarre enemies like Psy-Crow, Evil the Cat, and Bob the Killer Goldfish. The game is renowned for its surrealist humor, innovative gameplay mixing platforming with shooting mechanics, hand-drawn animation, and edgy art style. Players swing on hooks, bungee jump, and use Jim's head-whip attack through inventive levels.;https://images.launchbox-app.com//926c5d8e-ccd8-45ed-8ad6-b25a6ba03863.jpg;9;8;8;8;Plataformas de acción muy carismático por su humor, animación y situaciones creativas. Algunas fases se apoyan demasiado en ensayo y error, pero su presentación es sobresaliente.;Earthworm Jim;Gráficos: apartado visual sobresaliente para la plataforma. Música: banda sonora sólida y bien integrada. Jugabilidad: jugabilidad sólida y accesible, con buen equilibrio general. Motivo global: Plataformas de acción muy carismático por su humor, animación y situaciones creativas. Algunas fases se apoyan demasiado en ensayo y error, pero su presentación es sobresaliente.;Earthworm Jim es un plataformas de acción protagonizado por una lombriz con un traje espacial. Combina disparos, golpes con la cabeza, humor surrealista, animación dibujada a mano y niveles de ideas muy extravagantes.
Skitchin;1993;3.76;n/a; Sports - Individual - Skate / Skateboard;Skitchin' is a video game for the Sega Genesis, developed by EA Canada and published by Electronic Arts in 1994. The game puts the player in control of an inline skater who has to ride his inline skates while holding onto cars, bikes, and trucks (an act called skitching). Players have this character defending and attacking computer-controlled opponents while racing to the finish. Winning races earns the player's character money. The game has a similar design structure to other video games such as Road Rash. Following its release, it received generally negative reception;https://images.launchbox-app.com/e41d2118-d732-44be-a7e3-af64fd3064a4.jpg;6;6;6;6;Mezcla original de patines, carreras y combate, pero la cámara, el control y el equilibrio de dificultad son irregulares. Curiosidad cercana a Road Rash, lejos de sus referentes.;Skitchin;Gráficos: presentación competente, aunque con limitaciones visibles. Música: música funcional, con algunos temas reconocibles. Jugabilidad: mecánicas funcionales, aunque con cierta rigidez, repetición o dificultad irregular. Motivo global: Mezcla original de patines, carreras y combate, pero la cámara, el control y el equilibrio de dificultad son irregulares. Curiosidad cercana a Road Rash, lejos de sus referentes.;Skitchin mezcla carreras sobre patines, combate y agarres a vehículos en carretera. Inspirado por Road Rash, propone adelantamientos agresivos y mejoras, aunque su control y cámara resultan menos precisos que los de su referente.
Haunting Starring Polterguy;1993;3.76;n/a;Action - General;Haunting Starring Polterguy is a 1993 comedy-horror video game released for the Sega Mega Drive/Genesis by Electronic Arts. Taking control of a ghost named 'Polterguy', the player must bring various household items to life in order to frighten a family away from their home. The game is notable for an extensive array of short animation sequences. A port for the PlayStation Portable was released in 2006;https://images.launchbox-app.com/1197a45e-cc27-469c-ab44-bbbecf770fd0.jpg;7;7;7;7;Propuesta original donde se controla a un fantasma que asusta a una familia poseyendo objetos. Tiene humor y buenas animaciones, aunque las mecánicas se repiten.;Haunting Starring Polterguy;Gráficos: presentación competente, aunque con limitaciones visibles. Música: música funcional, con algunos temas reconocibles. Jugabilidad: mecánicas funcionales, aunque con cierta rigidez, repetición o dificultad irregular. Motivo global: Propuesta original donde se controla a un fantasma que asusta a una familia poseyendo objetos. Tiene humor y buenas animaciones, aunque las mecánicas se repiten.;Haunting Starring Polterguy es un juego de comedia y terror en el que se controla a un fantasma. El objetivo es poseer objetos domésticos y asustar a una familia hasta expulsarla de cada casa.
NFL Football '94 Starring Joe Montana;1993;3.75;n/a;Sports - Team - Football - Sim;NFL Football '94 Starring Joe Montana, released as simply NFL Football '94 in Japan is a 1993 Sega Mega Drive/Genesis game which has a realistic running commentary that runs while the player engages himself in exhibition, regular season, or playoff action. It is fifth in the Joe Montana Football series and the fourth to be developed by BlueSky Software.;https://images.launchbox-app.com/ebc5592a-d9fe-4b01-809d-23f65f8c22fd.jpg;7;6;7;7;Título irregular, con ideas interesantes pero limitaciones visibles en control, ritmo o realización.;NFL Football '94 Starring Joe Montana;Gráficos: presentación competente, aunque con limitaciones visibles. Música: música funcional, con algunos temas reconocibles. Jugabilidad: mecánicas funcionales, aunque con cierta rigidez, repetición o dificultad irregular. Motivo global: Título irregular, con ideas interesantes pero limitaciones visibles en control, ritmo o realización.;NFL Football '94 Starring Joe Montana es un juego de fútbol americano de Sega con narración durante los partidos. Incluye exhibiciones, temporada y eliminatorias, y forma parte de la serie protagonizada por Joe Montana.
Fatal Fury 2;1994;3.75;n/a;Action - Fighting - 2D;Fatal Fury 2 is a 1992 fighting video game released by SNK for the Neo Geo arcade and home platforms, and later ported to several other home systems. It is a sequel to Fatal Fury: King of Fighters and the second game in the Fatal Fury franchise. Its updated version, Fatal Fury Special, was released in 1993.;https://images.launchbox-app.com/56088517-4818-4b93-b9fe-03a8827afb48.jpg;7;7;7;7;Conversión ambiciosa de Neo Geo que conserva personajes y dos planos de combate, pero pierde animación, sonido y fluidez. Competente, sin igualar a Super Street Fighter II.;Fatal Fury 2;Gráficos: presentación competente, aunque con limitaciones visibles. Música: música funcional, con algunos temas reconocibles. Jugabilidad: mecánicas funcionales, aunque con cierta rigidez, repetición o dificultad irregular. Motivo global: Conversión ambiciosa de Neo Geo que conserva personajes y dos planos de combate, pero pierde animación, sonido y fluidez. Competente, sin igualar a Super Street Fighter II.;Fatal Fury 2 es una conversión de Mega Drive del juego de lucha de SNK. Mantiene los combates uno contra uno y la posibilidad de alternar entre dos planos, aunque con recortes respecto a la versión de Neo Geo.
Golden Axe III;2007-10-22;3.75;n/a;Action - Beat-'Em-Up - 2D;Golden Axe III (ゴールデンアックスIII Gooruden Akkusu Surī) is a side-scrolling beat 'em up video game developed and published by Sega, released for the Sega Mega Drive in Japan on June 25, 1993. A North American version was released only for the Sega Channel. The game was later re-released a number of times, as part of the Sega Genesis Collection for PlayStation 2 and PlayStation Portable, Sonic's Ultimate Genesis Collection for Xbox 360 and PlayStation 3, and digitally on the Wii Virtual Console.;https://images.launchbox-app.com/40d90239-c0b6-43f8-8203-d9ebd6269cd5.jpg;7;7;8;7;Entrega con más rutas, personajes y movimientos que sus predecesores. La presentación divide opiniones, pero es el Golden Axe doméstico con mayor profundidad de combate.;Golden Axe III;Gráficos: presentación competente, aunque con limitaciones visibles. Música: música funcional, con algunos temas reconocibles. Jugabilidad: jugabilidad sólida y accesible, con buen equilibrio general. Motivo global: Entrega con más rutas, personajes y movimientos que sus predecesores. La presentación divide opiniones, pero es el Golden Axe doméstico con mayor profundidad de combate.;Golden Axe III es un beat em up de fantasía con rutas alternativas, personajes nuevos y más movimientos que las entregas anteriores. Fue publicado en Japón para Mega Drive y más tarde llegó a otros territorios mediante servicios y recopilatorios.
Tiny Toon Adventures: ACME All-Stars;1994;3.75;n/a; Sports - General;Tiny Toon Adventures: ACME All-Stars is a Tiny Toon Adventures-based sports video game released on the Sega Genesis video game console. The game was developed and published by Konami in 1994;https://images.launchbox-app.com/274a73e6-8bb7-434c-8a79-cbd5539a3468.jpg;7;6;7;7;Título irregular, con ideas interesantes pero limitaciones visibles en control, ritmo o realización.;Tiny Toon Adventures: ACME All-Stars;Gráficos: presentación competente, aunque con limitaciones visibles. Música: música funcional, con algunos temas reconocibles. Jugabilidad: mecánicas funcionales, aunque con cierta rigidez, repetición o dificultad irregular. Motivo global: Título irregular, con ideas interesantes pero limitaciones visibles en control, ritmo o realización.;Tiny Toon Adventures: ACME All-Stars es un juego deportivo protagonizado por los personajes de Tiny Toon Adventures. Reúne pruebas de baloncesto, fútbol, bolos y otros minijuegos de estilo arcade.
El Viento;1991;3.75;n/a;Action - Platformer - 2D;"El Viento (エル・ヴィエント Eru Viento, from Spanish meaning ""The Wind"") is a platform game developed and published by Wolf Team for the Sega Genesis game console in 1991. It is the second in a trilogy of games, which includes Earnest Evans and Anett Futatabi";https://images.launchbox-app.com/931803be-e9a4-478e-bdc5-a7592ffebf17.jpg;7;7;6;7;Plataformas de acción con estética anime y poderes elementales. Sus colisiones, control rígido y dificultad irregular impiden que alcance a los mejores del género.;El Viento;Gráficos: presentación competente, aunque con limitaciones visibles. Música: música funcional, con algunos temas reconocibles. Jugabilidad: mecánicas funcionales, aunque con cierta rigidez, repetición o dificultad irregular. Motivo global: Plataformas de acción con estética anime y poderes elementales. Sus colisiones, control rígido y dificultad irregular impiden que alcance a los mejores del género.;El Viento es un plataformas de acción con estética anime protagonizado por Annet Myer. La heroína usa poderes elementales y un látigo contra enemigos sobrenaturales en una aventura de ambientación fantástica.
Sunset Riders;1992;3.74;n/a;Action - Shooter - Shoot-'Em-Up - Horizontal;unset Riders is a side-scrolling run and gun video game developed and released by Konami as a coin-operated video game on the JAMMA arcade platform in 1991. The game is set in the American Old West, where the player takes control of a bounty hunter who is seeking the rewards offered for various criminals. The coin-op version was released in two variants: a two-player version and a four-player version. Home console versions of Sunset Riders were released for the Sega Mega Drive (Genesis) in 1992 and for the Super Nintendo Entertainment System (Super Famicom) in 1993, to a positive reception;https://images.launchbox-app.com/0c9d5877-de43-45ca-92ed-1757280a5d5f.jpg;8;8;8;8;Conversión de Konami muy querida por acción directa, cooperativo y jefes memorables. Es corta y tiene recortes respecto a la recreativa, pero mantiene un gran ritmo.;Sunset Riders;Gráficos: buen uso de los recursos gráficos de Mega Drive. Música: banda sonora sólida y bien integrada. Jugabilidad: jugabilidad sólida y accesible, con buen equilibrio general. Motivo global: Conversión de Konami muy querida por acción directa, cooperativo y jefes memorables. Es corta y tiene recortes respecto a la recreativa, pero mantiene un gran ritmo.;Sunset Riders es un run and gun de Konami ambientado en el Oeste. Los cazarrecompensas atraviesan pueblos, trenes y saloons, disparan a numerosos enemigos y derrotan a jefes caricaturescos, con cooperativo para dos jugadores.
Earthworm Jim 2;1996-01-01;3.74;n/a;Action - Platformer - 2D;Earthworm Jim 2 is a run and gun platform video game starring an earthworm named Jim in a robotic suit who battles evil. It is a sequel to the original Earthworm Jim, and the second and final game in the Earthworm Jim series developed by original creators Doug TenNapel, David Perry, and Shiny Entertainment. It was released in late 1995 and early 1996 depending on region and video game console, initially being released for the Sega Genesis and Super Nintendo, before being ported to other consoles.;https://images.launchbox-app.com/fc46e0d0-b369-49fe-8191-dbea0277da53.jpg;9;9;7;8;Secuela espectacular en animación, música y humor. Alterna fases de plataformas excelentes con secciones especiales que pueden resultar frustrantes, por lo que es menos consistente que el original.;Earthworm Jim 2;Gráficos: apartado visual sobresaliente para la plataforma. Música: composición y aprovechamiento sonoro especialmente destacados. Jugabilidad: mecánicas funcionales, aunque con cierta rigidez, repetición o dificultad irregular. Motivo global: Secuela espectacular en animación, música y humor. Alterna fases de plataformas excelentes con secciones especiales que pueden resultar frustrantes, por lo que es menos consistente que el original.;Earthworm Jim 2 amplía el humor, la animación y las situaciones absurdas del original. Combina plataformas, disparos y fases especiales muy variadas, aunque algunas pruebas requieren bastante ensayo y error.
Super Fantasy Zone;2008-07-21;3.74;n/a;Action - Shooter - Shoot-'Em-Up - Horizontal;Super Fantasy Zone (スーパーファンタジーゾーン Sūpā Fantajī Zōn) was the last addition to the Fantasy Zone series of video games and was released for the Sega Mega Drive. It was originally released in Europe and Japan but, for unknown reasons, not in the United States. However, North America would eventually receive the game in the form of a Virtual Console release on July 21, 2008;https://images.launchbox-app.com/e3851b74-c129-4047-bff9-aca215e34330.jpg;8;8;8;8;Shooter colorido y accesible que combina acción y compra de mejoras. Su fórmula es muy sólida, aunque puede resultar repetitiva para quien prefiera shooters más agresivos.;Super Fantasy Zone;Gráficos: buen uso de los recursos gráficos de Mega Drive. Música: banda sonora sólida y bien integrada. Jugabilidad: jugabilidad sólida y accesible, con buen equilibrio general. Motivo global: Shooter colorido y accesible que combina acción y compra de mejoras. Su fórmula es muy sólida, aunque puede resultar repetitiva para quien prefiera shooters más agresivos.;Super Fantasy Zone es un shooter horizontal colorido en el que Opa-Opa compra mejoras entre fases. Mantiene la mezcla de acción, gestión de dinero y libertad de rutas característica de la serie Fantasy Zone.
Samurai Shodown;1994;3.73;n/a;Action - Fighting - 2D;"Samurai Shodown (Samurai Spirits in Japan) is a fighting game series by SNK. In Japan, the name of the series is officially in katakana, but is often written in kanji (侍魂, samurai tamashii), with the second character pronounced supirittsu, ""spirits"", to better reflect the game's setting";https://images.launchbox-app.com/94a7de7c-715a-4591-9887-e58c9695de7f.jpg;8;7;8;8;Conversión ambiciosa y táctica: cada golpe, arma y distancia cuentan. Pierde animación y fluidez respecto a Neo Geo, pero mantiene buena parte de su personalidad.;Samurai Shodown;Gráficos: buen uso de los recursos gráficos de Mega Drive. Música: música funcional, con algunos temas reconocibles. Jugabilidad: jugabilidad sólida y accesible, con buen equilibrio general. Motivo global: Conversión ambiciosa y táctica: cada golpe, arma y distancia cuentan. Pierde animación y fluidez respecto a Neo Geo, pero mantiene buena parte de su personalidad.;Samurai Shodown es un juego de lucha de SNK centrado en combates con armas. Cada golpe puede ser decisivo, por lo que prima la distancia, la defensa y la lectura del rival sobre las cadenas largas de ataques.
Strider;1990-09-01;3.72;n/a;Action - Platformer - 2D;Strider, released in Japan as Strider Hiryū (ストライダー飛竜 Sutoraidā Hiryū), is a 1989 side-scrolling platform game developed and released for the CP System arcade hardware by Capcom. Strider is a hack and slash platformer set in a dystopian future in the year 2048 and features a wide range of settings that dramatically affect gameplay.;https://images.launchbox-app.com/6f687a47-27ff-4529-9fa7-f73dd9115940.jpg;9;9;9;9;Conversión destacada del arcade, con movimiento ágil, escenarios variados y música de enorme personalidad. Conserva la velocidad y sensación de poder del protagonista.;Strider;Gráficos: apartado visual sobresaliente para la plataforma. Música: composición y aprovechamiento sonoro especialmente destacados. Jugabilidad: control preciso, respuesta inmediata y diseño muy bien ajustado. Motivo global: Conversión destacada del arcade, con movimiento ágil, escenarios variados y música de enorme personalidad. Conserva la velocidad y sensación de poder del protagonista.;Strider es un plataformas de acción de Capcom protagonizado por Hiryu, un agente ninja del futuro. Sus movimientos rápidos, la espada Cypher y los escenarios variados mantienen una acción constante y muy estilizada.
Bio-Hazard Battle;1992;3.72;n/a; Action - Shooter - Shoot-'Em-Up - Horizontal;Bio-Hazard Battle, released in Japan as Crying: Aseimei Sensou (クライング 亜生命戦争), is a 1992 side-scrolling shoot 'em up released for the Sega Mega Drive/Genesis and for the Sega Mega Play arcade platform. On February 26, 2007, it was also made available on the Wii's Virtual Console. As of October 26, 2010, the game is available on Steam as well;https://images.launchbox-app.com/9376ba35-cfa9-4f35-ac68-e277d6b3b501.jpg;8;8;8;8;Shooter horizontal de ambientación biológica, con cooperativo y un desafío equilibrado. Su ritmo es pausado, pero su identidad visual es muy marcada.;Bio-Hazard Battle;Gráficos: buen uso de los recursos gráficos de Mega Drive. Música: banda sonora sólida y bien integrada. Jugabilidad: jugabilidad sólida y accesible, con buen equilibrio general. Motivo global: Shooter horizontal de ambientación biológica, con cooperativo y un desafío equilibrado. Su ritmo es pausado, pero su identidad visual es muy marcada.;Bio-Hazard Battle es un shooter horizontal de Sega con estética biológica y monstruosa. Permite jugar a dos personas, utilizar disparos mejorables y afrontar fases de ritmo pausado llenas de criaturas mutantes.
Golden Axe II;1991-12-26;3.72;n/a;Action - Beat-'Em-Up - 2D;Golden Axe II (ゴールデンアックス II Gooruden Akkusu Tsū) is a side-scrolling beat 'em up video game developed and published by Sega, first released on the Sega Genesis in December 1991. It is the home console sequel to the popular game Golden Axe, marking the second game in the series, though the arcade did see a sequel of its own in 1992, titled Golden Axe: The Revenge of Death Adder. Golden Axe II was only released on the Mega Drive, while the original was released on many other platforms. The game later appeared in Sonic's Ultimate Genesis Collection for Xbox 360 and PlayStation 3, and as an iOS port on iTunes;https://images.launchbox-app.com/6dbb523c-9587-4ae2-b751-0b228dec96a5.jpg;7;7;7;7;Secuela continuista que conserva cooperativo, monturas y combate directo. Añade poco y tiene menos impacto que el original, pero funciona bien para jugar acompañado.;Golden Axe II;Gráficos: presentación competente, aunque con limitaciones visibles. Música: música funcional, con algunos temas reconocibles. Jugabilidad: mecánicas funcionales, aunque con cierta rigidez, repetición o dificultad irregular. Motivo global: Secuela continuista que conserva cooperativo, monturas y combate directo. Añade poco y tiene menos impacto que el original, pero funciona bien para jugar acompañado.;Golden Axe II es la secuela doméstica de Golden Axe. Mantiene la acción cooperativa, las monturas, la magia y los guerreros de fantasía, con nuevos niveles y movimientos, aunque una estructura muy continuista.
Alisia Dragoon;1992-04-23;3.72;n/a;Action - Platformer - 2D;Alisia Dragoon is a 1992 platform game developed by Game Arts for the Sega Genesis. The player controls Alisia, a young woman who is on a quest to avenge her father and save the world. She can fire lightning from her hands and summon four faithful beasts to aid her. The game was released outside Japan by Sega, who packaged the heroine as a rugged gladiator instead of the dainty-looking sorceress she originally was. Due to the lack of publicity for the game internationally, Alisia Dragoon did not make a big impact on the video game market, despite the critical acclaim it received.;https://images.launchbox-app.com/a9f2207a-659d-42e6-9cf6-580db7e471f5.jpg;9;8;8;8;Plataformas de acción de culto por el rayo continuo, los compañeros invocables y su ambientación fantástica. Es exigente, pero tiene control preciso y mucha personalidad.;Alisia Dragoon;Gráficos: apartado visual sobresaliente para la plataforma. Música: banda sonora sólida y bien integrada. Jugabilidad: jugabilidad sólida y accesible, con buen equilibrio general. Motivo global: Plataformas de acción de culto por el rayo continuo, los compañeros invocables y su ambientación fantástica. Es exigente, pero tiene control preciso y mucha personalidad.;Alisia Dragoon es un plataformas de acción de Game Arts protagonizado por una joven capaz de lanzar rayos. Cuenta con criaturas invocables que ayudan en combate y una ambientación fantástica de gran personalidad.
Rock 'N Roll Racing;1994;3.71;n/a;Racing - Arcade - Automobile;Rock n' Roll Racing is a vehicular combat-based racing video game developed by Silicon & Synapse (now known as Blizzard Entertainment) and published by Interplay Productions for the Mega Drive/Genesis and the Super Nintendo Entertainment System in 1993. The game prominently features a number of popular heavy metal and rock songs in its soundtrack, hence the game's title. The game was ported to the Game Boy Advance in 2003.Rock n' Roll Racing was initially developed as RPMII, a sequel to the company's SNES game RPM Racing. At the end of the project, Interplay marketing added licensed music and changed the name to Rock n' Roll Racing. It is also similar in gameplay to Racing Destruction Set where it got its logic/AI engine and the NES game R.C. Pro-Am developed by Rare in 1988.;https://images.launchbox-app.com/b56649f1-7270-4bce-8f65-3659e4f3e743.jpg;8;9;9;9;Carreras isométricas con combate, mejoras y versiones digitales de clásicos del rock. La perspectiva exige adaptación, pero el multijugador es intenso y muy divertido.;Rock 'N Roll Racing;Gráficos: buen uso de los recursos gráficos de Mega Drive. Música: composición y aprovechamiento sonoro especialmente destacados. Jugabilidad: control preciso, respuesta inmediata y diseño muy bien ajustado. Motivo global: Carreras isométricas con combate, mejoras y versiones digitales de clásicos del rock. La perspectiva exige adaptación, pero el multijugador es intenso y muy divertido.;Rock 'N Roll Racing es un juego de carreras isométricas con combate vehicular. Permite mejorar coches, usar armas y competir en circuitos peligrosos, acompañado por versiones digitales de canciones clásicas de rock.
Ultimate Mortal Kombat 3;1996-10-11;3.7;n/a;Action - Fighting - 2D;Ultimate Mortal Kombat 3 (UMK3) is a fighting game in the Mortal Kombat series, developed and released by Midway to arcades in 1995. It is a standalone update of 1995's earlier Mortal Kombat 3 with an altered gameplay system, additional characters like the returning favorites Kitana and Scorpion who were missing from Mortal Kombat 3, and some new features.;https://images.launchbox-app.com/578f0bd8-c9a0-446d-a4a6-73c2de63d5c8.jpg;8;7;8;8;Conversión muy completa por plantilla, fatalities, modos y secretos. Pierde animación y sonido frente al arcade, pero ofrece gran cantidad de contenido.;Ultimate Mortal Kombat 3;Gráficos: buen uso de los recursos gráficos de Mega Drive. Música: música funcional, con algunos temas reconocibles. Jugabilidad: jugabilidad sólida y accesible, con buen equilibrio general. Motivo global: Conversión muy completa por plantilla, fatalities, modos y secretos. Pierde animación y sonido frente al arcade, pero ofrece gran cantidad de contenido.;Ultimate Mortal Kombat 3 es una versión ampliada de Mortal Kombat 3 con más luchadores, escenarios, fatalities y modos. Mantiene combates rápidos y violentos, con una gran cantidad de contenido para Mega Drive.
Micro Machines;1993-01-01;3.7;n/a;Racing - Arcade - Automobile;Micro Machines is a racing game developed by Codemasters and published for the Sega Genesis in 1993. Based on the Micro Machines toy line by Galoob, the game features miniature vehicles racing around household environments like pool tables, kitchen counters, bathtubs, and workshops. Players race tiny cars, boats, helicopters, and other vehicles through courses filled with everyday obstacles that become hazards at micro scale—spilled cereal, pencils, and soap bubbles. The game supports up to four players using the J-Cart technology built into the cartridge, allowing head-to-head racing without additional hardware. Its unique perspective and creative track design made it a standout racing title on the Genesis, spawning numerous sequels.;https://images.launchbox-app.com/40d405fb-49e4-4d24-a46f-e1b6e65497e8.jpg;7;7;7;7;Título correcto y entretenido, con virtudes claras aunque también algunas limitaciones de diseño o presentación.;Micro Machines;Gráficos: presentación competente, aunque con limitaciones visibles. Música: música funcional, con algunos temas reconocibles. Jugabilidad: mecánicas funcionales, aunque con cierta rigidez, repetición o dificultad irregular. Motivo global: Título correcto y entretenido, con virtudes claras aunque también algunas limitaciones de diseño o presentación.;Micro Machines es un juego de carreras con vehículos diminutos sobre mesas, bañeras, cocinas y otros escenarios domésticos. Su perspectiva cenital, pistas creativas y multijugador local lo convirtieron en una referencia del género.
Shadow Dancer;1990;3.7;n/a;Action - Platformer - 2D;Shadow Dancer (シャドー・ダンサー) is a side-scrolling action game produced by Sega originally released as an arcade game in 1989. It is the second and the final arcade game in the Shinobi series, following the original Shinobi itself. The player controls a ninja aided by an attack dog, who is fighting to save the city from a terrorist organization;https://images.launchbox-app.com/c174bed2-bf9c-49d6-82fa-85a1ddb4735d.jpg;7;7;7;7;Acción lateral clásica con el perro compañero como gran novedad. Tiene ambiente y control correcto, aunque es más rígido y menos variado que Shinobi III.;Shadow Dancer;Gráficos: presentación competente, aunque con limitaciones visibles. Música: música funcional, con algunos temas reconocibles. Jugabilidad: mecánicas funcionales, aunque con cierta rigidez, repetición o dificultad irregular. Motivo global: Acción lateral clásica con el perro compañero como gran novedad. Tiene ambiente y control correcto, aunque es más rígido y menos variado que Shinobi III.;Shadow Dancer es un juego de acción lateral de Sega en el que un ninja lucha contra terroristas con ayuda de un perro. Combina ataques, plataformas y rescates, con una estructura más clásica que la de Shinobi III.
Mercs;1991;3.7;n/a;Action - Shooter - Shoot-'Em-Up - Top-Down;Mercs, originally released as Senjō no Ōkami II (戦場の狼Ⅱ Wolf of the Battlefield II), is a 1990 top-down run and gun arcade game developed and published by Capcom for the arcades. It is a followup to the 1985 Commando. It was followed by Wolf of the Battlefield: Commando 3 in 2008, a downloadable game.;https://images.launchbox-app.com/c8c43270-12a3-4f6a-a553-6dbc1b45ebfe.jpg;7;7;7;7;Conversión competente del arcade, con armas variadas y un modo original que amplía el contenido. Pierde impacto visual, pero conserva el ritmo de la acción cenital.;Mercs;Gráficos: presentación competente, aunque con limitaciones visibles. Música: música funcional, con algunos temas reconocibles. Jugabilidad: mecánicas funcionales, aunque con cierta rigidez, repetición o dificultad irregular. Motivo global: Conversión competente del arcade, con armas variadas y un modo original que amplía el contenido. Pierde impacto visual, pero conserva el ritmo de la acción cenital.;Mercs es un run and gun cenital de Capcom, continuación de Commando. El jugador atraviesa zonas militares con armas recogibles, granadas y enemigos numerosos
Valis III;1991;3.7;n/a;Action - Platformer - 2D;Valis III (ヴァリスⅢ Varisu Surī) is a platform game developed by Telenet Japan and originally released for the PC Engine CD-ROM² in 1990 in Japan and the TurboGrafx-CD in 1992 in North America. It was also later ported to the Mega Drive/Genesis. Valis III is the third game in the Valis series and once again features the series' main protagonist Yuko as the lead character as she is also joined by her sister, Valna, and a young warrior named Cham who are new playable characters;https://images.launchbox-app.com/84b0cc11-c047-4eef-a88e-5e1cf112be61.jpg;7;7;7;7;Plataformas de acción con tres protagonistas y estética anime. La versión Mega Drive es menos vistosa y pulida que la de PC Engine CD, y su control resulta algo rígido.;Valis III;Gráficos: presentación competente, aunque con limitaciones visibles. Música: música funcional, con algunos temas reconocibles. Jugabilidad: mecánicas funcionales, aunque con cierta rigidez, repetición o dificultad irregular. Motivo global: Plataformas de acción con tres protagonistas y estética anime. La versión Mega Drive es menos vistosa y pulida que la de PC Engine CD, y su control resulta algo rígido.;Valis III es un plataformas de acción de Telenet protagonizado por Yuko, Valna y Cham. Permite alternar entre tres personajes con ataques distintos en una aventura de fantasía con estética anime.
NBA Live 95;1994;3.7;n/a;Sports - Team - Basketball - Sim;"NBA Live 95 is the sequel to NBA Showdown (video game), and the first ""NBA Live"" title in the NBA Live video games series from EA Sports. The cover featured an action shot from the 1994 NBA Finals. The game was published by EA Sports and released in October 1994. It introduced many elements that would become standard in the series, including the isometric on-court perspective, the ""T-meter"" for shooting free throws and the turbo button used to give players a temporary burst of speed. The game was re-released with NBA Live 06 as part of the EA Retro Series. Game Players gave the Super NES version of this video game its ""best sports game award"" in their Super NES division on the January 1995 issue of their magazine.";https://images.launchbox-app.com/47bcdc8e-e881-4b2a-8157-6cc97bedca12.jpg;8;7;7;7;Baloncesto con enfoque de simulación, vista isométrica, equipos oficiales y opciones tácticas. Resulta completo, aunque menos inmediato y ágil que NBA Jam.;NBA Live 95;Gráficos: buen uso de los recursos gráficos de Mega Drive. Música: música funcional, con algunos temas reconocibles. Jugabilidad: mecánicas funcionales, aunque con cierta rigidez, repetición o dificultad irregular. Motivo global: Baloncesto con enfoque de simulación, vista isométrica, equipos oficiales y opciones tácticas. Resulta completo, aunque menos inmediato y ágil que NBA Jam.;NBA Live 95 es un juego de baloncesto de EA Sports con enfoque de simulación. Introduce la vista isométrica, el medidor para tiros libres, botón de turbo y partidos con equipos de la NBA.
Steel Empire;1992-06-01;3.7;n/a;Action - Shooter - Shoot-'Em-Up - Horizontal;Steel Empire (originally released as Koutetsu Teikoku (鋼鉄帝国) in Japan, and otherwise known in various English materials as The Steel Empire or Empire of Steel) is a side-scrolling shoot 'em up video game released on the Sega Genesis / Mega Drive home consoles in 1992. The game was later ported to the Game Boy Advance in 2004 and to the Nintendo 3DS in 2014.;https://images.launchbox-app.com/d370054a-835a-4fbb-8fc5-bf24ed4f2f8e.jpg;8;8;7;8;Shooter horizontal steampunk muy atmosférico, con dirigibles y escenarios de inspiración victoriana. Su ritmo es calmado y exige memorizar patrones.;Steel Empire;Gráficos: buen uso de los recursos gráficos de Mega Drive. Música: banda sonora sólida y bien integrada. Jugabilidad: mecánicas funcionales, aunque con cierta rigidez, repetición o dificultad irregular. Motivo global: Shooter horizontal steampunk muy atmosférico, con dirigibles y escenarios de inspiración victoriana. Su ritmo es calmado y exige memorizar patrones.;Steel Empire es un shooter horizontal steampunk con dirigibles y aviones de inspiración victoriana. Destaca por su ambientación, sus grandes máquinas enemigas y la posibilidad de disparar en varias direcciones.
Star Control;1991;3.69;n/a;Strategy - General;Star Control: Famous Battles of the Ur-Quan Conflict, Volume IV or just simply Star Control is a science fiction video game developed by Toys for Bob and published by Accolade in 1990. It was originally released for Amiga and MS-DOS in 1990, followed by a Mega Drive/Genesis port in 1991. Simple ported versions were also released for the Commodore 64, Amstrad CPC and ZX Spectrum.;https://images.launchbox-app.com/r2_2eb75dc3-bfe4-473c-bebf-976e3242419e.jpg;7;6;7;7;Título irregular, con ideas interesantes pero limitaciones visibles en control, ritmo o realización.;Star Control;Gráficos: presentación competente, aunque con limitaciones visibles. Música: música funcional, con algunos temas reconocibles. Jugabilidad: mecánicas funcionales, aunque con cierta rigidez, repetición o dificultad irregular. Motivo global: Título irregular, con ideas interesantes pero limitaciones visibles en control, ritmo o realización.;Star Control combina estrategia y combate espacial uno contra uno. El jugador escoge naves de distintas razas, cada una con armas y movimientos propios, para librar enfrentamientos tácticos en el espacio.
Cannon Fodder;1994;3.69;n/a;Action - General;Cannon Fodder is an action shoot 'em up game developed by Sensible Software and published by Virgin Interactive Entertainment for the Amiga in 1993. Virgin ported the game to home computer systems MS-DOS, the Atari ST and the Archimedes, and the consoles Jaguar, Mega Drive, SNES and 3DO. The game is military-themed and based on shooting action with squad-based tactics. The player directs troops through numerous missions, battling enemy infantry, vehicles and installations.;https://images.launchbox-app.com/ea29277a-a87f-4b7e-848d-98ce7a3ca60d.jpg;7;7;7;7;Mezcla de acción y estrategia con humor negro y muerte permanente de soldados. Su control mediante cursor es menos cómodo con mando que con ratón.;Cannon Fodder;Gráficos: presentación competente, aunque con limitaciones visibles. Música: música funcional, con algunos temas reconocibles. Jugabilidad: mecánicas funcionales, aunque con cierta rigidez, repetición o dificultad irregular. Motivo global: Mezcla de acción y estrategia con humor negro y muerte permanente de soldados. Su control mediante cursor es menos cómodo con mando que con ratón.;Cannon Fodder combina acción militar y estrategia con humor negro. El jugador guía pequeños escuadrones por misiones contra soldados, vehículos e instalaciones, mientras las bajas permanentes afectan al progreso.
Light Crusader;1995-05-25;3.69;n/a;Role-Playing - Action RPG;Light Crusader (ライト クルセイダー) is an action-adventure game developed by Treasure and published by Sega for their Sega Genesis console in 1995. It was ported to Microsoft Windows in 2010. It is similar in gameplay to Landstalker: The Treasures of King Nole, blending role-playing video game, action-adventure and platform video game elements in much the same way;https://images.launchbox-app.com/a6d97af5-799d-4ed8-8311-f1525da6171e.jpg;8;8;7;8;Action RPG de mazmorras isométricas, trampas y puzles. Tiene buenas ideas, pero la perspectiva diagonal vuelve algunos saltos y ataques menos precisos.;Light Crusader;Gráficos: buen uso de los recursos gráficos de Mega Drive. Música: banda sonora sólida y bien integrada. Jugabilidad: mecánicas funcionales, aunque con cierta rigidez, repetición o dificultad irregular. Motivo global: Action RPG de mazmorras isométricas, trampas y puzles. Tiene buenas ideas, pero la perspectiva diagonal vuelve algunos saltos y ataques menos precisos.;Light Crusader es un action RPG isométrico de Treasure centrado en mazmorras, trampas y puzles. El protagonista explora una ciudad y sus profundidades mientras combate criaturas y descubre una conspiración.
Pier Solar and the Great Architects;2010-12-15;3.69;n/a;Role-Playing - Japanese-Style;Pier Solar and the Great Architects is a homebrew role-playing video game developed and published by WaterMelon for the Sega Genesis. The game was released worldwide on December 20, 2010. The game optionally utilizes the Sega CD expansion device to enhance its audio capabilities;https://images.launchbox-app.com/a53ccdff-115f-4cd4-9e93-7f48698bc53f.jpg;9;8;7;8;"RPG creado años después de la vida comercial de Mega Drive, muy ambicioso en presentación. Su ritmo lento y duración extensa dividen opiniones; es una obra para aficionados al JRPG clásico.";Pier Solar and the Great Architects;"Gráficos: apartado visual sobresaliente para la plataforma. Música: banda sonora sólida y bien integrada. Jugabilidad: mecánicas funcionales, aunque con cierta rigidez, repetición o dificultad irregular. Motivo global: RPG creado años después de la vida comercial de Mega Drive, muy ambicioso en presentación. Su ritmo lento y duración extensa dividen opiniones; es una obra para aficionados al JRPG clásico.";Pier Solar and the Great Architects es un RPG creado para Mega Drive muchos años después de su ciclo comercial. Ofrece una aventura extensa, gráficos detallados, combates por turnos y sonido mejorado si se utiliza Sega CD.
Snow Bros;1993-05-28;3.69;n/a;Action - Platformer - 2D;Snow Bros. is a 1990 platform arcade game released in 1990 by Toaplan;https://images.launchbox-app.com/14d75fbc-ea78-4d99-961d-4d7c5da54fd7.jpg;7;7;8;7;Conversión arcade sencilla y accesible, muy entretenida a dos jugadores. Es repetitiva, pero su control inmediato funciona bien en partidas cortas.;Snow Bros;Gráficos: presentación competente, aunque con limitaciones visibles. Música: música funcional, con algunos temas reconocibles. Jugabilidad: jugabilidad sólida y accesible, con buen equilibrio general. Motivo global: Conversión arcade sencilla y accesible, muy entretenida a dos jugadores. Es repetitiva, pero su control inmediato funciona bien en partidas cortas.;Snow Bros es un plataformas arcade en el que dos muñecos de nieve lanzan nieve para atrapar enemigos y convertirlos en bolas. Es sencillo, rápido y especialmente divertido en cooperativo.
NHL Hockey;1991;3.69;n/a;Sports - Team - Ice Hockey - Sim;NHL is a series of professional ice hockey simulation video games developed by EA Canada and published yearly by Electronic Arts under the EA Sports brand. The game is developed under license from the National Hockey League (NHL), which enables the use of the league's team names, stadiums and colors in the game, and the National Hockey League Players' Association (NHLPA), which enables the use of the League's player names and likenesses.;https://images.launchbox-app.com/d943f04c-8613-4ca7-a735-e216162a364d.jpg;7;7;7;7;Primera entrega de hockey de EA Sports en Mega Drive. Fue una base importante, pero sus secuelas mejoraron claramente control, ritmo y presentación.;NHL Hockey;Gráficos: presentación competente, aunque con limitaciones visibles. Música: música funcional, con algunos temas reconocibles. Jugabilidad: mecánicas funcionales, aunque con cierta rigidez, repetición o dificultad irregular. Motivo global: Primera entrega de hockey de EA Sports en Mega Drive. Fue una base importante, pero sus secuelas mejoraron claramente control, ritmo y presentación.;NHL Hockey es la primera entrega de hockey sobre hielo de EA Sports para Mega Drive. Sentó las bases de la serie con partidos de ritmo rápido, equipos de la NHL y un enfoque que las secuelas refinaron.
McDonald's Treasure Land Adventure;1993;3.68;n/a;Action - Platformer - 2D;McDonald's Treasure Land Adventure is a platform video game created by Treasure for the Mega Drive/Genesis. Based on the McDonald's fast food franchise and four of its corporate mascots from McDonaldland (Ronald McDonald, Hamburglar, Grimace, and Birdie the Early Bird), the game follows the adventures of Ronald McDonald in an attempt to find four pieces of a treasure map, and ultimately, the treasure to which it leads;https://images.launchbox-app.com/cb7e07a3-6530-490d-8c0a-be42e8242471.jpg;7;7;7;7;Título correcto y entretenido, con virtudes claras aunque también algunas limitaciones de diseño o presentación.;McDonald's Treasure Land Adventure;Gráficos: presentación competente, aunque con limitaciones visibles. Música: música funcional, con algunos temas reconocibles. Jugabilidad: mecánicas funcionales, aunque con cierta rigidez, repetición o dificultad irregular. Motivo global: Título correcto y entretenido, con virtudes claras aunque también algunas limitaciones de diseño o presentación.;McDonald's Treasure Land Adventure es un plataformas desarrollado por Treasure y protagonizado por Ronald McDonald. Busca las piezas de un mapa del tesoro en fases coloridas con enemigos, vehículos y mecánicas variadas.
Desert Strike: Return to the Gulf;1992-06-04;3.68;n/a;Action - Shooter - Shoot-'Em-Up - Top-Down;Desert Strike: Return to the Gulf is a shoot 'em up video game released by Electronic Arts (EA) in February 1992 for the Sega Genesis. The game was released on several other formats such as the Super Nintendo Entertainment System, including a much upgraded version for the Amiga home computer. The game was inspired by the Gulf War and depicts a conflict between an insane Middle Eastern dictator, General Kilbaba, and the United States. The player controls an Apache helicopter and attempts to destroy enemy weapons and installations, rescue hostages and capture enemy personnel, while managing supplies of fuel and ammunition;https://images.launchbox-app.com/1c923e7b-1d54-4bab-8931-38b729a249b8.jpg;9;8;9;9;Acción estratégica de referencia: helicóptero, rescates, objetivos múltiples y gestión de combustible y munición. Una de las experiencias más completas de Mega Drive.;Desert Strike: Return to the Gulf;Gráficos: apartado visual sobresaliente para la plataforma. Música: banda sonora sólida y bien integrada. Jugabilidad: control preciso, respuesta inmediata y diseño muy bien ajustado. Motivo global: Acción estratégica de referencia: helicóptero, rescates, objetivos múltiples y gestión de combustible y munición. Una de las experiencias más completas de Mega Drive.;Desert Strike es un juego de acción estratégica en el que se pilota un helicóptero Apache. Las misiones combinan rescates, destrucción de objetivos y gestión de combustible y munición en grandes mapas abiertos.
NHL 96;1995;3.67;n/a;Sports - Team - Ice Hockey - Sim;NHL 96 is a 1995 sports video game developed by EA Tiburon for the SNES, High Score Productions for the Sega Genesis, EA Canada for DOS, and Probe Entertainment for the Game Boy. EA Sports published all versions of the game except the Game Boy version, which was published by THQ. The game is based on the sport of ice hockey and puts the player in control of a hockey team in modes of play such as exhibitions, seasons and playoffs. It is the fifth installment in the NHL game series.;https://images.launchbox-app.com/41349b30-99a2-4f0d-878d-4195d1c1a44f.jpg;7;6;7;7;Título irregular, con ideas interesantes pero limitaciones visibles en control, ritmo o realización.;NHL 96;Gráficos: presentación competente, aunque con limitaciones visibles. Música: música funcional, con algunos temas reconocibles. Jugabilidad: mecánicas funcionales, aunque con cierta rigidez, repetición o dificultad irregular. Motivo global: Título irregular, con ideas interesantes pero limitaciones visibles en control, ritmo o realización.;NHL 96 es un juego de hockey sobre hielo de EA Sports con exhibiciones, temporadas y eliminatorias. Continúa la fórmula de la serie con presentación deportiva, control directo y equipos profesionales.
OutRun;1991;3.67;n/a;Racing - Arcade - Automobile;Out Run (also stylized as OutRun) is an arcade game released by Sega in September 1986. It is known for its pioneering hardware and graphics and innovative features such as nonlinear gameplay and a selectable soundtrack with music composed by Hiroshi Kawaguchi. Designed as a racing game where the goal is to avoid traffic and reach one of five destinations, Out Run was set up for players to enjoy the experience of driving;https://images.launchbox-app.com/r2_5b0f57f1-44b2-457f-a2b3-a9a486b068f7.png;7;7;7;7;Título correcto y entretenido, con virtudes claras aunque también algunas limitaciones de diseño o presentación.;OutRun;Gráficos: presentación competente, aunque con limitaciones visibles. Música: música funcional, con algunos temas reconocibles. Jugabilidad: mecánicas funcionales, aunque con cierta rigidez, repetición o dificultad irregular. Motivo global: Título correcto y entretenido, con virtudes claras aunque también algunas limitaciones de diseño o presentación.;OutRun es un clásico de conducción arcade de Sega. El jugador conduce un Ferrari por carreteras con bifurcaciones, evita tráfico y trata de llegar a uno de varios destinos antes de que se agote el tiempo.
Puggsy;1993;3.67;n/a;Action - Platformer - 2D;Puggsy is a 1993 puzzle-platform video game developed by Traveller's Tales and released by Psygnosis on Mega Drive and Mega-CD consoles, and on the Amiga home computer. Puggsy is the name of the title character, an orange space hopper-like alien who landed his spaceship on The Planet, intending to return home until his spaceship was stolen by the raccoon natives of the planet.;https://images.launchbox-app.com/a9621bc0-9683-455c-957e-d8b8f9032561.jpg;7;7;7;7;Título correcto y entretenido, con virtudes claras aunque también algunas limitaciones de diseño o presentación.;Puggsy;Gráficos: presentación competente, aunque con limitaciones visibles. Música: música funcional, con algunos temas reconocibles. Jugabilidad: mecánicas funcionales, aunque con cierta rigidez, repetición o dificultad irregular. Motivo global: Título correcto y entretenido, con virtudes claras aunque también algunas limitaciones de diseño o presentación.;Puggsy es un puzle de plataformas protagonizado por un pequeño alienígena naranja. Su habilidad para coger, lanzar y apilar objetos permite resolver obstáculos físicos en niveles llenos de mecanismos.
Granada;1990-12-01;3.67;n/a;Action - Shooter - Shoot-'Em-Up - Top-Down;Granada is the capital city of the province of Granada, in the autonomous community of Andalusia, Spain. Granada is located at the foot of the Sierra Nevada mountains, at the confluence of four rivers, the Darro, the Genil, the Monachil and the Beiro. It sits at an average elevation of 738 m (2,421 ft) above sea level, yet is only one hour by car from the Mediterranean coast, the Costa Tropical. Nearby is the Sierra Nevada Ski Station, where the FIS Alpine World Ski Championships 1996 were held;https://images.launchbox-app.com/7c05adb6-0b66-4072-ad53-fa638c31c1a3.jpg;7;7;8;7;Título correcto y entretenido, con virtudes claras aunque también algunas limitaciones de diseño o presentación.;Granada;Gráficos: presentación competente, aunque con limitaciones visibles. Música: música funcional, con algunos temas reconocibles. Jugabilidad: jugabilidad sólida y accesible, con buen equilibrio general. Motivo global: Título correcto y entretenido, con virtudes claras aunque también algunas limitaciones de diseño o presentación.;Granada es un shooter cenital de Wolf Team en el que se controla un vehículo blindado por escenarios de ciencia ficción. Combina movimiento en ocho direcciones, disparos, misiles y objetivos estratégicos.
Mortal Kombat II;1994-09-01;3.67;n/a;Action - Fighting - 2D;Mortal Kombat II (commonly abbreviated as MKII) is a fighting game originally produced by Midway for the arcades in 1993. It was later ported to multiple home systems, including the MS-DOS, Amiga, Game Boy, Sega Game Gear, Sega Genesis, Sega Saturn, Super Nintendo Entertainment System, and various PlayStation consoles, mostly in licensed versions developed by Probe Entertainment and Sculptured Software and published by Acclaim Entertainment (currently distributed by Warner Bros. Interactive Entertainment).;https://images.launchbox-app.com/2edcb594-f897-4fb7-9477-90428b777a1d.jpg;7;7;8;7;Título correcto y entretenido, con virtudes claras aunque también algunas limitaciones de diseño o presentación.;Mortal Kombat II;Gráficos: presentación competente, aunque con limitaciones visibles. Música: música funcional, con algunos temas reconocibles. Jugabilidad: jugabilidad sólida y accesible, con buen equilibrio general. Motivo global: Título correcto y entretenido, con virtudes claras aunque también algunas limitaciones de diseño o presentación.;Mortal Kombat II es un juego de lucha de Midway con nuevos personajes, escenarios y fatalities respecto al original. Mantiene los combates violentos y los movimientos especiales que definieron la popularidad de la saga.
Super Monaco GP;1990;3.66;n/a;Racing - Simulation - Automobile;Super Monaco GP (スーパーモナコGP) is a Formula One racing simulation video game released by Sega, originally as a Sega X Board arcade game in 1989, followed by ports for multiple video game consoles and home computers in the early 1990s. It is the sequel to the 1979 arcade game Monaco GP;https://images.launchbox-app.com/d0c2f17b-157d-488c-a651-3132087fecf5.jpg;7;7;7;7;Título correcto y entretenido, con virtudes claras aunque también algunas limitaciones de diseño o presentación.;Super Monaco GP;Gráficos: presentación competente, aunque con limitaciones visibles. Música: música funcional, con algunos temas reconocibles. Jugabilidad: mecánicas funcionales, aunque con cierta rigidez, repetición o dificultad irregular. Motivo global: Título correcto y entretenido, con virtudes claras aunque también algunas limitaciones de diseño o presentación.;Super Monaco GP es un juego de carreras de Fórmula 1 de Sega. Propone un modo de temporada con rivalidades y progresión, además de circuitos rápidos inspirados en el campeonato de monoplazas.
Urban Strike;1994;3.66;n/a;Action - Shooter - Shoot-'Em-Up - Top-Down;Urban Strike is a video game developed and published by Electronic Arts. It was initially released for the Sega Genesis in 1994, with ports to the Super Nintendo Entertainment System and Game Gear in 1995 and to the Game Boy in 1996. It is the third game in the Strike series, after Desert Strike: Return to the Gulf and Jungle Strike.;https://images.launchbox-app.com/bd37672e-a48e-4530-a404-50003d9236c9.jpg;7;7;8;7;Título correcto y entretenido, con virtudes claras aunque también algunas limitaciones de diseño o presentación.;Urban Strike;Gráficos: presentación competente, aunque con limitaciones visibles. Música: música funcional, con algunos temas reconocibles. Jugabilidad: jugabilidad sólida y accesible, con buen equilibrio general. Motivo global: Título correcto y entretenido, con virtudes claras aunque también algunas limitaciones de diseño o presentación.;Urban Strike es la tercera entrega de la serie Strike. Combina misiones de acción estratégica con helicópteros y vehículos terrestres en escenarios urbanos, con objetivos múltiples y gestión de recursos.
World Series Baseball;1994;3.66;n/a;Sports - Team - Baseball - Sim;Sega Sports' World Series Baseball, or simply World Series Baseball, is a sports game developed by BlueSky Software and published by Sega for the Genesis/Mega Drive and Game Gear. It is the first game in the series and was originally released in 1994. A version for the Sega 32X, World Series Baseball starring Deion Sanders, would follow in 1995;https://images.launchbox-app.com/246bf02c-4be3-4c0b-a889-81020edaf63c.jpg;7;6;7;7;Título irregular, con ideas interesantes pero limitaciones visibles en control, ritmo o realización.;World Series Baseball;Gráficos: presentación competente, aunque con limitaciones visibles. Música: música funcional, con algunos temas reconocibles. Jugabilidad: mecánicas funcionales, aunque con cierta rigidez, repetición o dificultad irregular. Motivo global: Título irregular, con ideas interesantes pero limitaciones visibles en control, ritmo o realización.;World Series Baseball es un juego de béisbol de Sega Sports para Mega Drive. Ofrece equipos, partidos y una presentación televisiva temprana que sentó las bases de futuras entregas de la serie.
The Misadventures of Flink;Canceled;3.66;n/a;Action - Platformer - 2D;Flink (released in North America as The Misadventures of Flink) is a 2D scrolling platform video game developed by Psygnosis. The Amiga CD32 and Sega CD versions are reliant on CD-ROM media to store large levels, highly detailed graphics, and high-quality music. The Mega Drive version is a cut-down version.;https://images.launchbox-app.com/a011ed48-b861-4799-a5d9-4ef3c450673d.jpg;7;7;7;7;Título correcto y entretenido, con virtudes claras aunque también algunas limitaciones de diseño o presentación.;The Misadventures of Flink;Gráficos: presentación competente, aunque con limitaciones visibles. Música: música funcional, con algunos temas reconocibles. Jugabilidad: mecánicas funcionales, aunque con cierta rigidez, repetición o dificultad irregular. Motivo global: Título correcto y entretenido, con virtudes claras aunque también algunas limitaciones de diseño o presentación.;The Misadventures of Flink es un plataformas de fantasía protagonizado por un joven mago. La versión de Mega Drive adapta una aventura originalmente diseñada para formatos con CD, con escenarios, enemigos y hechizos.
The Great Circus Mystery Starring Mickey & Minnie;1994-06-02;3.66;n/a;Action - Platformer - 2D;Disney's Magical Quest is a Disney platform game trilogy released by Capcom. The games star Mickey Mouse and, (depending on the game version), either Minnie Mouse or Donald Duck, who must defeat Peg-Leg Pete. The gameplay is similar among all games in the series: the player must move as in a typical platform game, defeating enemies either by jumping on them or by grabbing and throwing blocks at them.;https://images.launchbox-app.com/9f395340-474f-4d8d-8fcd-59a06e0d872d.jpg;7;7;7;7;Título correcto y entretenido, con virtudes claras aunque también algunas limitaciones de diseño o presentación.;The Great Circus Mystery Starring Mickey & Minnie;Gráficos: presentación competente, aunque con limitaciones visibles. Música: música funcional, con algunos temas reconocibles. Jugabilidad: mecánicas funcionales, aunque con cierta rigidez, repetición o dificultad irregular. Motivo global: Título correcto y entretenido, con virtudes claras aunque también algunas limitaciones de diseño o presentación.;The Great Circus Mystery es un plataformas de Disney protagonizado por Mickey y Minnie. Ambos recorren un circo encantado, usan disfraces con habilidades distintas y colaboran para rescatar personajes.
Eternal Champions;1993-12-11;3.66;n/a;Action - Fighting - 2D;"Eternal Champions is a 1993 fighting game developed and published by Sega for the Sega Genesis. It was one of the few fighting games of its time developed from the ground up as a home console title, rather than being released in arcades first and later ported to home systems. Sega released Eternal Champions in hopes of capitalizing on the fighting game mania that the game industry was in the midst of following the massive success of Street Fighter II (1991) and Mortal Kombat (1992). The game tried to set itself apart with unique features such as a heavier emphasis on its story, characters pulled from different time periods, reflectable projectiles, force fields, fighters that carried weapons, a training mode where players had to defend themselves against robotic traps, a novel method of executing moves, and elaborate stage-specific finishing moves called ""Overkills""";https://images.launchbox-app.com/91197326-1968-4642-9f46-fe83a34675df.jpg;8;8;7;8;Título correcto y entretenido, con virtudes claras aunque también algunas limitaciones de diseño o presentación.;Eternal Champions;Gráficos: buen uso de los recursos gráficos de Mega Drive. Música: banda sonora sólida y bien integrada. Jugabilidad: mecánicas funcionales, aunque con cierta rigidez, repetición o dificultad irregular. Motivo global: Título correcto y entretenido, con virtudes claras aunque también algunas limitaciones de diseño o presentación.;Eternal Champions es un juego de lucha creado por Sega para consolas domésticas. Reúne guerreros de distintas épocas, movimientos especiales, armas, proyectiles y remates de escenario llamados Overkills.
NHL 95;1995;3.65;n/a;Sports - Team - Ice Hockey - Sim;NHL 95 (also known as NHL Hockey 95) is an ice hockey video game developed by Electronic Arts Canada. It was released in 1994 for the Super Nintendo Entertainment System and the Sega Genesis;https://images.launchbox-app.com/aebc0aff-172f-4adc-a76e-8f9d2b1d1d6a.jpg;7;6;7;7;Título irregular, con ideas interesantes pero limitaciones visibles en control, ritmo o realización.;NHL 95;Gráficos: presentación competente, aunque con limitaciones visibles. Música: música funcional, con algunos temas reconocibles. Jugabilidad: mecánicas funcionales, aunque con cierta rigidez, repetición o dificultad irregular. Motivo global: Título irregular, con ideas interesantes pero limitaciones visibles en control, ritmo o realización.;NHL 95 es una entrega de hockey sobre hielo de EA Sports para Mega Drive. Mantiene los equipos profesionales, el ritmo rápido y las opciones de partido y temporada propias de la serie.
Ms. Pac-Man;1991;3.65;n/a;Action - Arcade;Ms. Pac-Man is the second game in the Pac-Man series, released in arcades in February 1982. Ms. Pac-Man introduced a female protagonist, four different mazes, more colorful graphics, and several gameplay changes.;https://images.launchbox-app.com/4a13dc30-0892-4de5-86e2-2f43e7f70c22.jpg;7;6;7;7;Título irregular, con ideas interesantes pero limitaciones visibles en control, ritmo o realización.;Ms. Pac-Man;Gráficos: presentación competente, aunque con limitaciones visibles. Música: música funcional, con algunos temas reconocibles. Jugabilidad: mecánicas funcionales, aunque con cierta rigidez, repetición o dificultad irregular. Motivo global: Título irregular, con ideas interesantes pero limitaciones visibles en control, ritmo o realización.;Ms. Pac-Man es un clásico arcade de laberintos en el que se recogen puntos mientras se evita a los fantasmas. Añade varios mapas, rutas menos previsibles y una protagonista distinta respecto al Pac-Man original.
Fantastic Dizzy;1993;3.65;n/a;Adventure - General;The game was originally intended to be released in time for Christmas in 1990, but because of a legal action between Codemasters and Nintendo over the Game Genie the title was released in April 1991, making it miss the Christmas rush it was originally slated for. Furthermore, only sold 125,000 units instead of the expected 500,000. Despite this, the game was awarded the 'NES Adventure Game of the Year 1991' by Game Players Magazine and given the coveted 'Parents Choice Award'.;https://images.launchbox-app.com/3d621ca9-87cd-462b-ab64-98611a6e3b78.jpg;7;6;7;7;Título irregular, con ideas interesantes pero limitaciones visibles en control, ritmo o realización.;Fantastic Dizzy;Gráficos: presentación competente, aunque con limitaciones visibles. Música: música funcional, con algunos temas reconocibles. Jugabilidad: mecánicas funcionales, aunque con cierta rigidez, repetición o dificultad irregular. Motivo global: Título irregular, con ideas interesantes pero limitaciones visibles en control, ritmo o realización.;Fantastic Dizzy es una aventura de puzles protagonizada por el personaje huevo de Codemasters. Explora escenarios conectados, recoge objetos y resuelve problemas para rescatar a sus amigos.
Warriors of the Eternal Sun;1992;3.64;n/a;Role-Playing - Western-Style;Warriors of the Eternal Sun is a role-playing video game developed for the Sega Genesis in 1992 by Westwood Associates. The game tells the story of a party of adventurers who have been transported to an unknown world and must survive against its hostile inhabitants while learning about their new home and seeking allies. It is based on the Dungeons & Dragons (D&D) game rules, and uses creatures and themes from the D&D Hollow World campaign setting, such as Blacklore elves, the Azcans, beastmen, Malpheggi lizardmen, and dinosaurs.;https://images.launchbox-app.com/e57f6b94-3352-463f-87ed-c402bc72f9d9.jpg;7;7;7;7;Título correcto y entretenido, con virtudes claras aunque también algunas limitaciones de diseño o presentación.;Warriors of the Eternal Sun;Gráficos: presentación competente, aunque con limitaciones visibles. Música: música funcional, con algunos temas reconocibles. Jugabilidad: mecánicas funcionales, aunque con cierta rigidez, repetición o dificultad irregular. Motivo global: Título correcto y entretenido, con virtudes claras aunque también algunas limitaciones de diseño o presentación.;Warriors of the Eternal Sun es un RPG basado en las reglas de Dungeons & Dragons. Un grupo de aventureros llega a un mundo desconocido y debe explorar, combatir y encontrar aliados para sobrevivir.
Wings of Wor;1991;3.64;n/a;Action - Shooter - Shoot-'Em-Up - Horizontal;Wings of War is a World War I combat flight simulator developed by Czech studio Silver Wish Games and published by Gathering of Developers for Microsoft Windows and Xbox in 2004. The game was a standard wartime flight simulator with the underused setting of World War I. Players assume the role of a Royal Air Force pilot fighting the Luftstreitkräfte in several missions.;https://images.launchbox-app.com/0949541e-b726-495e-8927-716668336bac.jpg;7;7;8;7;Título correcto y entretenido, con virtudes claras aunque también algunas limitaciones de diseño o presentación.;Wings of Wor;Gráficos: presentación competente, aunque con limitaciones visibles. Música: música funcional, con algunos temas reconocibles. Jugabilidad: jugabilidad sólida y accesible, con buen equilibrio general. Motivo global: Título correcto y entretenido, con virtudes claras aunque también algunas limitaciones de diseño o presentación.;Wings of Wor, conocido en Japón como Gynoug, es un shooter horizontal de fantasía oscura. El jugador controla a un ángel guerrero, usa armas mejorables y combate criaturas grotescas en escenarios de pesadilla.
Ghostbusters;1990-06-29;3.63;n/a;Action - Platformer - 2D;Ghostbusters is a 1984 American fantasy comedy film produced and directed by Ivan Reitman and written by Dan Aykroyd and Harold Ramis. It stars Bill Murray, Aykroyd and Ramis as Peter Venkman, Ray Stantz and Egon Spengler, eccentric parapsychologists who start a ghost-catching business in New York City. Sigourney Weaver and Rick Moranis co-star as their client Dana Barrett and her neighbor Louis Tully.;https://images.launchbox-app.com/d99216fc-cfc3-4dd9-8727-b1cc42f7678f.jpg;7;7;7;7;Título correcto y entretenido, con virtudes claras aunque también algunas limitaciones de diseño o presentación.;Ghostbusters;Gráficos: presentación competente, aunque con limitaciones visibles. Música: música funcional, con algunos temas reconocibles. Jugabilidad: mecánicas funcionales, aunque con cierta rigidez, repetición o dificultad irregular. Motivo global: Título correcto y entretenido, con virtudes claras aunque también algunas limitaciones de diseño o presentación.;Ghostbusters es un juego de acción basado en la película y protagonizado por los cazafantasmas. Combina desplazamiento lateral, trampas, disparos y persecuciones de espectros por distintos escenarios urbanos.
King's Bounty: The Conqueror's Quest;1991;3.63;n/a;Strategy - Turn-Based - General;"King's Bounty is a turn-based fantasy video game designed by Jon Van Caneghem and published by New World Computing in 1990. The game follows the player's character, a hero of King Maximus, appointed with the job of retrieving the Sceptre of Order from the forces of chaos, led by Arech Dragonbreath. King's Bounty is notably considered the forerunner of the Heroes of Might and Magic series of games, while it was itself clearly ""inspired"" by the game Chaos: The Battle of Wizards for the ZX Spectrum.";https://images.launchbox-app.com/3f667c62-af32-4b84-a2a0-13744f68f00c.jpg;7;6;7;7;Título irregular, con ideas interesantes pero limitaciones visibles en control, ritmo o realización.;King's Bounty: The Conqueror's Quest;Gráficos: presentación competente, aunque con limitaciones visibles. Música: música funcional, con algunos temas reconocibles. Jugabilidad: mecánicas funcionales, aunque con cierta rigidez, repetición o dificultad irregular. Motivo global: Título irregular, con ideas interesantes pero limitaciones visibles en control, ritmo o realización.;King's Bounty es un juego de estrategia por turnos y fantasía. El héroe recluta tropas, visita castillos, busca tesoros y combate ejércitos mientras intenta recuperar el Cetro del Orden.
Mega Games 2;1993;3.63;n/a;Miscellaneous - Compilation;A megagame is a type of large-scale simulation which can contain elements of role-playing games, tabletop games, LARPs and wargames - the amount of these is dependant on the scenario being played and the way the players choose to engage with the scenario. Participants can be arranged into hierarchies of teams - some games will consist of multiple competing factions and others will have teams operating in different game 'niches'. Megagames have been played with up to 300 people, though are more usually played with 30-80 players.;https://images.launchbox-app.com/9dfbf1a8-5b12-4334-8ffb-2280994b8a87.jpg;7;6;7;7;Título irregular, con ideas interesantes pero limitaciones visibles en control, ritmo o realización.;Mega Games 2;Gráficos: presentación competente, aunque con limitaciones visibles. Música: música funcional, con algunos temas reconocibles. Jugabilidad: mecánicas funcionales, aunque con cierta rigidez, repetición o dificultad irregular. Motivo global: Título irregular, con ideas interesantes pero limitaciones visibles en control, ritmo o realización.;Mega Games 2 es una recopilación para Mega Drive que reúne varios juegos de Sega en un único cartucho. Incluye una selección de títulos de acción, deportes y conducción para ampliar la biblioteca de la consola.
Dragon Ball Z: Buyuu Retsuden;1994;3.62;n/a;Action - Fighting - 2D;"Dragon Ball Z: Buyū Retsuden, released as Dragon Ball Z: L'Appel du Destin (Dragon Ball Z: The Call of Destiny) in France and Spain and as Dragon Ball Z in Portugal, is a fighting game released for the Sega Genesis/Mega Drive based on the Dragon Ball franchise. Due to the popularity of the Dragon Ball Z anime in these European countries, it was released in Japan on April 1, 1994, and in Europe (France and Spain) in June 1994. The French/Spanish version was renamed Dragon Ball Z: L'Appel du Destin (""The Call of Destiny"") and has the game translated to French language and the instruction booklet in French and Spanish languages. The game was also distributed in Portugal in 1996 where it is called Dragon Ball Z. The distributor, Ecofilmes, would take Japanese copies of the game, replace the cover and the manual (but keep the cart), and sell the game as is, promising a free converter cart as the Japanese cartridges cannot fit into European Mega Drives. When the French version came out, they switched to using that version instead.";https://images.launchbox-app.com/81d3a2e9-48c7-4c62-8762-4deabaa7e185.png;7;7;8;7;Título correcto y entretenido, con virtudes claras aunque también algunas limitaciones de diseño o presentación.;Dragon Ball Z: Buyuu Retsuden;Gráficos: presentación competente, aunque con limitaciones visibles. Música: música funcional, con algunos temas reconocibles. Jugabilidad: jugabilidad sólida y accesible, con buen equilibrio general. Motivo global: Título correcto y entretenido, con virtudes claras aunque también algunas limitaciones de diseño o presentación.;Dragon Ball Z: Buyuu Retsuden es un juego de lucha basado en el anime Dragon Ball Z. Permite elegir a varios guerreros, ejecutar ataques especiales y librar combates uno contra uno con estética de la serie.
Ecco the Dolphin;1993-07-29;3.62;n/a;Action - Platformer - 2D;Ecco the Dolphin is an action-adventure game originally developed by Ed Annunziata and Novotrade International for the Sega Genesis known as the Mega Drive in regions outside of North America and published by Sega in 1992. Ecco the Dolphin was republished digitally via Nintendo's Virtual Console in 2006, Microsoft's Xbox Live Arcade, Steam, iOS, and Nintendo 3DS;https://images.launchbox-app.com/816f7d44-eaaa-4c1d-97e3-a79a40618110.jpg;7;7;7;7;Título correcto y entretenido, con virtudes claras aunque también algunas limitaciones de diseño o presentación.;Ecco the Dolphin;Gráficos: presentación competente, aunque con limitaciones visibles. Música: música funcional, con algunos temas reconocibles. Jugabilidad: mecánicas funcionales, aunque con cierta rigidez, repetición o dificultad irregular. Motivo global: Título correcto y entretenido, con virtudes claras aunque también algunas limitaciones de diseño o presentación.;Ecco the Dolphin es una aventura submarina protagonizada por un delfín que debe encontrar a su manada. Combina exploración, sonar, puzles y una atmósfera misteriosa de ciencia ficción.
Buck Rogers: Countdown to Doomsday;1991;3.61;n/a;Role-Playing - Western-Style;Buck Rogers: Countdown to Doomsday is a role-playing video game released by Strategic Simulations in 1990, set in the Buck Rogers XXVC game setting.;https://images.launchbox-app.com/7f4210ab-903d-4388-ac56-0bd267ac5c62.jpg;7;7;7;7;Título correcto y entretenido, con virtudes claras aunque también algunas limitaciones de diseño o presentación.;Buck Rogers: Countdown to Doomsday;Gráficos: presentación competente, aunque con limitaciones visibles. Música: música funcional, con algunos temas reconocibles. Jugabilidad: mecánicas funcionales, aunque con cierta rigidez, repetición o dificultad irregular. Motivo global: Título correcto y entretenido, con virtudes claras aunque también algunas limitaciones de diseño o presentación.;Buck Rogers: Countdown to Doomsday es un RPG de ciencia ficción basado en el universo Buck Rogers XXVC. El jugador forma un grupo de personajes, explora estaciones y planetas, y combate por turnos contra fuerzas enemigas.
Road Rash;1992-11-19;3.61;n/a;Racing - Arcade - Automobile;Road Rash is a motorcycle-racing video game series by Electronic Arts in which the player participates in violent, illegal street races. The series started on the Sega Genesis and was released on various other systems over the years. The game's title is based on the slang term for the severe friction burns that can occur in a motorcycle fall where skin comes into contact with the ground at high speed.;https://images.launchbox-app.com/072b5e06-a1a7-4595-96f5-f1d0e6594d26.jpg;7;7;7;7;Título correcto y entretenido, con virtudes claras aunque también algunas limitaciones de diseño o presentación.;Road Rash;Gráficos: presentación competente, aunque con limitaciones visibles. Música: música funcional, con algunos temas reconocibles. Jugabilidad: mecánicas funcionales, aunque con cierta rigidez, repetición o dificultad irregular. Motivo global: Título correcto y entretenido, con virtudes claras aunque también algunas limitaciones de diseño o presentación.;Road Rash es un juego de carreras ilegales en motocicleta de Electronic Arts. Combina velocidad, adelantamientos y combate contra rivales y policías en carreteras abiertas con progresión de motos.
Sub-Terrania;1993;3.61;n/a;Action - Shooter - Shoot-'Em-Up - Top-Down;Sub-Terrania is a multidirectional shooter developed by Zyrinx and published by Scavenger. The game was released in North America and Europe for the Sega Genesis.;https://images.launchbox-app.com/6b096cd0-1102-430c-80fe-a3836562bd23.jpg;7;7;8;7;Título correcto y entretenido, con virtudes claras aunque también algunas limitaciones de diseño o presentación.;Sub-Terrania;Gráficos: presentación competente, aunque con limitaciones visibles. Música: música funcional, con algunos temas reconocibles. Jugabilidad: jugabilidad sólida y accesible, con buen equilibrio general. Motivo global: Título correcto y entretenido, con virtudes claras aunque también algunas limitaciones de diseño o presentación.;Sub-Terrania es un shooter multidireccional protagonizado por una nave de rescate. El jugador explora cavernas, salva científicos, destruye instalaciones y gestiona el combustible mientras afronta una física exigente.
Golden Axe;1989-12-22;3.6;n/a;Action - Beat-'Em-Up - 2D;Golden Axe (ゴールデンアックス Gōruden Akkusu) is a series of side-scrolling, beat 'em up, arcade video games developed by Sega. The series takes place in a medieval-fantasy world where several heroes have the task of recovering the legendary Golden Axe, the mainstay element of the series.;https://images.launchbox-app.com/a8e0a0e1-69dd-4cd9-a02a-1341aaf2c554.jpg;7;7;7;7;Título correcto y entretenido, con virtudes claras aunque también algunas limitaciones de diseño o presentación.;Golden Axe;Gráficos: presentación competente, aunque con limitaciones visibles. Música: música funcional, con algunos temas reconocibles. Jugabilidad: mecánicas funcionales, aunque con cierta rigidez, repetición o dificultad irregular. Motivo global: Título correcto y entretenido, con virtudes claras aunque también algunas limitaciones de diseño o presentación.;Golden Axe es un beat em up de fantasía medieval protagonizado por tres guerreros. Combina combate cuerpo a cuerpo, magia, monturas y cooperativo en una misión para recuperar el hacha legendaria.
Mickey Mania: The Timeless Adventures of Mickey Mouse;1994-11-01;3.59;n/a;Action - Platformer - 2D;Mickey Mania: The Timeless Adventures of Mickey Mouse is a 1994 platform video game developed by Traveller's Tales/Psygnosis and published by Sony Imagesoft for the Super Nintendo Entertainment System, Sega Genesis, and Sega CD. In the game, the player controls Mickey Mouse, who must navigate through various side-scrolling levels, each designed and based from classical Mickey Mouse cartoons. The game was later released on the PlayStation in 1996 as Mickey's Wild Adventure.;https://images.launchbox-app.com/260f1b1d-9bc2-48fa-b023-d8af5c74a1e0.jpg;7;7;7;7;Título correcto y entretenido, con virtudes claras aunque también algunas limitaciones de diseño o presentación.;Mickey Mania: The Timeless Adventures of Mickey Mouse;Gráficos: presentación competente, aunque con limitaciones visibles. Música: música funcional, con algunos temas reconocibles. Jugabilidad: mecánicas funcionales, aunque con cierta rigidez, repetición o dificultad irregular. Motivo global: Título correcto y entretenido, con virtudes claras aunque también algunas limitaciones de diseño o presentación.;Mickey Mania es un plataformas que recorre la historia animada de Mickey Mouse. Cada fase se inspira en un corto clásico y combina animación muy cuidada, plataformas y escenas llenas de guiños a Disney.
Hellfire;1991;3.59;n/a;Action - Shooter - Shoot-'Em-Up - Horizontal;"The fires of Hell or lake of fire, terms used to describe Hell. Also sometimes referred to as ""The Flame of The Dead"" Due to its links to the underworld.";https://images.launchbox-app.com/bb6e23ff-ce3f-464d-b951-22613c186583.jpg;7;7;8;7;Título correcto y entretenido, con virtudes claras aunque también algunas limitaciones de diseño o presentación.;Hellfire;Gráficos: presentación competente, aunque con limitaciones visibles. Música: música funcional, con algunos temas reconocibles. Jugabilidad: jugabilidad sólida y accesible, con buen equilibrio general. Motivo global: Título correcto y entretenido, con virtudes claras aunque también algunas limitaciones de diseño o presentación.;Hellfire es un shooter horizontal de Toaplan en el que la nave puede disparar en varias direcciones. Su sistema de armas, jefes y dificultad elevada lo orientan a jugadores experimentados.
Forgotten Worlds;1989-11-17;3.59;n/a;Action - Shooter - Shoot-'Em-Up - Horizontal;Forgotten Worlds, titled Lost Worlds (Japanese: ロストワールド Hepburn: Rosuto Wārudo) in Japan, is a side-scrolling shoot-'em-up game by Capcom originally released as a coin-operated video game in 1988. It is notable for being the first title released by Capcom for their CP System arcade game hardware;https://images.launchbox-app.com/0717fa5f-57f1-4f46-ab3d-c423ea9cb2df.jpg;7;7;8;7;Título correcto y entretenido, con virtudes claras aunque también algunas limitaciones de diseño o presentación.;Forgotten Worlds;Gráficos: presentación competente, aunque con limitaciones visibles. Música: música funcional, con algunos temas reconocibles. Jugabilidad: jugabilidad sólida y accesible, con buen equilibrio general. Motivo global: Título correcto y entretenido, con virtudes claras aunque también algunas limitaciones de diseño o presentación.;Forgotten Worlds es un shooter horizontal de Capcom en el que dos guerreros voladores combaten en un mundo postapocalíptico. Su mecánica principal permite girar el arma en todas direcciones y comprar mejoras entre fases.
Gain Ground;1991-01-02;3.59;n/a;Action - Shooter - Shoot-'Em-Up - Top-Down;In Gain Ground, players control one of a set of characters at a time, each with different weapons. To beat a level, players must reach the exit point with at least one character or destroy all enemies on the level before time runs out. There are 40 levels in the arcade version of the game. The Master System and the Genesis/Mega Drive have 50 levels in the game.;https://images.launchbox-app.com/a0a25c82-f817-4605-a528-062fd0872931.jpg;7;7;8;7;Título correcto y entretenido, con virtudes claras aunque también algunas limitaciones de diseño o presentación.;Gain Ground;Gráficos: presentación competente, aunque con limitaciones visibles. Música: música funcional, con algunos temas reconocibles. Jugabilidad: jugabilidad sólida y accesible, con buen equilibrio general. Motivo global: Título correcto y entretenido, con virtudes claras aunque también algunas limitaciones de diseño o presentación.;Gain Ground es un juego de acción táctica en el que cada personaje tiene un arma y alcance distintos. Para superar las fases hay que eliminar enemigos o alcanzar la salida, eligiendo cuidadosamente a quién enviar.
Shining in the Darkness;1991-03-28;3.58;n/a;Role-Playing - Western-Style;Shining in the Darkness, released as Shining and the Darkness (シャイニング&ザ・ダクネス) in Japan, is a 1991 role-playing video game for the Sega Genesis video game console. It was one of the first role-playing games released for the system, and was the first in the Shining series.;https://images.launchbox-app.com/4fa01b28-bc6b-4189-a874-1f4173752585.jpg;7;7;7;7;Título correcto y entretenido, con virtudes claras aunque también algunas limitaciones de diseño o presentación.;Shining in the Darkness;Gráficos: presentación competente, aunque con limitaciones visibles. Música: música funcional, con algunos temas reconocibles. Jugabilidad: mecánicas funcionales, aunque con cierta rigidez, repetición o dificultad irregular. Motivo global: Título correcto y entretenido, con virtudes claras aunque también algunas limitaciones de diseño o presentación.;Shining in the Darkness es un RPG de mazmorras en primera persona y la primera entrega de la saga Shining. Combina exploración de laberintos, combates por turnos y gestión de recursos en una aventura de fantasía.
Demolition Man;1995;3.85;n/a;Action - General;Demolition Man is a 1993 American science fiction action film that was Marco Brambilla’s directorial debut. The film stars Sylvester Stallone and Wesley Snipes. The film was released in the United States on October 8, 1993;https://images.launchbox-app.com/1e81b35a-0d64-4d41-b885-c401a16b7938.jpg;7;6;7;7;Título irregular, con ideas interesantes pero limitaciones visibles en control, ritmo o realización.;Demolition Man;Gráficos: presentación competente, aunque con limitaciones visibles. Música: música funcional, con algunos temas reconocibles. Jugabilidad: mecánicas funcionales, aunque con cierta rigidez, repetición o dificultad irregular. Motivo global: Título irregular, con ideas interesantes pero limitaciones visibles en control, ritmo o realización.;Demolition Man es un juego de acción basado en la película protagonizada por Sylvester Stallone. Combina fases de desplazamiento lateral, disparos y secuencias de conducción en una adaptación de ciencia ficción para Mega Drive.
NBA Live '96;1995;3.57;n/a;Sports - Team - Basketball - Sim;"NBA Live 96 is the second installment of the NBA Live video games series. The PC and PlayStation covers features Shaquille O'Neal of the Orlando Magic, while the Super Nintendo Entertainment System and Sega Genesis box covers show a photo of the tip-off to Game 1 of the 1995 NBA Finals. The game was published by EA Sports and released on November 30, 1995. The PlayStation and PC versions were the first games in the series to feature a 3D rendered court, allowing for multiple camera angles using EA's ""Virtual Stadium"" technology (also used by FIFA Soccer 96). The on-court player graphics remained 2D sprites. It was also the first NBA Live game released for the PlayStation. NBA Live 96 is followed by NBA Live 97.";https://images.launchbox-app.com/b06fc4cb-a179-46a4-8174-f1fd7e1d2ff7.jpg;7;6;7;7;Título irregular, con ideas interesantes pero limitaciones visibles en control, ritmo o realización.;NBA Live '96;Gráficos: presentación competente, aunque con limitaciones visibles. Música: música funcional, con algunos temas reconocibles. Jugabilidad: mecánicas funcionales, aunque con cierta rigidez, repetición o dificultad irregular. Motivo global: Título irregular, con ideas interesantes pero limitaciones visibles en control, ritmo o realización.;NBA Live '96 es un juego de baloncesto de EA Sports que amplía la fórmula de NBA Live 95. Mantiene la vista isométrica, equipos de la NBA y un enfoque de simulación con opciones de temporada y partidos rápidos.
Alien Storm;1991;3.56;n/a;Action - Beat-'Em-Up - 2D;Alien Storm (エイリアンストーム) is a 1990 beat 'em up/shooter arcade game by Sega. It was later ported to the Sega Mega Drive/Genesis and Master System. The Sega Mega Drive version was also released on Wii's Virtual Console in 2007. The game appeared in Sega Mega Drive Ultimate Collection for Xbox 360 and PlayStation 3.;https://images.launchbox-app.com/6d2a1ff8-b647-4f74-b4b6-fac4109e3c41.jpg;7;7;7;7;Título correcto y entretenido, con virtudes claras aunque también algunas limitaciones de diseño o presentación.;Alien Storm;Gráficos: presentación competente, aunque con limitaciones visibles. Música: música funcional, con algunos temas reconocibles. Jugabilidad: mecánicas funcionales, aunque con cierta rigidez, repetición o dificultad irregular. Motivo global: Título correcto y entretenido, con virtudes claras aunque también algunas limitaciones de diseño o presentación.;Alien Storm es un juego de acción de Sega que mezcla beat em up y disparos. Los agentes del equipo Alien Busters combaten invasores extraterrestres en fases laterales y secuencias de tiro con una estética colorida y humorística.
Columns III;1993-12-17;3.56;n/a;Puzzle - Matching;Columns III: Revenge of Columns (コラムスIII： 対決！コラムスワールド, Columns III: Taiketsu! Columns World) is a puzzle arcade game published by Sega in Japan and by Vic Tokai in North America in 1993 as a sequel to Columns II: The Voyage Through Time.;https://images.launchbox-app.com/e61fd360-fb29-41cb-97e8-cf6f77634785.jpg;7;6;7;7;Título irregular, con ideas interesantes pero limitaciones visibles en control, ritmo o realización.;Columns III;Gráficos: presentación competente, aunque con limitaciones visibles. Música: música funcional, con algunos temas reconocibles. Jugabilidad: mecánicas funcionales, aunque con cierta rigidez, repetición o dificultad irregular. Motivo global: Título irregular, con ideas interesantes pero limitaciones visibles en control, ritmo o realización.;Columns III: Revenge of Columns es un juego de puzles de Sega en el que se agrupan gemas de colores para formar líneas y eliminarlas. Añade modos de juego, enfrentamientos contra rivales y opciones multijugador.
Mortal Kombat;1993-09-13;3.56;n/a;Action - Fighting - 2D;Mortal Kombat is a media franchise centered on a series of video games, originally developed by Midway Games' Chicago studio in 1992. The development of the first game was originally based on an idea that Ed Boon and John Tobias had of making a video game starring Jean-Claude Van Damme, but as that idea fell through, a fantasy-themed fighting game titled Mortal Kombat was created instead. Mortal Kombat was the first ever fighting game to introduce a secret fighter, reached if the player fulfilled a set of requirements. The original game has spawned many sequels and spin-offs consisting of several action-adventure games, films (animated and live-action with its own sequel), and television series (animated and live-action), as well as a comic book series, a card game and a live-action tour. Along with Street Fighter and Tekken, Mortal Kombat has become one of the most successful fighting franchises in the history of video games and one of the highest-grossing media franchises of all time.;https://images.launchbox-app.com/6b5687ef-9b52-4a7d-a97a-d0fe40d9f862.jpg;7;7;8;7;Título correcto y entretenido, con virtudes claras aunque también algunas limitaciones de diseño o presentación.;Mortal Kombat;Gráficos: presentación competente, aunque con limitaciones visibles. Música: música funcional, con algunos temas reconocibles. Jugabilidad: jugabilidad sólida y accesible, con buen equilibrio general. Motivo global: Título correcto y entretenido, con virtudes claras aunque también algunas limitaciones de diseño o presentación.;Mortal Kombat es un juego de lucha de Midway conocido por sus personajes digitalizados, golpes especiales y fatalities. La versión de Mega Drive conserva la violencia característica mediante un código y ofrece combates uno contra uno.
Fire Shark;1990;3.55;n/a;Action - Shooter - Shoot-'Em-Up - Vertical;Fire Shark, released in Japan as Same! Same! Same! (鮫!鮫!鮫!), is a 1989 shoot 'em up arcade game developed and published by Toaplan. The player controls a biplane and builds up a score by shooting a variety of military targets. It is considered the sequel to Flying Shark. It was ported to the Mega Drive in 1990 by Toaplan, published by Toaplan themselves in Japan and by Dreamworks in North America.;https://images.launchbox-app.com/aceffabc-0b2e-44d4-a9a8-1f356422b96b.jpg;7;7;8;7;Título correcto y entretenido, con virtudes claras aunque también algunas limitaciones de diseño o presentación.;Fire Shark;Gráficos: presentación competente, aunque con limitaciones visibles. Música: música funcional, con algunos temas reconocibles. Jugabilidad: jugabilidad sólida y accesible, con buen equilibrio general. Motivo global: Título correcto y entretenido, con virtudes claras aunque también algunas limitaciones de diseño o presentación.;Fire Shark es un shooter vertical de Toaplan protagonizado por un biplano de combate. El jugador mejora su armamento, lanza bombas y atraviesa escenarios militares repletos de vehículos, aviones y enemigos.
DecapAttack;1991;3.55;n/a;Action - Platformer - 2D;Decap Attack is a 1991 platformer video game developed by Vic Tokai and published by Sega for the Sega Genesis. The game is a westernized version of the 1990 Japanese Mega Drive game Magical Hat no Buttobi Tābo! Daibōken, with the art, plot, music, and level designs all being changed. Both are updates of the 1988 NES game Kid Kool and the 1989 Master System game Psycho Fox. The game was also released for the Sega Genesis Collection for the PlayStation 2 and PlayStation Portable, Sonic's Ultimate Genesis Collection for the Xbox 360 and PlayStation 3, on Steam, and via the Sega Forever mobile service;https://images.launchbox-app.com/8e4ff420-200f-477b-9de3-18336d907746.jpg;7;7;7;7;Título correcto y entretenido, con virtudes claras aunque también algunas limitaciones de diseño o presentación.;DecapAttack;Gráficos: presentación competente, aunque con limitaciones visibles. Música: música funcional, con algunos temas reconocibles. Jugabilidad: mecánicas funcionales, aunque con cierta rigidez, repetición o dificultad irregular. Motivo global: Título correcto y entretenido, con virtudes claras aunque también algunas limitaciones de diseño o presentación.;DecapAttack es un plataformas de Sega protagonizado por Chuck D. Head, una momia sin cabeza. Puede lanzar su cráneo contra enemigos y recorre un mundo de terror cómico basado en una adaptación occidental de Magical Hat.
Valis;1991;3.55;n/a;Action - Platformer - 2D;VALIS is a 1981 science fantasy novel by American writer Philip K. Dick. The title is an acronym for Vast Active Living Intelligence System, Dick's gnostic vision of one aspect of God.;https://images.launchbox-app.com/0c3ab5dd-3001-4bb7-b083-cd293f6c6fc9.jpg;7;7;7;7;Título correcto y entretenido, con virtudes claras aunque también algunas limitaciones de diseño o presentación.;Valis;Gráficos: presentación competente, aunque con limitaciones visibles. Música: música funcional, con algunos temas reconocibles. Jugabilidad: mecánicas funcionales, aunque con cierta rigidez, repetición o dificultad irregular. Motivo global: Título correcto y entretenido, con virtudes claras aunque también algunas limitaciones de diseño o presentación.;Valis es un juego de acción y plataformas de fantasía protagonizado por Yuko, una estudiante elegida para combatir fuerzas sobrenaturales. Combina espada, magia y escenarios laterales con estética anime.
Desert Demolition;1994;3.54;n/a;Action - Platformer - 2D;Desert Demolition Starring Road Runner and Wile E. Coyote is a platform video game developed by BlueSky Software and published by Sega for the Sega Genesis. The game was released in North America on February 1995 and in Europe the following month. The game is based around Wile E. Coyote and the Road Runner, who are the game's player characters and are tasked with playing through a series of levels as they respectively pursue and evade the other. The game was re-released as part of the Sega Mega Hits range on September 1997.;https://images.launchbox-app.com/52f7d2ce-15f7-4526-8cb5-4584d19d12a0.jpg;7;7;7;7;Título correcto y entretenido, con virtudes claras aunque también algunas limitaciones de diseño o presentación.;Desert Demolition;Gráficos: presentación competente, aunque con limitaciones visibles. Música: música funcional, con algunos temas reconocibles. Jugabilidad: mecánicas funcionales, aunque con cierta rigidez, repetición o dificultad irregular. Motivo global: Título correcto y entretenido, con virtudes claras aunque también algunas limitaciones de diseño o presentación.;Desert Demolition es un plataformas basado en el Correcaminos y el Coyote. Permite jugar con ambos personajes en rutas distintas, ya sea persiguiendo al Correcaminos o escapando de las trampas del Coyote.
Might and Magic: Gates to Another World;1991;3.54;n/a;Role-Playing - Western-Style;Might and Magic II: Gates to Another World (also known as Might and Magic Book Two: Gates to Another World) is a role-playing video game developed and published by New World Computing in 1988. It is the sequel to Might and Magic Book One: The Secret of the Inner Sanctum.;https://images.launchbox-app.com/feeffe93-4cfa-45b8-a814-87197fa58c09.jpg;7;7;7;7;Título correcto y entretenido, con virtudes claras aunque también algunas limitaciones de diseño o presentación.;Might and Magic: Gates to Another World;Gráficos: presentación competente, aunque con limitaciones visibles. Música: música funcional, con algunos temas reconocibles. Jugabilidad: mecánicas funcionales, aunque con cierta rigidez, repetición o dificultad irregular. Motivo global: Título correcto y entretenido, con virtudes claras aunque también algunas limitaciones de diseño o presentación.;Might and Magic: Gates to Another World es un RPG de fantasía con exploración en primera persona, creación de grupo y combates por turnos. Continúa la aventura de Might and Magic con mazmorras, ciudades y numerosos enemigos.
Battletoads / Double Dragon;1993-12-01;3.53;n/a;Action - Beat-'Em-Up - 2D;Battletoads/Double Dragon (also Battletoads & Double Dragon - The Ultimate Team) is a 1993 beat 'em up developed by Rare and published by Tradewest. It was originally released for the Nintendo Entertainment System and later ported to the Mega Drive/Genesis, Super NES, and Game Boy.;https://images.launchbox-app.com/66a64a74-52c0-4286-903e-c53dc8faa85a.jpg;7;7;7;7;Título correcto y entretenido, con virtudes claras aunque también algunas limitaciones de diseño o presentación.;Battletoads / Double Dragon;Gráficos: presentación competente, aunque con limitaciones visibles. Música: música funcional, con algunos temas reconocibles. Jugabilidad: mecánicas funcionales, aunque con cierta rigidez, repetición o dificultad irregular. Motivo global: Título correcto y entretenido, con virtudes claras aunque también algunas limitaciones de diseño o presentación.;Battletoads / Double Dragon reúne a los Battletoads y a los hermanos Lee en un beat em up de acción. Combina golpes exagerados, armas, plataformas y fases especiales en una aventura cooperativa.
Arcus Odyssey;1991;3.53;n/a;Role-Playing - Action RPG;Arcus Odyssey is an action role-playing game video game developed by Wolf Team and released by Renovation Products in 1991 for the Sega Mega Drive/Genesis and Sharp X68000 and in 1993 for the Super Nintendo Entertainment System. The game features an isometric perspective and cooperative gameplay, as well hack and slash gameplay. It tells the story of four heroes trying to thwart the return of an evil sorceress.;https://images.launchbox-app.com/80fccbb4-ec9b-4b0d-b341-94d691474edc.jpg;7;7;7;7;Título correcto y entretenido, con virtudes claras aunque también algunas limitaciones de diseño o presentación.;Arcus Odyssey;Gráficos: presentación competente, aunque con limitaciones visibles. Música: música funcional, con algunos temas reconocibles. Jugabilidad: mecánicas funcionales, aunque con cierta rigidez, repetición o dificultad irregular. Motivo global: Título correcto y entretenido, con virtudes claras aunque también algunas limitaciones de diseño o presentación.;Arcus Odyssey es un action RPG isométrico de Wolf Team. Permite controlar a cuatro héroes con habilidades diferentes, combatir criaturas y explorar escenarios de fantasía en solitario o en cooperativo.
WWF Raw;1994;3.53;n/a;Sports - Individual - Combat - Wrestling;WWE Raw, also known as Monday Night Raw or simply Raw, is a professional wrestling television program that currently airs live on Monday evenings at 8 pm ET on the USA Network in the United States. The show's name is also used to refer to the Raw brand, to which WWE employees are assigned to work and perform. The show debuted on January 11, 1993 and has since been considered as the flagship program of WWE.WWE Raw, also known as Monday Night Raw or simply Raw, is a professional wrestling television program that currently airs live on Monday evenings at 8 pm ET on the USA Network in the United States. The show's name is also used to refer to the Raw brand, to which WWE employees are assigned to work and perform. The show debuted on January 11, 1993 and has since been considered as the flagship program of WWE.;https://images.launchbox-app.com/1dfcf9be-7b67-4055-ba4b-37b8859d3221.jpg;7;6;7;7;Título irregular, con ideas interesantes pero limitaciones visibles en control, ritmo o realización.;WWF Raw;Gráficos: presentación competente, aunque con limitaciones visibles. Música: música funcional, con algunos temas reconocibles. Jugabilidad: mecánicas funcionales, aunque con cierta rigidez, repetición o dificultad irregular. Motivo global: Título irregular, con ideas interesantes pero limitaciones visibles en control, ritmo o realización.;WWF Raw es un juego de lucha libre para Mega Drive con superestrellas de la WWF. Incluye combates uno contra uno, por parejas y modalidades con armas, manteniendo un estilo rápido y arcade.
High Seas Havoc;1993-08-16;3.53;n/a;Action - Platformer - 2D;High Seas Havoc, known in Japan as Captain Lang (キャプテン ラング Kyaputen Rangu) and in Europe as Capt'n Havoc, is a video game that was made for the Sega Mega Drive/Genesis by Data East. It was also released in the arcades running on a Sega Mega Drive/Genesis based arcade cabinet.;https://images.launchbox-app.com/1e05a5b1-e9fa-4a5d-91f5-7ab4198a8e04.jpg;7;7;7;7;Título correcto y entretenido, con virtudes claras aunque también algunas limitaciones de diseño o presentación.;High Seas Havoc;Gráficos: presentación competente, aunque con limitaciones visibles. Música: música funcional, con algunos temas reconocibles. Jugabilidad: mecánicas funcionales, aunque con cierta rigidez, repetición o dificultad irregular. Motivo global: Título correcto y entretenido, con virtudes claras aunque también algunas limitaciones de diseño o presentación.;High Seas Havoc es un plataformas de acción protagonizado por el pirata Havoc. Recorre islas y barcos, combate enemigos con espada y utiliza movimientos de agilidad en una aventura de estética colorida.
Top Gear 2;1994;3.53;n/a;Racing - Arcade - Automobile;Top Gear 2 (released as Top Racer 2 in Japan) is the sequel to the 1992 racer Top Gear. First released in August 1993 for the SNES, May 24, 1994 for the Sega Genesis and in 1994 for Amiga. It was developed by Gremlin Interactive and published by Kemco for the SNES and by Vic Tokai for the Genesis. While more realistic than its predecessor, Top Gear 2 maintained the arcade-style gameplay the series is known for;https://images.launchbox-app.com/83ab075d-a39c-4927-9808-75cd759d8712.jpg;7;7;7;7;Título correcto y entretenido, con virtudes claras aunque también algunas limitaciones de diseño o presentación.;Top Gear 2;Gráficos: presentación competente, aunque con limitaciones visibles. Música: música funcional, con algunos temas reconocibles. Jugabilidad: mecánicas funcionales, aunque con cierta rigidez, repetición o dificultad irregular. Motivo global: Título correcto y entretenido, con virtudes claras aunque también algunas limitaciones de diseño o presentación.;Top Gear 2 es un juego de carreras arcade con circuitos internacionales, mejoras de coche y carreras con combustible limitado. Mantiene un ritmo rápido y permite competir a dos jugadores en pantalla dividida.
WWF WrestleMania: The Arcade Game;1995;3.52;;Sports -Individual -Combat -Wrestling;WWF WrestleMania (released on home consoles as WWF WrestleMania: The Arcade Game) is a professional wrestling arcade game released by Midway Manufacturing Co. in 1995. It is based on the World Wrestling Federation (WWF) professional wrestling promotion.;https://images.launchbox-app.com/028443ba-df46-44c4-8834-8fb2e182e9e9.jpg;7;6;7;7;Título irregular, con ideas interesantes pero limitaciones visibles en control, ritmo o realización.;WWF WrestleMania: The Arcade Game;Gráficos: presentación competente, aunque con limitaciones visibles. Música: música funcional, con algunos temas reconocibles. Jugabilidad: mecánicas funcionales, aunque con cierta rigidez, repetición o dificultad irregular. Motivo global: Título irregular, con ideas interesantes pero limitaciones visibles en control, ritmo o realización.;WWF WrestleMania: The Arcade Game es un juego de lucha libre de estilo arcade basado en la WWF. Presenta movimientos exagerados, ataques poco realistas y combates rápidos con varias superestrellas de la época.
Scooby-Doo Mystery;1905-06-17;3.52;n/a;Adventure - Point-and-Click;Scooby-Doo Mystery is the name of two video games released by Acclaim Entertainment and Sunsoft in 1995 based on the Scooby-Doo animated series. One of the games was released for the Super Nintendo Entertainment System and is an adventure game with platforming elements. The other title, released for the Sega Genesis is a more traditional adventure game style interface. Both were released only in North America. In both games, players take control of Shaggy Rogers and Scooby-Doo, who help solve various mysteries with other members of Mystery Incorporated who serve minor roles during gameplay.;https://images.launchbox-app.com/9358d2b0-1694-40d3-bd50-478f817dff31.jpg;7;6;7;7;Título irregular, con ideas interesantes pero limitaciones visibles en control, ritmo o realización.;Scooby-Doo Mystery;Gráficos: presentación competente, aunque con limitaciones visibles. Música: música funcional, con algunos temas reconocibles. Jugabilidad: mecánicas funcionales, aunque con cierta rigidez, repetición o dificultad irregular. Motivo global: Título irregular, con ideas interesantes pero limitaciones visibles en control, ritmo o realización.;Scooby-Doo Mystery es una aventura de investigación para Mega Drive protagonizada por Scooby-Doo y Shaggy. El jugador recoge objetos, conversa con personajes y resuelve misterios mediante una interfaz de aventura clásica.
The Lion King;1994-12-08;3.52;n/a;Action - Platformer - 2D;The Lion King is a side-scrolling platformer developed by Westwood Studios and published by Virgin Interactive for the Sega Genesis. Based on Disney's 1994 animated film, the game follows Simba's journey from a young cub to an adult lion and his battle to reclaim his rightful place as king. Players control Simba through ten levels that follow the movie's plot, with the first six featuring cub Simba and the final four featuring adult Simba. As a cub, Simba can roar to stun enemies, jump on them, and roll. As an adult, Simba is stronger and can slash, maul, and throw enemies. The sprites and backgrounds were hand-drawn by Disney animators, and the music was adapted from the film's acclaimed soundtrack composed by Elton John and Hans Zimmer.;https://images.launchbox-app.com/36d16f7d-4e8d-458b-83de-ab319bd8800d.jpg;7;7;7;7;Título correcto y entretenido, con virtudes claras aunque también algunas limitaciones de diseño o presentación.;The Lion King;Gráficos: presentación competente, aunque con limitaciones visibles. Música: música funcional, con algunos temas reconocibles. Jugabilidad: mecánicas funcionales, aunque con cierta rigidez, repetición o dificultad irregular. Motivo global: Título correcto y entretenido, con virtudes claras aunque también algunas limitaciones de diseño o presentación.;The Lion King es un plataformas basado en la película de Disney. Simba atraviesa fases inspiradas en la historia, primero como cachorro y después como adulto, con animación dibujada a mano, música de la película y dificultad elevada.
Evander 'Real Deal' Holyfield's Boxing;1992-10-29;3.52;n/a;Sports - Individual - Combat - Boxing / Martial Arts;"Evander Holyfield's ""Real Deal"" Boxing is a boxing video game that was developed by ACME Interactive and published by Sega in 1992, released for the Mega Drive/Genesis and Game Gear consoles. It was followed by a sequel in 1994, Greatest Heavyweights, which featured a number of improvements.";https://images.launchbox-app.com/9b5cdf6b-42dc-4ac6-b4f5-dc16ebfdd7bb.jpg;7;6;7;7;Título irregular, con ideas interesantes pero limitaciones visibles en control, ritmo o realización.;Evander 'Real Deal' Holyfield's Boxing;Gráficos: presentación competente, aunque con limitaciones visibles. Música: música funcional, con algunos temas reconocibles. Jugabilidad: mecánicas funcionales, aunque con cierta rigidez, repetición o dificultad irregular. Motivo global: Título irregular, con ideas interesantes pero limitaciones visibles en control, ritmo o realización.;Evander 'Real Deal' Holyfield's Boxing es un juego de boxeo de Sega con combates de pesos pesados. Permite elegir púgiles, entrenar atributos y disputar peleas de estilo arcade basadas en el famoso campeón.
Cool Spot;1994-02-18;3.52;n/a;Action - Platformer - 2D;Cool Spot is a 1993 platformer video game developed and published by Virgin Games for the Mega Drive/Genesis and Super Nintendo Entertainment System. The game was later ported by other teams to Sega Master System, Sega Game Gear, Game Boy, Amiga and DOS in 1994. The title character is Cool Spot, a mascot for the soft drink brand 7 Up.;https://images.launchbox-app.com/5bd85bb3-c67a-408d-99bd-69a145dc5eaa.jpg;8;8;8;8;Título notable, con buenas ideas y una realización muy competente para Mega Drive.;Cool Spot;Gráficos: buen uso de los recursos gráficos de Mega Drive. Música: banda sonora sólida y bien integrada. Jugabilidad: jugabilidad sólida y accesible, con buen equilibrio general. Motivo global: Título notable, con buenas ideas y una realización muy competente para Mega Drive.;Cool Spot es un plataformas protagonizado por la mascota de 7 Up. El personaje recorre playas, juguetes y otros escenarios coloridos, recoge puntos y libera a sus compañeros mediante saltos y ataques a distancia.
Wiz 'n' Liz;1905-06-15;3.52;n/a;Action - Platformer - 2D;Wiz 'n' Liz: The Frantic Wabbit Wescue is a platform game developed by Raising Hell Software for the Amiga and Sega Mega Drive and published by Psygnosis in 1993. It is a humorous, cutesy platform game. With the exception of some end-of-level bosses, the game contains no enemies.;https://images.launchbox-app.com/b790c621-fec7-4620-a768-11da761dde14.jpg;7;7;7;7;Título correcto y entretenido, con virtudes claras aunque también algunas limitaciones de diseño o presentación.;Wiz 'n' Liz;Gráficos: presentación competente, aunque con limitaciones visibles. Música: música funcional, con algunos temas reconocibles. Jugabilidad: mecánicas funcionales, aunque con cierta rigidez, repetición o dificultad irregular. Motivo global: Título correcto y entretenido, con virtudes claras aunque también algunas limitaciones de diseño o presentación.;Wiz 'n' Liz es un plataformas de ritmo rápido y tono humorístico. Los magos protagonistas recogen frutas para elaborar hechizos y rescatar criaturas, en fases con pocos enemigos y gran énfasis en velocidad y cooperación.
Columns;1990-06-29;3.52;n/a;Puzzle - Matching;"A column or pillar in architecture and structural engineering is a structural element that transmits, through compression, the weight of the structure above to other structural elements below. In other words, a column is a compression member. The term column applies especially to a large round support (the shaft of the column) with a capital and a base or pedestal which is made of stone, or appearing to be so. A small wooden or metal support is typically called a post, and supports with a rectangular or other non-round section are usually called piers. For the purpose of wind or earthquake engineering, columns may be designed to resist lateral forces. Other compression members are often termed ""columns"" because of the similar stress conditions. Columns are frequently used to support beams or arches on which the upper parts of walls or ceilings rest. In architecture, ""column"" refers to such a structural element that also has certain proportional and decorative features. A column might also be a decorative element not needed for structural purposes; many columns are ""engaged"", that is to say form part of a wall.";https://images.launchbox-app.com/fa3d9974-96b8-476d-aba3-83298f7b94f7.jpg;7;6;7;7;Título irregular, con ideas interesantes pero limitaciones visibles en control, ritmo o realización.;Columns;Gráficos: presentación competente, aunque con limitaciones visibles. Música: música funcional, con algunos temas reconocibles. Jugabilidad: mecánicas funcionales, aunque con cierta rigidez, repetición o dificultad irregular. Motivo global: Título irregular, con ideas interesantes pero limitaciones visibles en control, ritmo o realización.;Columns es un juego de puzles de Sega en el que caen columnas de tres gemas. El objetivo es alinear colores iguales en filas, columnas o diagonales para eliminarlos y evitar que el tablero se llene.
Soldiers of Fortune;2005-06-15;3.52;n/a;Action - Shooter - Shoot-'Em-Up - Top-Down;Soldiers of Fortune is a 2012 American tongue-in-cheek action film directed by Maksim Korostyshevsky and starring Christian Slater, Dominic Monaghan, Sean Bean, James Cromwell and Ving Rhames. It was shot in Ukraine.;https://images.launchbox-app.com/4c76c956-3f2a-4641-8ca8-15f599896d45.jpg;7;7;8;7;Título correcto y entretenido, con virtudes claras aunque también algunas limitaciones de diseño o presentación.;Soldiers of Fortune;Gráficos: presentación competente, aunque con limitaciones visibles. Música: música funcional, con algunos temas reconocibles. Jugabilidad: jugabilidad sólida y accesible, con buen equilibrio general. Motivo global: Título correcto y entretenido, con virtudes claras aunque también algunas limitaciones de diseño o presentación.;Soldiers of Fortune es un juego de acción cenital conocido también como The Chaos Engine en algunos mercados. Controla mercenarios en escenarios de ciencia ficción, con disparos, mejoras de armas y cooperativo.
Zero Wing;2005-06-13;3.51;n/a;Action - Shooter - Shoot-'Em-Up - Horizontal;Zero Wing (ゼロウィング Zero Wingu) is a 1989 side-scrolling shoot 'em up arcade game developed by Toaplan and published by Taito. The player, Trent, is a lone hero who will save the universe from an evil force.;https://images.launchbox-app.com/4e747779-bdd1-4719-b5ad-bf8b419b44dd.jpg;7;7;8;7;Título correcto y entretenido, con virtudes claras aunque también algunas limitaciones de diseño o presentación.;Zero Wing;Gráficos: presentación competente, aunque con limitaciones visibles. Música: música funcional, con algunos temas reconocibles. Jugabilidad: jugabilidad sólida y accesible, con buen equilibrio general. Motivo global: Título correcto y entretenido, con virtudes claras aunque también algunas limitaciones de diseño o presentación.;Zero Wing es un shooter horizontal de Toaplan. La nave ZIG combate flotas enemigas con disparos y una garra que permite atrapar objetos o enemigos, en una aventura de ciencia ficción célebre por su introducción.
Rolo to the Rescue;2005-06-14;3.51;n/a;Action - Platformer - 2D;Rolo to the Rescue is a video game developed by British studio Vectordean and published by Electronic Arts for the Sega Mega Drive/Genesis, released in 1992. The game is a two-dimensional action game with platforming elements, starring Rolo the elephant. Several other animal characters are playable once Rolo rescues them.;https://images.launchbox-app.com/d4d7be56-95f9-440d-a71f-c3cc8e999bb2.jpg;7;7;7;7;Título correcto y entretenido, con virtudes claras aunque también algunas limitaciones de diseño o presentación.;Rolo to the Rescue;Gráficos: presentación competente, aunque con limitaciones visibles. Música: música funcional, con algunos temas reconocibles. Jugabilidad: mecánicas funcionales, aunque con cierta rigidez, repetición o dificultad irregular. Motivo global: Título correcto y entretenido, con virtudes claras aunque también algunas limitaciones de diseño o presentación.;Rolo to the Rescue es un plataformas protagonizado por un elefante que debe liberar animales de un circo. Al rescatar aliados, el jugador puede usar sus habilidades particulares para superar obstáculos.
Super Hang-On;1989-10-06;3.5;n/a;Racing - Arcade - Automobile;Super Hang-On (スーパーハング・オン) is a motorcycle racing arcade game released by Sega, and the sequel to the acclaimed Hang-On. A version of this game, in the full simulated-motorcycle cabinet used by the original Hang-On, was released in 1991 as Limited Edition Hang-On.;https://images.launchbox-app.com/86912219-f513-4aa6-903e-0c013b8e2f5e.jpg;7;7;7;7;Título correcto y entretenido, con virtudes claras aunque también algunas limitaciones de diseño o presentación.;Super Hang-On;Gráficos: presentación competente, aunque con limitaciones visibles. Música: música funcional, con algunos temas reconocibles. Jugabilidad: mecánicas funcionales, aunque con cierta rigidez, repetición o dificultad irregular. Motivo global: Título correcto y entretenido, con virtudes claras aunque también algunas limitaciones de diseño o presentación.;Super Hang-On es un juego de carreras de motos arcade de Sega. Propone recorridos internacionales, velocidad elevada y un modo de campaña que permite comprar mejoras para competir en circuitos más exigentes.
FIFA Soccer 95;2005-06-16;3.49;n/a;Sports - Team - Soccer - Sim;FIFA Soccer 95 is a 1994 sports video game developed and published by Electronic Arts. Based on the sport of association football, the game tasks the player with controlling a football team. The game was released for the Sega Genesis in November 1994. It is a sequel to FIFA International Soccer and the second game in the FIFA series. It is the only FIFA title to be not released on PC.;https://images.launchbox-app.com/81ab76aa-e7a1-4c2f-90fc-97a08f44f49d.jpg;7;6;7;7;Título irregular, con ideas interesantes pero limitaciones visibles en control, ritmo o realización.;FIFA Soccer 95;Gráficos: presentación competente, aunque con limitaciones visibles. Música: música funcional, con algunos temas reconocibles. Jugabilidad: mecánicas funcionales, aunque con cierta rigidez, repetición o dificultad irregular. Motivo global: Título irregular, con ideas interesantes pero limitaciones visibles en control, ritmo o realización.;FIFA Soccer 95 es un juego de fútbol de Electronic Arts para Mega Drive. Mejora la fórmula del primer FIFA con clubes, selecciones y una presentación isométrica, aunque mantiene una jugabilidad claramente arcade.
Zero tolerance;2005-06-16;3.49;n/a;Action - Shooter - First-Person - Arcade;"A zero-tolerance policy is one which imposes strict punishment for infractions of a stated rule, with the intention of eliminating undesirable conduct. Zero-tolerance policies forbid people in positions of authority from exercising discretion or changing punishments to fit the circumstances subjectively; they are required to impose a pre-determined punishment regardless of individual culpability, extenuating circumstances, or history. This pre-determined punishment, whether mild or severe, is always meted out.";https://images.launchbox-app.com/eeea74ce-c31b-464f-af51-c38bf83d8086.jpg;7;7;8;7;Título correcto y entretenido, con virtudes claras aunque también algunas limitaciones de diseño o presentación.;Zero tolerance;Gráficos: presentación competente, aunque con limitaciones visibles. Música: música funcional, con algunos temas reconocibles. Jugabilidad: jugabilidad sólida y accesible, con buen equilibrio general. Motivo global: Título correcto y entretenido, con virtudes claras aunque también algunas limitaciones de diseño o presentación.;Zero Tolerance es un shooter en primera persona exclusivo de Mega Drive. Permite elegir entre varios miembros de un equipo de asalto y combatir terroristas en estaciones espaciales con exploración y multijugador mediante pantalla dividida.
The Lost World: Jurassic Park;1997-09-16;3.49;n/a;Action - Platformer - 2D;The Lost World: Jurassic Park is a 1997 American science fiction adventure film and the second installment in the Jurassic Park film series. A sequel to 1993's Jurassic Park and loosely based on Michael Crichton's 1995 novel The Lost World, the film was directed by Steven Spielberg and written by David Koepp. The film stars Jeff Goldblum, returning as the chaos-theorist and eccentric mathematician Ian Malcolm, Julianne Moore, Pete Postlethwaite, Vince Vaughn, Vanessa Lee Chester, and Arliss Howard. Taking place four years after the events of the original film, John Hammond (Richard Attenborough) sends a team, led by Malcolm, to Isla Sorna, the second island InGen used to make the dinosaurs, to study the animals while coming into conflict with a team led by InGen to bring some of the dinosaurs back onto homeland.;https://images.launchbox-app.com/9017ece0-9d83-40ae-862d-3544e4cbc481.jpg;7;7;7;7;Título correcto y entretenido, con virtudes claras aunque también algunas limitaciones de diseño o presentación.;The Lost World: Jurassic Park;Gráficos: presentación competente, aunque con limitaciones visibles. Música: música funcional, con algunos temas reconocibles. Jugabilidad: mecánicas funcionales, aunque con cierta rigidez, repetición o dificultad irregular. Motivo global: Título correcto y entretenido, con virtudes claras aunque también algunas limitaciones de diseño o presentación.;The Lost World: Jurassic Park es un juego de acción y plataformas basado en la franquicia Jurassic Park. El jugador afronta niveles con dinosaurios, armas y entornos peligrosos inspirados en la isla y sus criaturas.
Toki: Going Ape Spit;2005-06-13;3.49;n/a;Action - Platformer - 2D;"Toki is a 1989 shoot 'em up platformer arcade game, or a ""run and gun"" developed and published in Japan by TAD Corporation and published in North America by Fabtek. It was designed by Akira Sakuma and features elements of tongue-in-cheek humor combined with the action. The player takes control of an enchanted ape who must battle hordes of jungle monsters with energy balls from his mouth. The ultimate goal is to destroy the evil wizard who cast a spell on the title protagonist; thereby transforming him from an ape back into a human, and rescuing the kidnapped princess. The game was ported to several video game consoles and home computers.";https://images.launchbox-app.com/cd0dae6f-9764-4de9-91fb-8db504f124f9.jpg;7;7;7;7;Título correcto y entretenido, con virtudes claras aunque también algunas limitaciones de diseño o presentación.;Toki: Going Ape Spit;Gráficos: presentación competente, aunque con limitaciones visibles. Música: música funcional, con algunos temas reconocibles. Jugabilidad: mecánicas funcionales, aunque con cierta rigidez, repetición o dificultad irregular. Motivo global: Título correcto y entretenido, con virtudes claras aunque también algunas limitaciones de diseño o presentación.;Toki: Going Ape Spit es un plataformas de acción protagonizado por un héroe transformado en simio. Dispara proyectiles por la boca, recoge mejoras y combate monstruos de la selva para recuperar su forma humana.
Disney's Toy Story;1996-04-26;3.49;n/a;Action - Platformer - 2D;Toy Story is a computer animated Disney media franchise that commenced in 1995 with the release of the animated film of the same name, produced by Pixar Animation Studios and released by Walt Disney Studios Motion Pictures. The franchise is based on the anthropomorphic concept that all toys, unknown to humans, are secretly alive, and the films focus on a diverse group of toys that feature a classic cowboy doll named Sheriff Woody and a modern spaceman action figure named Buzz Lightyear, principally voiced by Tom Hanks and Tim Allen, respectively. The group unexpectedly embark on adventures that challenge and change them.;https://images.launchbox-app.com/8c82cb7e-a5fd-4df0-88ce-30ba4e7489fd.jpg;7;7;7;7;Título correcto y entretenido, con virtudes claras aunque también algunas limitaciones de diseño o presentación.;Disney's Toy Story;Gráficos: presentación competente, aunque con limitaciones visibles. Música: música funcional, con algunos temas reconocibles. Jugabilidad: mecánicas funcionales, aunque con cierta rigidez, repetición o dificultad irregular. Motivo global: Título correcto y entretenido, con virtudes claras aunque también algunas limitaciones de diseño o presentación.;Disney's Toy Story es un plataformas de acción basado en la película de Pixar. Woody atraviesa niveles inspirados en la historia, con secuencias de plataformas, persecuciones y desafíos que aprovechan la ambientación de juguetes.
Mortal Kombat 3;1995-10-13;3.49;n/a;Action - Fighting - 2D;Mortal Kombat 3 (MK3) is a fighting video game developed by Midway / Atari Games and first released into arcades in 1995 as the third game in the Mortal Kombat series. As in the previous games, it has a cast of characters that players choose from and guide through a series of battles against other opponents. The game avoids the tournament storyline of its predecessors, as various warriors instead fight against the returning Shao Kahn, who has resurrected his bride Sindel and started an invasion of Earthrealm.;https://images.launchbox-app.com/e4f91cdd-c760-4b1f-80bf-824c441c8d9d.jpg;7;7;8;7;Título correcto y entretenido, con virtudes claras aunque también algunas limitaciones de diseño o presentación.;Mortal Kombat 3;Gráficos: presentación competente, aunque con limitaciones visibles. Música: música funcional, con algunos temas reconocibles. Jugabilidad: jugabilidad sólida y accesible, con buen equilibrio general. Motivo global: Título correcto y entretenido, con virtudes claras aunque también algunas limitaciones de diseño o presentación.;Mortal Kombat 3 es un juego de lucha de Midway que enfrenta a guerreros de distintos reinos contra Shao Kahn. Introduce combos encadenados, nuevos personajes, escenarios y fatalities, con un ritmo más rápido que sus predecesores.
Theme Park;2005-06-17;3.48;n/a;Strategy - Management - Business / Tycoon;Theme Park is a construction and management simulation video game developed by Bullfrog Productions and published by Electronic Arts in 1994. The player designs and operates an amusement park, with the goal of making money and creating theme parks worldwide. The game is the first instalment in Bullfrog's Theme series and their Designer Series.;https://images.launchbox-app.com//8be81208-cf87-4332-a900-888b598f2d48.jpg;7;6;7;7;Título irregular, con ideas interesantes pero limitaciones visibles en control, ritmo o realización.;Theme Park;Gráficos: presentación competente, aunque con limitaciones visibles. Música: música funcional, con algunos temas reconocibles. Jugabilidad: mecánicas funcionales, aunque con cierta rigidez, repetición o dificultad irregular. Motivo global: Título irregular, con ideas interesantes pero limitaciones visibles en control, ritmo o realización.;Theme Park es un simulador de gestión de Bullfrog en el que el jugador construye y administra parques de atracciones. Permite diseñar montañas rusas, fijar precios, contratar personal y expandirse por distintos países.
Gemfire;1992-06-24;3.47;n/a;Strategy - Turn-Based - General;Gemfire (released in Japan as Royal Blood or ロイヤルブラッド Roiyaru Buraddo, Super Royal Blood or スーパーロイヤルブラッド Sūpā Roiyaru Buraddo in its Super Famicom version) is a medieval war game for the MSX, Nintendo Entertainment System, Super NES, FM Towns, Mega Drive/Genesis, MS-DOS, and later Windows, developed by Koei. The object in the game is to unify a fictional island by force. Players use infantry, cavalry, and archers, as well as fantasy units such as magicians, dragons or gargoyles in order to capture the castle needed to control that particular territory.;https://images.launchbox-app.com/3b8d1f04-87c1-44ed-aa97-6e93154fb825.jpg;7;6;7;7;Título irregular, con ideas interesantes pero limitaciones visibles en control, ritmo o realización.;Gemfire;Gráficos: presentación competente, aunque con limitaciones visibles. Música: música funcional, con algunos temas reconocibles. Jugabilidad: mecánicas funcionales, aunque con cierta rigidez, repetición o dificultad irregular. Motivo global: Título irregular, con ideas interesantes pero limitaciones visibles en control, ritmo o realización.;Gemfire es un juego de estrategia por turnos de Koei ambientado en una isla de fantasía. El jugador dirige una familia noble, conquista territorios y emplea tropas, magia y criaturas para unificar el reino.
FIFA Soccer 96;1905-06-17;3.47;n/a;Sports - Team - Soccer - Sim;FIFA Soccer 96 (also known as FIFA 96: Virtual Soccer Stadium) is a video game developed by Extended Play Productions and released by Electronic Arts in 1995. It was released for the Mega Drive/Genesis, Sega Saturn, Sega 32X, Sega Game Gear, PlayStation, Super Nintendo Entertainment System and DOS systems.;https://images.launchbox-app.com/069bcea7-6689-4a6f-9f43-2fec3c991649.jpg;7;6;7;7;Título irregular, con ideas interesantes pero limitaciones visibles en control, ritmo o realización.;FIFA Soccer 96;Gráficos: presentación competente, aunque con limitaciones visibles. Música: música funcional, con algunos temas reconocibles. Jugabilidad: mecánicas funcionales, aunque con cierta rigidez, repetición o dificultad irregular. Motivo global: Título irregular, con ideas interesantes pero limitaciones visibles en control, ritmo o realización.;FIFA Soccer 96 es un juego de fútbol de Electronic Arts que incorpora equipos, selecciones y una presentación más elaborada. La versión de Mega Drive conserva la vista isométrica y el estilo de juego de la serie.
Michael Jackson's Moonwalker;1990-08-24;3.47;n/a;Action - Platformer - 2D;"Michael Jackson's Moonwalker is the name of several video games based on the 1988 Michael Jackson film Moonwalker. U.S. Gold published various games for home computers, released in 1989, while Sega developed two similarly themed beat 'em up video games in 1990; one released for arcades and another released for the Mega Drive/Genesis and Master System. Each of the games' stories loosely follow the story of the film, in which Michael Jackson must rescue kidnapped children from the evil Mr. Big, and incorporate synthesized versions of some of the musician's songs.";https://images.launchbox-app.com/17f9d5af-5de5-480b-b353-8c9f2f04f80a.jpg;7;7;7;7;Título correcto y entretenido, con virtudes claras aunque también algunas limitaciones de diseño o presentación.;Michael Jackson's Moonwalker;Gráficos: presentación competente, aunque con limitaciones visibles. Música: música funcional, con algunos temas reconocibles. Jugabilidad: mecánicas funcionales, aunque con cierta rigidez, repetición o dificultad irregular. Motivo global: Título correcto y entretenido, con virtudes claras aunque también algunas limitaciones de diseño o presentación.;Michael Jackson's Moonwalker es un beat em up de Sega inspirado en la película y la música de Michael Jackson. El protagonista rescata niños, usa ataques de baile y activa canciones famosas para derrotar enemigos.
FIFA International Soccer;1905-06-15;3.47;n/a;Sports - Team - Soccer - Sim;FIFA International Soccer is a 1993 sports video game developed by EA Canada's Extended Play Productions team and published by Electronic Arts. Based on the sport of association football, the game tasks the player with controlling a football team. The game was released for the Sega Genesis/Mega Drive console in December 1993 and ported to numerous other systems in 1994.;https://images.launchbox-app.com/30828883-c25c-46ed-bf2d-67f36392e250.jpg;7;6;7;7;Título irregular, con ideas interesantes pero limitaciones visibles en control, ritmo o realización.;FIFA International Soccer;Gráficos: presentación competente, aunque con limitaciones visibles. Música: música funcional, con algunos temas reconocibles. Jugabilidad: mecánicas funcionales, aunque con cierta rigidez, repetición o dificultad irregular. Motivo global: Título irregular, con ideas interesantes pero limitaciones visibles en control, ritmo o realización.;FIFA International Soccer es el primer juego de la serie FIFA de Electronic Arts. Introdujo la vista isométrica, selecciones nacionales y un fútbol de ritmo arcade que marcó el inicio de una franquicia duradera.
Spider-Man & Venom: Maximum Carnage;1994-09-16;3.46;n/a;Action - Beat-'Em-Up - 2D;Spider-Man and Venom: Maximum Carnage is a side-scrolling beat 'em up game for the Super Nintendo Entertainment System and Mega Drive/Genesis, developed by Software Creations and published by Acclaim Entertainment and its subsidiary LJN in 1994. The game, based on the comic book story arc of the same name, features numerous heroes, including Spider-Man, Venom, and their allies from the Marvel Comics fictional universe like Captain America, Black Cat, Iron Fist, Cloak and Dagger, Deathlok, Morbius and Firestar, all teaming up to battle an onslaught of villains led by Carnage, including Shriek, Doppelganger, Demogoblin and Carrion;https://images.launchbox-app.com/d00f9756-8ad4-4edc-8f2e-ba075340b547.jpg;7;7;7;7;Título correcto y entretenido, con virtudes claras aunque también algunas limitaciones de diseño o presentación.;Spider-Man & Venom: Maximum Carnage;Gráficos: presentación competente, aunque con limitaciones visibles. Música: música funcional, con algunos temas reconocibles. Jugabilidad: mecánicas funcionales, aunque con cierta rigidez, repetición o dificultad irregular. Motivo global: Título correcto y entretenido, con virtudes claras aunque también algunas limitaciones de diseño o presentación.;Spider-Man & Venom: Maximum Carnage es un beat em up basado en el cómic de Marvel. Spider-Man y Venom luchan contra Carnage y sus aliados, con apariciones de otros héroes y una campaña de acción lateral.
X-Men;1993;3.46;n/a;Action - Platformer - 2D;X-Men is an American superhero film series based on the fictional superhero team of the same name, who originally appeared in a series of comic books created by Stan Lee and Jack Kirby and published by Marvel Comics. 20th Century Fox obtained the film rights to the characters in 1994, and after numerous drafts, Bryan Singer was hired to direct the first film, released in 2000, and its sequel, X2 (2003), while Brett Ratner directed X-Men: The Last Stand (2006).;https://images.launchbox-app.com/4e5832a1-d3a3-4e1f-8689-3ba8595b7e94.jpg;7;7;7;7;Título correcto y entretenido, con virtudes claras aunque también algunas limitaciones de diseño o presentación.;X-Men;Gráficos: presentación competente, aunque con limitaciones visibles. Música: música funcional, con algunos temas reconocibles. Jugabilidad: mecánicas funcionales, aunque con cierta rigidez, repetición o dificultad irregular. Motivo global: Título correcto y entretenido, con virtudes claras aunque también algunas limitaciones de diseño o presentación.;X-Men es un juego de acción y plataformas de Sega protagonizado por varios mutantes. El jugador utiliza poderes de personajes como Wolverine, Cyclops o Gambit para combatir a Magneto y sus fuerzas.
NHL 97;1905-06-18;3.46;n/a;Sports - Team - Ice Hockey - Sim;NHL 97 is an ice hockey video game by EA Sports. It was released on October 31, 1996 and was the successor to NHL 96. It is the sixth installment of the NHL series and the first to be released on both PlayStation and Saturn. A Panasonic M2 version was in development and slated to be one of the launch titles for it, but never happened due to the cancellation of the system;https://images.launchbox-app.com/ce1ce266-428a-4b0c-a059-646dc19f58f4.jpg;7;6;7;7;Título irregular, con ideas interesantes pero limitaciones visibles en control, ritmo o realización.;NHL 97;Gráficos: presentación competente, aunque con limitaciones visibles. Música: música funcional, con algunos temas reconocibles. Jugabilidad: mecánicas funcionales, aunque con cierta rigidez, repetición o dificultad irregular. Motivo global: Título irregular, con ideas interesantes pero limitaciones visibles en control, ritmo o realización.;NHL 97 es un juego de hockey sobre hielo de EA Sports. Incluye equipos y jugadores profesionales, modos de temporada y una presentación deportiva más moderna dentro de las últimas entregas de Mega Drive.
WWF Royal Rumble;1993-09-15;3.46;n/a;Sports - Individual - Combat - Wrestling;The Royal Rumble is a professional wrestling event, produced every January since 1988 by professional wrestling promotion WWE. It is named after the Royal Rumble match, a battle royal whose participants enter at timed intervals;https://images.launchbox-app.com/436a4441-e021-41d3-9c85-449b8646eecf.jpg;7;6;7;7;Título irregular, con ideas interesantes pero limitaciones visibles en control, ritmo o realización.;WWF Royal Rumble;Gráficos: presentación competente, aunque con limitaciones visibles. Música: música funcional, con algunos temas reconocibles. Jugabilidad: mecánicas funcionales, aunque con cierta rigidez, repetición o dificultad irregular. Motivo global: Título irregular, con ideas interesantes pero limitaciones visibles en control, ritmo o realización.;WWF Royal Rumble es un juego de lucha libre con combates de hasta seis participantes. Incluye superestrellas de la WWF, modos individuales y por parejas, y un enfoque más arcade que de simulación.
Splatterhouse 2;1992-08-03;3.45;n/a;Action - Beat-'Em-Up - 2D;Splatterhouse 2, known in Japan as Splatterhouse Part 2 (スプラッターハウスPART2) is a sidescrolling beat 'em up video game released in 1992 on the Mega Drive/Genesis home video game console published by Namco. It is the sequel to Splatterhouse.;https://images.launchbox-app.com/f8275373-2885-4782-8aca-cf825129a513.jpg;7;7;7;7;Título correcto y entretenido, con virtudes claras aunque también algunas limitaciones de diseño o presentación.;Splatterhouse 2;Gráficos: presentación competente, aunque con limitaciones visibles. Música: música funcional, con algunos temas reconocibles. Jugabilidad: mecánicas funcionales, aunque con cierta rigidez, repetición o dificultad irregular. Motivo global: Título correcto y entretenido, con virtudes claras aunque también algunas limitaciones de diseño o presentación.;Splatterhouse 2 es un beat em up de terror protagonizado por Rick y su máscara maldita. Recorre mansiones y escenarios macabros, combate monstruos y utiliza armas improvisadas en una secuela más oscura y exigente.
Bishoujo Senshi Sailor Moon;1994-07-08;3.45;n/a;Action - Beat-'Em-Up - 2D;"Sailor Moon (美少女戦士セーラームーン Bishōjo Senshi Sērā Mūn, originally translated as Pretty Soldier Sailor Moon and later as Pretty Guardian Sailor Moon) is a Japanese shōjo manga series written and illustrated by Naoko Takeuchi. It was originally serialized in Nakayoshi from 1991 to 1997; the 60 individual chapters were published in 18 tankōbon volumes. The series follows the adventures of a schoolgirl named Usagi Tsukino as she transforms into Sailor Moon to search for a magical artifact, the ""Legendary Silver Crystal"" (「幻の銀水晶」 Maboroshi no Ginzuishō, lit. ""Phantom Silver Crystal""). She leads a diverse group of comrades, the Sailor Soldiers (セーラー戦士 Sērā Senshi) (Sailor Guardians in later editions) as they battle against villains to prevent the theft of the Silver Crystal and the destruction of the Solar System.";https://images.launchbox-app.com/5f7c2aa6-bcba-43f5-8d9f-171d24b93685.jpg;7;7;7;7;Título correcto y entretenido, con virtudes claras aunque también algunas limitaciones de diseño o presentación.;Bishoujo Senshi Sailor Moon;Gráficos: presentación competente, aunque con limitaciones visibles. Música: música funcional, con algunos temas reconocibles. Jugabilidad: mecánicas funcionales, aunque con cierta rigidez, repetición o dificultad irregular. Motivo global: Título correcto y entretenido, con virtudes claras aunque también algunas limitaciones de diseño o presentación.;Bishoujo Senshi Sailor Moon es un beat em up basado en el manga y anime Sailor Moon. Las guerreras luchan contra enemigos con golpes, ataques especiales y transformaciones en una aventura de desplazamiento lateral.
Mr. Nutz;1905-06-16;3.45;n/a;Action - Platformer - 2D;Mr. Nutz is a side scrolling, 2D platformer video game published by Ocean Software. It was first released for the Super Nintendo Entertainment System in late 1993, in Europe, then was released in North America and Japan in 1994. In 1994, it was released for the Sega Mega Drive as Ocean's first Sega game, and on the Game Boy. It was also released on the Sega Channel in 1995, the Game Boy Color in 1999, and remade for the Game Boy Advance in 2001.;https://images.launchbox-app.com/6160bd40-6f2a-4873-b423-3f27661ef074.jpg;7;7;7;7;Título correcto y entretenido, con virtudes claras aunque también algunas limitaciones de diseño o presentación.;Mr. Nutz;Gráficos: presentación competente, aunque con limitaciones visibles. Música: música funcional, con algunos temas reconocibles. Jugabilidad: mecánicas funcionales, aunque con cierta rigidez, repetición o dificultad irregular. Motivo global: Título correcto y entretenido, con virtudes claras aunque también algunas limitaciones de diseño o presentación.;Mr. Nutz es un plataformas de acción protagonizado por una ardilla. Recorre escenarios coloridos, recoge objetos y derrota enemigos con saltos y ataques, en una adaptación de un juego de origen europeo.
Lemmings;2005-06-14;3.45;n/a;Puzzle - Action;A lemming is a small rodent, usually found in or near the Arctic in tundra biomes. Lemmings make up the subfamily Arvicolinae (also known as Microtinae) together with voles and muskrats, which form part of the superfamily Muroidea, which also includes rats, mice, hamsters, and gerbils;https://images.launchbox-app.com/7e021cae-6760-4233-890f-4c0c7d89920d.jpg;7;6;7;7;Título irregular, con ideas interesantes pero limitaciones visibles en control, ritmo o realización.;Lemmings;Gráficos: presentación competente, aunque con limitaciones visibles. Música: música funcional, con algunos temas reconocibles. Jugabilidad: mecánicas funcionales, aunque con cierta rigidez, repetición o dificultad irregular. Motivo global: Título irregular, con ideas interesantes pero limitaciones visibles en control, ritmo o realización.;Lemmings es un juego de puzles en el que el jugador asigna habilidades a pequeños personajes para guiarlos hasta la salida. Cada fase exige planificar puentes, túneles, bloqueos y sacrificios para salvar al mayor número posible.
Jurassic Park: Rampage Edition;1905-06-16;3.45;n/a;Action - Platformer - 2D;Jurassic Park: Rampage Edition is a 1994 side-scrolling video game developed by BlueSky Software and published by Sega for the Sega Genesis. It is the sequel to Sega's previous Jurassic Park video game, based on the film of the same name and also released for the Genesis. Jurassic Park: Rampage Edition is a revamped version of its predecessor, featuring similar gameplay with several changes, and a new story that continues from where the previous game ended.;https://images.launchbox-app.com/1ca3b61a-3439-4097-a85c-8488405251b0.jpg;7;7;7;7;Título correcto y entretenido, con virtudes claras aunque también algunas limitaciones de diseño o presentación.;Jurassic Park: Rampage Edition;Gráficos: presentación competente, aunque con limitaciones visibles. Música: música funcional, con algunos temas reconocibles. Jugabilidad: mecánicas funcionales, aunque con cierta rigidez, repetición o dificultad irregular. Motivo global: Título correcto y entretenido, con virtudes claras aunque también algunas limitaciones de diseño o presentación.;Jurassic Park: Rampage Edition es un juego de acción lateral que continúa la historia del título anterior de Mega Drive. Permite controlar a Alan Grant o a un velocirraptor en fases llenas de dinosaurios, armas y peligros.
Jewel Master;1991-08-29;3.45;n/a;Action - Platformer - 2D;Jewel Master (ジュエル・マスター) is a 1991 video game for the Mega Drive/Genesis game console. It takes place in the country of Mythgard, where the protagonist, The Jewel Master must traverse the harsh lands ranging from scorching deserts to rugged mountains and through long forgotten ruins to collect the 12 elemental rings and save Mythgard from the clutches of the Demon King, Jardine the Mad.;https://images.launchbox-app.com/cb5d29ee-d063-4cb5-8916-e64e8dd9fe7f.jpg;7;7;7;7;Título correcto y entretenido, con virtudes claras aunque también algunas limitaciones de diseño o presentación.;Jewel Master;Gráficos: presentación competente, aunque con limitaciones visibles. Música: música funcional, con algunos temas reconocibles. Jugabilidad: mecánicas funcionales, aunque con cierta rigidez, repetición o dificultad irregular. Motivo global: Título correcto y entretenido, con virtudes claras aunque también algunas limitaciones de diseño o presentación.;Jewel Master es un plataformas de acción y fantasía en el que un héroe debe reunir doce anillos elementales. Cada combinación de joyas concede poderes distintos para combatir y atravesar desiertos, cuevas y ruinas.
The Flintstones;1993-10-22;3.44;n/a;Action - Platformer - 2D;The Flintstones is an American animated sitcom produced by Hanna-Barbera for ABC. The series takes place in a romanticized Stone Age setting, and follows the activities of the titular family, the Flintstones, and their next-door neighbors, the Rubbles (who are also their best friends). It was originally broadcast from September 30, 1960, until April 1, 1966, as the first animated series to hold a prime time slot.;https://images.launchbox-app.com/e46e7158-9dca-48e7-9e4c-5ffc3b2bd925.jpg;7;7;7;7;Título correcto y entretenido, con virtudes claras aunque también algunas limitaciones de diseño o presentación.;The Flintstones;Gráficos: presentación competente, aunque con limitaciones visibles. Música: música funcional, con algunos temas reconocibles. Jugabilidad: mecánicas funcionales, aunque con cierta rigidez, repetición o dificultad irregular. Motivo global: Título correcto y entretenido, con virtudes claras aunque también algunas limitaciones de diseño o presentación.;The Flintstones es un plataformas basado en Los Picapiedra. Fred Flintstone recorre escenarios prehistóricos, usa objetos como armas y trata de resolver los problemas que amenazan a su familia y vecinos.
After Burner II;1990-03-22;3.43;n/a;Action - Shooter - Shoot-'Em-Up - Vertical;After Burner II is an arcade-style flight game released by Sega in October 1987. It is the second game in the After Burner series. In the game, players fly a F-14 Tomcat jet fighter, gunning down enemies while avoiding incoming fire. After Burner II came both a standard arcade cabinet and a servo actuated, sit-down version which moved according to the motion of the plane onscreen. The cockpit would bank in the same direction the on-screen aircraft was banking;https://images.launchbox-app.com/3acadc56-7e17-4af4-9c6e-37776d17be49.jpg;7;7;8;7;Título correcto y entretenido, con virtudes claras aunque también algunas limitaciones de diseño o presentación.;After Burner II;Gráficos: presentación competente, aunque con limitaciones visibles. Música: música funcional, con algunos temas reconocibles. Jugabilidad: jugabilidad sólida y accesible, con buen equilibrio general. Motivo global: Título correcto y entretenido, con virtudes claras aunque también algunas limitaciones de diseño o presentación.;After Burner II es un juego de combate aéreo arcade de Sega. El jugador pilota un F-14 Tomcat, dispara misiles y cañones contra escuadrones enemigos y esquiva ataques a gran velocidad.
FIFA Soccer 97;1996;3.43;n/a;Sports - Team - Soccer - Sim;FIFA 97 (also known as FIFA Soccer 97) is a video game developed by EA Canada and published by Electronic Arts based on the game of football (soccer). It was released for the PC on June 24, 1996 and versions for PlayStation, SNES, Mega Drive and Sega Saturn followed.;https://images.launchbox-app.com/8d604eca-4341-4b7f-8c4d-44c802c0c2c0.jpg;7;6;7;7;Título irregular, con ideas interesantes pero limitaciones visibles en control, ritmo o realización.;FIFA Soccer 97;Gráficos: presentación competente, aunque con limitaciones visibles. Música: música funcional, con algunos temas reconocibles. Jugabilidad: mecánicas funcionales, aunque con cierta rigidez, repetición o dificultad irregular. Motivo global: Título irregular, con ideas interesantes pero limitaciones visibles en control, ritmo o realización.;FIFA Soccer 97 es una entrega de fútbol de Electronic Arts para Mega Drive. Incluye equipos y selecciones, un estilo de juego isométrico y una presentación actualizada dentro de las últimas ediciones de la consola.
OutRun 2019;1993;3.43;n/a;Racing - Arcade - Automobile;"OutRun 2019 (アウトラン 2019) is a Sega Mega Drive/Genesis-only pseudo-sequel to Out Run that takes place in the future. The object is to race against a time limit in a rocket-boosted car across four different stages around the world. Like the original Out Run, there is a fork in the road before each checkpoint; however, there can also be forks within a single route.";https://images.launchbox-app.com/37042d80-c812-4cf0-9698-cc9c39ec1e74.jpg;7;7;7;7;Título correcto y entretenido, con virtudes claras aunque también algunas limitaciones de diseño o presentación.;OutRun 2019;Gráficos: presentación competente, aunque con limitaciones visibles. Música: música funcional, con algunos temas reconocibles. Jugabilidad: mecánicas funcionales, aunque con cierta rigidez, repetición o dificultad irregular. Motivo global: Título correcto y entretenido, con virtudes claras aunque también algunas limitaciones de diseño o presentación.;OutRun 2019 es una secuela futurista de OutRun exclusiva de Mega Drive. El jugador conduce un coche con propulsor por rutas con bifurcaciones, intentando superar los controles antes de que finalice el tiempo.
Arrow Flash;1905-06-12;3.43;n/a;Action - Shooter - Shoot-'Em-Up - Horizontal;Arrow Flash (Japanese: アローフラッシュ Hepburn: Arō Furasshu) is a scrolling shooter video game developed by Sega and published by Sega in Japan and Europe and by Renovation Products in the United States for the Sega Mega Drive/Genesis in 1990. The game's main character pilots a prototype transformable fighter-mecha left from her grandfather to fight against an alien attack on humankind. The game is mostly a horizontal shooter, with one down scrolling stage.;https://images.launchbox-app.com/f9c02e15-c5e4-4992-8a77-9a7d656ab2dd.jpg;7;7;8;7;Título correcto y entretenido, con virtudes claras aunque también algunas limitaciones de diseño o presentación.;Arrow Flash;Gráficos: presentación competente, aunque con limitaciones visibles. Música: música funcional, con algunos temas reconocibles. Jugabilidad: jugabilidad sólida y accesible, con buen equilibrio general. Motivo global: Título correcto y entretenido, con virtudes claras aunque también algunas limitaciones de diseño o presentación.;Arrow Flash es un shooter horizontal de Sega protagonizado por una piloto que controla un caza transformable. La nave puede convertirse en mecha y utilizar ataques especiales para defender a la humanidad de una invasión alienígena.
Batman: The Video Game;1990-07-19;3.43;n/a;Action - Platformer - 2D;Batman, Batman: The Caped Crusader, and Batman: The Movie were produced by Sunsoft and Ocean Software, until the Batman Returns license was passed onto Konami and Sega, and the Batman Forever and Batman and Robin licenses were awarded to Acclaim. The video game version of Batman Begins was published by Electronic Arts.;https://images.launchbox-app.com/04a55bef-53bd-4c26-bb7a-f70aae85f1a4.jpg;7;7;7;7;Título correcto y entretenido, con virtudes claras aunque también algunas limitaciones de diseño o presentación.;Batman: The Video Game;Gráficos: presentación competente, aunque con limitaciones visibles. Música: música funcional, con algunos temas reconocibles. Jugabilidad: mecánicas funcionales, aunque con cierta rigidez, repetición o dificultad irregular. Motivo global: Título correcto y entretenido, con virtudes claras aunque también algunas limitaciones de diseño o presentación.;Batman: The Video Game es un plataformas de acción de Sunsoft basado en el héroe de DC. Batman combate criminales con batarangs, salta entre escenarios urbanos y se enfrenta a villanos en una aventura de estilo oscuro.
Bonanza Bros;1991-05-16;3.43;n/a;Action - Platformer - 2D;Bonanza Bros. (sometimes written Bonanza Brothers) is a 1990 3D-style, 2D shooting platform arcade game by Sega. It is one of the earliest arcade games powered by the Sega System 24 arcade system board.;https://images.launchbox-app.com/081caf0a-f300-4d61-9567-1d7a80f794ac.jpg;7;7;7;7;Título correcto y entretenido, con virtudes claras aunque también algunas limitaciones de diseño o presentación.;Bonanza Bros;Gráficos: presentación competente, aunque con limitaciones visibles. Música: música funcional, con algunos temas reconocibles. Jugabilidad: mecánicas funcionales, aunque con cierta rigidez, repetición o dificultad irregular. Motivo global: Título correcto y entretenido, con virtudes claras aunque también algunas limitaciones de diseño o presentación.;Bonanza Bros. es un juego de acción y sigilo de Sega en el que dos ladrones deben robar objetos y escapar sin ser detenidos. Combina disparos, escondites, cooperación y escenarios de perspectiva inclinada.
Donald in Maui Mallard;1995-12-08;3.43;n/a;Action - Platformer - 2D;Maui Mallard in Cold Shadow, known as Donald in Maui Mallard in some markets, is a platforming video game developed and published by Disney Interactive Studios. The game was released in Brazil in 1995 and in Europe on December 8, 1995, for the Sega Mega Drive/Genesis. It was also ported by Eurocom Entertainment Software to the SNES and released in North America in January 1997, in Europe on November 28, 1996, and in Japan on December 20, 1996. A Microsoft Windows port was released in North America on September 30, 1996. It was ported one last time to the Game Boy by Bonsai Entertainment Corp., released in North America in August 1998.;https://images.launchbox-app.com/3c710d29-e9e1-4beb-8ae0-c62c9f495992.jpg;7;7;7;7;Título correcto y entretenido, con virtudes claras aunque también algunas limitaciones de diseño o presentación.;Donald in Maui Mallard;Gráficos: presentación competente, aunque con limitaciones visibles. Música: música funcional, con algunos temas reconocibles. Jugabilidad: mecánicas funcionales, aunque con cierta rigidez, repetición o dificultad irregular. Motivo global: Título correcto y entretenido, con virtudes claras aunque también algunas limitaciones de diseño o presentación.;Donald in Maui Mallard es un plataformas de Disney protagonizado por Donald Duck. Alterna entre su forma normal y un ninja, con habilidades distintas para superar enemigos, puzles y escenarios de inspiración tropical y asiática.
Battletech;1994;3.42;n/a;Simulation - Vehicle - Combat;BattleTech is a wargaming and military science fiction franchise launched by FASA Corporation in 1984, acquired by WizKids in 2001, and owned since 2003 by Topps. The series began with FASA's debut of the board game BattleTech (originally named BattleDroids) by Jordan Weisman and L. Ross Babcock III and has since grown to include numerous expansions to the original game, several board games, role playing games, video games, a collectible card game, a series of more than 100 novels, and an animated television series;https://images.launchbox-app.com/cb7677b1-9a08-465c-853a-1a9242884ad1.jpg;7;6;7;7;Título irregular, con ideas interesantes pero limitaciones visibles en control, ritmo o realización.;Battletech;Gráficos: presentación competente, aunque con limitaciones visibles. Música: música funcional, con algunos temas reconocibles. Jugabilidad: mecánicas funcionales, aunque con cierta rigidez, repetición o dificultad irregular. Motivo global: Título irregular, con ideas interesantes pero limitaciones visibles en control, ritmo o realización.;BattleTech es un juego de combate de mechas basado en el universo homónimo. El jugador pilota un BattleMech, combate fuerzas enemigas y gestiona el armamento en misiones de acción con ambientación militar futurista.
Ys III: Wanderers from Ys;1991;3.42;n/a;Role-Playing - Action RPG;Ys III: Wanderers from Ys (イースIII – ワンダラーズフロムイース Īsu Surī – Wandarāzu Furomu Īsu) is an action role-playing video developed by Nihon Falcom. It is the third game in the Ys series.;https://images.launchbox-app.com/8596ccad-0dca-4a02-b629-a3de154b99d1.png;7;7;7;7;Título correcto y entretenido, con virtudes claras aunque también algunas limitaciones de diseño o presentación.;Ys III: Wanderers from Ys;Gráficos: presentación competente, aunque con limitaciones visibles. Música: música funcional, con algunos temas reconocibles. Jugabilidad: mecánicas funcionales, aunque con cierta rigidez, repetición o dificultad irregular. Motivo global: Título correcto y entretenido, con virtudes claras aunque también algunas limitaciones de diseño o presentación.;Ys III: Wanderers from Ys es un action RPG de Falcom protagonizado por Adol Christin. Combina exploración de pueblos, mejora de equipo y combates de desplazamiento lateral en una aventura de fantasía.
Boogerman: A Pick and Flick Adventure;1994;3.42;n/a;Action - Platformer - 2D;Boogerman: A Pick and Flick Adventure is a 2D platform video game created by Interplay Productions and released for the Sega Mega Drive/Genesis in 1994 and later on the Super Nintendo Entertainment System (SNES) in 1995. The Genesis version was also released on the Wii Virtual Console in North America on November 24, 2008 and in Europe on December 12, 2008. The game's lead character also made a cameo appearance as a playable character and the rival of Earthworm Jim in Interplay's ClayFighter 63⅓;https://images.launchbox-app.com/415f1414-9d13-43d7-bcd8-e3ebf3c9c774.jpg;7;7;7;7;Título correcto y entretenido, con virtudes claras aunque también algunas limitaciones de diseño o presentación.;Boogerman: A Pick and Flick Adventure;Gráficos: presentación competente, aunque con limitaciones visibles. Música: música funcional, con algunos temas reconocibles. Jugabilidad: mecánicas funcionales, aunque con cierta rigidez, repetición o dificultad irregular. Motivo global: Título correcto y entretenido, con virtudes claras aunque también algunas limitaciones de diseño o presentación.;Boogerman es un plataformas de humor escatológico protagonizado por un superhéroe que usa mocos, eructos y flatulencias como ataques. Recorre mundos caricaturescos con niveles llenos de secretos y enemigos absurdos.
Phantasy Star III: Generations of Doom;Jul-91;3.41;n/a;Role-Playing - Japanese-Style;"Phantasy Star III: Generations of Doom, released in Japan as Toki no Keishōsha: Phantasy Star III (時の継承者 ファンタシースターIII, lit. ""Successors of Time: Phantasy Star III""), is a role-playing game that was released for the Mega Drive/Genesis in Japan in April 1990 and in western countries in 1991. It was also released in three different compilations known as The Phantasy Star Collection for the Sega Saturn and Game Boy Advance, and The Sega Genesis Collection for the PlayStation 2 and PSP, and later re-released on the Virtual Console. It was featured in Sonic's Ultimate Genesis Collection for the Xbox 360 and PlayStation 3.";https://images.launchbox-app.com/b15fef55-51d3-4b57-9352-24bf9e71ba20.jpg;7;7;7;7;Título correcto y entretenido, con virtudes claras aunque también algunas limitaciones de diseño o presentación.;Phantasy Star III: Generations of Doom;Gráficos: presentación competente, aunque con limitaciones visibles. Música: música funcional, con algunos temas reconocibles. Jugabilidad: mecánicas funcionales, aunque con cierta rigidez, repetición o dificultad irregular. Motivo global: Título correcto y entretenido, con virtudes claras aunque también algunas limitaciones de diseño o presentación.;Phantasy Star III es un RPG de Sega que narra una historia a lo largo de varias generaciones. Las decisiones de matrimonio cambian descendientes y rutas de la aventura, que combina exploración, combates por turnos y ciencia ficción.
Pocahontas;1905-06-18;3.4;n/a;Action - Platformer - 2D;This article is about the Powhatan child. For the Disney film, see Pocahontas (1995 film). For the Disney character, see Pocahontas (character). For other uses, see Pocahontas (disambiguation).;https://images.launchbox-app.com/8f2c17db-ca6e-4d26-9f73-e5781729027f.jpg;7;7;7;7;Título correcto y entretenido, con virtudes claras aunque también algunas limitaciones de diseño o presentación.;Pocahontas;Gráficos: presentación competente, aunque con limitaciones visibles. Música: música funcional, con algunos temas reconocibles. Jugabilidad: mecánicas funcionales, aunque con cierta rigidez, repetición o dificultad irregular. Motivo global: Título correcto y entretenido, con virtudes claras aunque también algunas limitaciones de diseño o presentación.;Pocahontas es un plataformas de Disney basado en la película animada. La protagonista explora bosques y aldeas, usa la ayuda de animales y habilidades naturales para resolver puzles y superar obstáculos.
Thunder Force II;1989-08-14;3.4;n/a;Action - Shooter - Shoot-'Em-Up - Horizontal;Thunder Force II (サンダーフォースII) is a scrolling shooter developed by Technosoft. It was first released in Japan on October 15, 1988 for the Sharp X68000 computer. A year later, it was ported to the Sega Mega Drive/Genesis game console and released in Japan (under the name Thunder Force II MD), Europe, and the United States. Thunder Force II was one of the six launch titles for the U.S. Genesis release. It is the second chapter of the Thunder Force series.;https://images.launchbox-app.com/c38924f7-188a-4ec3-8122-176f82050a67.jpg;7;7;8;7;Título correcto y entretenido, con virtudes claras aunque también algunas limitaciones de diseño o presentación.;Thunder Force II;Gráficos: presentación competente, aunque con limitaciones visibles. Música: música funcional, con algunos temas reconocibles. Jugabilidad: jugabilidad sólida y accesible, con buen equilibrio general. Motivo global: Título correcto y entretenido, con virtudes claras aunque también algunas limitaciones de diseño o presentación.;Thunder Force II combina fases de exploración cenital con niveles de disparos laterales. Fue uno de los primeros shooters de Mega Drive y propone una acción exigente con armas mejorables y escenarios de ciencia ficción.
Tom Mason's Dinosaurs for Hire;1993-05-01;3.4;n/a;Action - Platformer - 2D;Dinosaurs for Hire is an American comic book series created by Tom Mason in 1988. It was first published by Eternity Comics and ran nine issues until 1990 when it was cancelled. The title returned to publication in 1993 by Malibu Comics, which had purchased Eternity as an imprint.;https://images.launchbox-app.com/eda998d2-5c48-4b76-b956-5135f4375d20.jpg;7;7;7;7;Título correcto y entretenido, con virtudes claras aunque también algunas limitaciones de diseño o presentación.;Tom Mason's Dinosaurs for Hire;Gráficos: presentación competente, aunque con limitaciones visibles. Música: música funcional, con algunos temas reconocibles. Jugabilidad: mecánicas funcionales, aunque con cierta rigidez, repetición o dificultad irregular. Motivo global: Título correcto y entretenido, con virtudes claras aunque también algunas limitaciones de diseño o presentación.;Dinosaurs for Hire es un juego de acción y disparos basado en el cómic homónimo. Permite controlar dinosaurios mercenarios armados en fases laterales llenas de enemigos, explosiones y humor irreverente.
Spot Goes To Hollywood;1995;3.39;n/a;Action - Platformer - 2D;Spot Goes to Hollywood is a platforming video game developed by Eurocom and published by Acclaim Entertainment in North America and Virgin Interactive Entertainment in Europe for the Mega Drive/Genesis as the sequel to Cool Spot. A Sega Saturn and PlayStation version was later released, and featured FMV clips and different levels but similar gameplay to the original version. Sega 32X and SNES versions were also in development but were canceled before release. It utilizes an isometric graphics system to provide a pseudo-3D playing experience. The player controls Spot, once the mascot for the 7 Up soft drink, as he travels to various places trying to free his friends.;https://images.launchbox-app.com/06358924-bf0a-4ea6-b6cd-4d2ee7ae725c.jpg;7;7;7;7;Título correcto y entretenido, con virtudes claras aunque también algunas limitaciones de diseño o presentación.;Spot Goes To Hollywood;Gráficos: presentación competente, aunque con limitaciones visibles. Música: música funcional, con algunos temas reconocibles. Jugabilidad: mecánicas funcionales, aunque con cierta rigidez, repetición o dificultad irregular. Motivo global: Título correcto y entretenido, con virtudes claras aunque también algunas limitaciones de diseño o presentación.;Spot Goes To Hollywood es un plataformas con perspectiva isométrica protagonizado por la mascota de 7 Up. Spot viaja por parodias de géneros cinematográficos para rescatar amigos en niveles de apariencia pseudo-3D.
The Death and Return of Superman;1995;3.38;n/a;Action - Beat-'Em-Up - 2D;"The Death and Return of Superman is a side-scrolling beat 'em up video game released by Sunsoft for the Super NES and Genesis in 1994. It is based on ""The Death of Superman"" comic book storyline by DC Comics and features many characters from the comics, including Superman himself, Superboy, Steel, Cyborg Superman, the Eradicator, and Doomsday. All of the five Supermen are playable characters at some point.";https://images.launchbox-app.com/1f72d019-7151-4603-b3ea-4d015105a6cf.jpg;7;7;7;7;Título correcto y entretenido, con virtudes claras aunque también algunas limitaciones de diseño o presentación.;The Death and Return of Superman;Gráficos: presentación competente, aunque con limitaciones visibles. Música: música funcional, con algunos temas reconocibles. Jugabilidad: mecánicas funcionales, aunque con cierta rigidez, repetición o dificultad irregular. Motivo global: Título correcto y entretenido, con virtudes claras aunque también algunas limitaciones de diseño o presentación.;The Death and Return of Superman es un beat em up basado en la saga de cómics de DC. Permite controlar a Superman, Superboy, Steel, Cyborg Superman y el Erradicador en combates contra Doomsday y otros enemigos.
Lotus II;1993;3.38;n/a;Racing - Arcade - Automobile;The Lotus series consists of three racing computer games based around the Lotus brand: Lotus Esprit Turbo Challenge, Lotus Turbo Challenge 2, and Lotus III: The Ultimate Challenge. Published between 1990 and 1992 by Gremlin Graphics, the games gained very favourable reviews upon release. Original Amiga versions of the games were created by Shaun Southern and Andrew Morris of Magnetic Fields, and then ported by other individuals to several other computers and game consoles.;https://images.launchbox-app.com/24d0b8df-c5de-4fbe-8ae9-f56bd4517b77.jpg;7;7;7;7;Título correcto y entretenido, con virtudes claras aunque también algunas limitaciones de diseño o presentación.;Lotus II;Gráficos: presentación competente, aunque con limitaciones visibles. Música: música funcional, con algunos temas reconocibles. Jugabilidad: mecánicas funcionales, aunque con cierta rigidez, repetición o dificultad irregular. Motivo global: Título correcto y entretenido, con virtudes claras aunque también algunas limitaciones de diseño o presentación.;Lotus II es un juego de carreras arcade basado en los deportivos Lotus. Incluye circuitos internacionales, conducción rápida, modos de competición y una banda sonora destacada dentro de las conversiones de la época.
Phantom 2040;1995;3.38;n/a;Action - Platformer - 2D;Phantom 2040 is a French-American animated series that is loosely based on the comic strip hero The Phantom, created by Lee Falk. The central character of the series is said to be the 24th Phantom. It was aired from September 18, 1994 to March 3, 1996 in syndication.;https://images.launchbox-app.com/57fe017e-bc16-4fe2-b04f-3908a09bce0e.jpg;7;7;7;7;Título correcto y entretenido, con virtudes claras aunque también algunas limitaciones de diseño o presentación.;Phantom 2040;Gráficos: presentación competente, aunque con limitaciones visibles. Música: música funcional, con algunos temas reconocibles. Jugabilidad: mecánicas funcionales, aunque con cierta rigidez, repetición o dificultad irregular. Motivo global: Título correcto y entretenido, con virtudes claras aunque también algunas limitaciones de diseño o presentación.;Phantom 2040 es un plataformas de acción basado en la serie animada. El jugador controla al Fantasma del futuro, explora escenarios de ciencia ficción y puede tomar decisiones que abren rutas y finales diferentes.
Dick Tracy;1990;3.36;n/a;Action - Beat-'Em-Up - 2D;"Dick Tracy is an American comic strip featuring Dick Tracy (originally Plainclothes Tracy), a tough and intelligent police detective created by Chester Gould. The strip made its debut on October 14, 1931, in the Detroit Mirror. It was distributed by the Chicago Tribune New York News Syndicate. Gould wrote and drew the strip until 1972. Since that time, various artists and writers have continued the strip, which still runs in newspapers today. Dick Tracy has also been the hero in a number of films, notably one in which Warren Beatty played the crime fighter in 1990. Writer Tom De Haven praised Gould's Dick Tracy as ""a weird, demented, and (no kidding) outrageously funny American Gothic"", while comics historian Brian Walker described Dick Tracy as a ""ghoulishly entertaining creation"" which had ""gripping stories filled with violence and pathos";https://images.launchbox-app.com/b5810475-f965-456f-b07d-d5de569f06a8.jpg;7;7;7;7;Título correcto y entretenido, con virtudes claras aunque también algunas limitaciones de diseño o presentación.;Dick Tracy;Gráficos: presentación competente, aunque con limitaciones visibles. Música: música funcional, con algunos temas reconocibles. Jugabilidad: mecánicas funcionales, aunque con cierta rigidez, repetición o dificultad irregular. Motivo global: Título correcto y entretenido, con virtudes claras aunque también algunas limitaciones de diseño o presentación.;Dick Tracy es un juego de acción basado en el detective de cómic. Combina combate, disparos y escenas de persecución en una adaptación con estética de gánsteres y crimen urbano.
True Lies;1905-06-17;3.35;n/a;Action - Shooter - Shoot-'Em-Up - Top-Down;True Lies is a 1994 American action comedy film written, directed and co-produced by James Cameron. It stars Arnold Schwarzenegger, Jamie Lee Curtis, Tom Arnold, Art Malik, Tia Carrere, Bill Paxton, Eliza Dushku, Grant Heslov and Charlton Heston. It is a remake of the 1991 French comedy film La Totale! The film follows U.S. government agent Harry Tasker (Schwarzenegger), who struggles to balance his life as a spy with his familial duties.;https://images.launchbox-app.com/c58373fd-e210-4d43-83cd-49ebd8f5d072.jpg;7;7;8;7;Título correcto y entretenido, con virtudes claras aunque también algunas limitaciones de diseño o presentación.;True Lies;Gráficos: presentación competente, aunque con limitaciones visibles. Música: música funcional, con algunos temas reconocibles. Jugabilidad: jugabilidad sólida y accesible, con buen equilibrio general. Motivo global: Título correcto y entretenido, con virtudes claras aunque también algunas limitaciones de diseño o presentación.;True Lies es un juego de acción cenital inspirado en la película de James Cameron. El jugador controla al agente Harry Tasker, usa armas variadas y supera misiones contra terroristas en escenarios internacionales.
Triple Score: 3 Games in 1;1993-08-16;3.35;n/a;Miscellaneous - Compilation;Threes! is an indie puzzle video game by Sirvo, an independent development team consisting of game designer Asher Vollmer, illustrator Greg Wohlwend, and composer Jimmy Hinson. The game was released on February 6, 2014, for iOS devices and later ported to Android, Xbox One, and Windows Phone. In Threes, the player slides numbered tiles on a grid to combine addends and multiples of three. The game ends when there are no moves left on the grid and the tiles are counted for a final score.;https://images.launchbox-app.com/ef763106-f152-4526-bf37-a54f53a10a12.jpg;7;6;7;7;Título irregular, con ideas interesantes pero limitaciones visibles en control, ritmo o realización.;Triple Score: 3 Games in 1;Gráficos: presentación competente, aunque con limitaciones visibles. Música: música funcional, con algunos temas reconocibles. Jugabilidad: mecánicas funcionales, aunque con cierta rigidez, repetición o dificultad irregular. Motivo global: Título irregular, con ideas interesantes pero limitaciones visibles en control, ritmo o realización.;Triple Score: 3 Games in 1 es una recopilación para Mega Drive que agrupa tres juegos en un solo cartucho. Ofrece una selección de géneros variados pensada para ampliar la biblioteca de la consola.
Chakan;1992;3.34;n/a;Action - Platformer - 2D;Chakan: The Forever Man is a Sega Mega Drive/Genesis and Game Gear video game published by Sega of America during December 8, 1992. The game featured an uncommonly dark premise for the time of its release, which saw the home console market flooded with licensed platformers based on family-friendly media.;https://images.launchbox-app.com/9fa76325-15ea-4ab1-817e-08949f3bca6e.jpg;7;7;7;7;Título correcto y entretenido, con virtudes claras aunque también algunas limitaciones de diseño o presentación.;Chakan;Gráficos: presentación competente, aunque con limitaciones visibles. Música: música funcional, con algunos temas reconocibles. Jugabilidad: mecánicas funcionales, aunque con cierta rigidez, repetición o dificultad irregular. Motivo global: Título correcto y entretenido, con virtudes claras aunque también algunas limitaciones de diseño o presentación.;Chakan: The Forever Man es un plataformas de acción de ambientación oscura. Un guerrero inmortal debe derrotar a seis señores elementales mediante armas, poderes y una exploración exigente de mundos hostiles.
Two Crude Dudes;1992;3.34;n/a;Action - Beat-'Em-Up - 2D;Two Crude, also known as Crude Buster in Japan, is a 1991 beat 'em up arcade game developed and published by Data East. The game was later ported to the Sega Genesis in 1992. Outside Japan, the port was released under the name Two Crude Dudes.;https://images.launchbox-app.com/101b94c3-5148-4b76-b995-b9e41c0e3f77.jpg;7;7;7;7;Título correcto y entretenido, con virtudes claras aunque también algunas limitaciones de diseño o presentación.;Two Crude Dudes;Gráficos: presentación competente, aunque con limitaciones visibles. Música: música funcional, con algunos temas reconocibles. Jugabilidad: mecánicas funcionales, aunque con cierta rigidez, repetición o dificultad irregular. Motivo global: Título correcto y entretenido, con virtudes claras aunque también algunas limitaciones de diseño o presentación.;Two Crude Dudes es un beat em up de Data East en el que dos mercenarios luchan contra terroristas y robots. Permite usar golpes, armas y objetos pesados en una acción lateral de estilo arcade.
Air Buster;1991;3.34;n/a;Action - Shooter - Shoot-'Em-Up - Horizontal;"Air Buster is a horizontal-scrolling shoot-em-up arcade game developed by Kaneko. In Japan, the arcade version was published by Namco, while in North America the arcade version was published by Sharp Image Electronics. Two players control the ""Blaster Fighter"" star ships in their efforts to destroy a mysterious mechanical fortress orbiting Earth, with plans to take control of the planet. The Blaster Fighters can equip one of seven available weapons, which will change the ship's firepower and abilities, such as diagonal shots, homing missiles and small drones that follow the player's ship.";https://images.launchbox-app.com/f65a5f2f-2c01-4ace-a3dc-eb72950a031f.jpg;7;7;8;7;Título correcto y entretenido, con virtudes claras aunque también algunas limitaciones de diseño o presentación.;Air Buster;Gráficos: presentación competente, aunque con limitaciones visibles. Música: música funcional, con algunos temas reconocibles. Jugabilidad: jugabilidad sólida y accesible, con buen equilibrio general. Motivo global: Título correcto y entretenido, con virtudes claras aunque también algunas limitaciones de diseño o presentación.;Air Buster es un shooter horizontal de Kaneko con cooperativo para dos jugadores. Los pilotos controlan naves con armas muy variadas para destruir una fortaleza mecánica que amenaza la Tierra.
Mick & Mack as the Global Gladiators;1992;3.34;n/a;Action - Platformer - 2D;Global Gladiators is a 1992 platform game published and developed by Virgin Games, originally programmed by David Perry (who at the time had already moved to the United States and was located on the recently formed Virgin Games USA development studio) for the Mega Drive/Genesis and eventually ported by other Virgin Games teams in Europe (with the help of Graftgold and Krisalis Software) to the Master System, Game Gear and the Amiga. A Super NES and an NES port were also in development but were never completed for undisclosed reasons, though a ROM image has since surfaced. The game is based on the McDonald's fast food chain and has a strong environmentalist message.;https://images.launchbox-app.com/8b39f4bd-e66d-4e5c-8ae5-5ef87d997586.jpg;7;7;7;7;Título correcto y entretenido, con virtudes claras aunque también algunas limitaciones de diseño o presentación.;Mick & Mack as the Global Gladiators;Gráficos: presentación competente, aunque con limitaciones visibles. Música: música funcional, con algunos temas reconocibles. Jugabilidad: mecánicas funcionales, aunque con cierta rigidez, repetición o dificultad irregular. Motivo global: Título correcto y entretenido, con virtudes claras aunque también algunas limitaciones de diseño o presentación.;Mick & Mack as the Global Gladiators es un plataformas de Virgin con mensaje ecologista. Dos jóvenes equipados con pistolas de pintura combaten contaminación y criaturas mutantes en escenarios industriales y selváticos.
Mighty Morphin Power Rangers: The Movie;1995;3.34;n/a;Action - Beat-'Em-Up - 2D;Mighty Morphin Power Rangers: The Movie (also known as Power Rangers: The Movie) is a 1995 American superhero film based on the television series Mighty Morphin Power Rangers. It stars the ensemble cast of Karan Ashley, Johnny Yong Bosch, Steve Cardenas, Jason David Frank, Amy Jo Johnson, and David Yost alongside the villains cast from the original series and Paul Freeman as Ivan Ooze. Much like the television season that followed the release, it used concepts from the Japanese Super Sentai series Kyoryu Sentai Zyuranger, Gosei Sentai Dairanger and Ninja Sentai Kakuranger. It is the first Power Rangers production from Saban Entertainment not to feature any archived footage from Super Sentai.;https://images.launchbox-app.com/d1dc80cd-b6aa-4b4f-bb4a-dcfdd8704e40.jpg;7;7;7;7;Título correcto y entretenido, con virtudes claras aunque también algunas limitaciones de diseño o presentación.;Mighty Morphin Power Rangers: The Movie;Gráficos: presentación competente, aunque con limitaciones visibles. Música: música funcional, con algunos temas reconocibles. Jugabilidad: mecánicas funcionales, aunque con cierta rigidez, repetición o dificultad irregular. Motivo global: Título correcto y entretenido, con virtudes claras aunque también algunas limitaciones de diseño o presentación.;Mighty Morphin Power Rangers: The Movie es un beat em up basado en la película. Los Rangers luchan a pie y como ninjas contra los enemigos de Ivan Ooze, con acción lateral y combates contra jefes.
Battletoads;1905-06-13;3.33;n/a;Action - Beat-'Em-Up - 2D;Battletoads is a video game media franchise by Rare that began with the original beat 'em up game Battletoads in 1991. Starring three anthropomorphic toads named after skin conditions, Rash, Zitz, and Pimple, the series was created to rival the Teenage Mutant Ninja Turtles games series. The series as a whole has been quite popular with five installments up to this date and at its apex spawned an animated television pilot.;https://images.launchbox-app.com/2696b080-969b-4413-bac5-7b75e5589861.jpg;7;7;7;7;Título correcto y entretenido, con virtudes claras aunque también algunas limitaciones de diseño o presentación.;Battletoads;Gráficos: presentación competente, aunque con limitaciones visibles. Música: música funcional, con algunos temas reconocibles. Jugabilidad: mecánicas funcionales, aunque con cierta rigidez, repetición o dificultad irregular. Motivo global: Título correcto y entretenido, con virtudes claras aunque también algunas limitaciones de diseño o presentación.;Battletoads es un beat em up de Rare protagonizado por Rash, Zitz y Pimple. Combina golpes exagerados, fases de conducción y desafíos de plataformas, con una dificultad muy elevada y cooperativo.
Spider-Man;1991-10-17;3.33;n/a;Action Adventure - General;"Spider-Man is a fictional superhero created by writer-editor Stan Lee and writer-artist Steve Ditko. He first appeared in the anthology comic book Amazing Fantasy #15 (August 1962) in the Silver Age of Comic Books. He appears in American comic books published by Marvel Comics, as well as in a number of movies, television shows, and video game adaptations set in the Marvel Universe. In the stories, Spider-Man is the alias of Peter Parker, an orphan raised by his Aunt May and Uncle Ben in New York City after his parents Richard and Mary Parker were killed in a plane crash. Lee and Ditko had the character deal with the struggles of adolescence and financial issues, and accompanied him with many supporting characters, such as J. Jonah Jameson, Harry Osborn, Max Modell, romantic interests Gwen Stacy and Mary Jane Watson, and foes such as Doctor Octopus, Green Goblin and Venom. His origin story has him acquiring spider-related abilities after a bite from a radioactive spider; these include clinging to surfaces, shooting spider-webs from wrist-mounted devices, and detecting danger with his ""spider-sense"".";https://images.launchbox-app.com/eb933577-90e7-4e06-9da4-37933c9699b8.jpg;7;6;7;7;Título irregular, con ideas interesantes pero limitaciones visibles en control, ritmo o realización.;Spider-Man;Gráficos: presentación competente, aunque con limitaciones visibles. Música: música funcional, con algunos temas reconocibles. Jugabilidad: mecánicas funcionales, aunque con cierta rigidez, repetición o dificultad irregular. Motivo global: Título irregular, con ideas interesantes pero limitaciones visibles en control, ritmo o realización.;Spider-Man es una aventura de acción protagonizada por el héroe de Marvel. Peter Parker utiliza telarañas, golpes y su sentido arácnido para recorrer escenarios urbanos y enfrentarse a villanos clásicos.
Madden NFL '94;1994-02-18;3.33;n/a;Sports - Team - Football - Sim;Madden NFL '94 is an American football video game released in 1993. It was the first game in the Madden series with an official National Football League team license, as well as the first Madden game that allowed players to play a full regular season (via a password system). However, the game is not licensed by the NFL Players Association, so all of the players are identified by number only (the game would get the Players' Association license in next year's edition;https://images.launchbox-app.com/6538d281-3480-4b28-9ca0-908027e98fdb.jpg;7;6;7;7;Título irregular, con ideas interesantes pero limitaciones visibles en control, ritmo o realización.;Madden NFL '94;Gráficos: presentación competente, aunque con limitaciones visibles. Música: música funcional, con algunos temas reconocibles. Jugabilidad: mecánicas funcionales, aunque con cierta rigidez, repetición o dificultad irregular. Motivo global: Título irregular, con ideas interesantes pero limitaciones visibles en control, ritmo o realización.;Madden NFL '94 es un juego de fútbol americano de EA Sports. Fue uno de los primeros de la serie con licencia de equipos de la NFL y permite disputar temporada regular mediante un sistema de contraseñas.
Star Trek: The Next Generation: Echoes From the Past;1994;3.31;n/a;Adventure - General;Star Trek: The Next Generation – Future's Past (Star Trek: The Next Generation – Echoes from the Past on Sega Genesis) is a 1994 adventure game featuring strategy and puzzle-solving elements. The game was released for the Super Nintendo Entertainment System, the Sega Genesis and the Sega Game Gear. It takes place in the Star Trek universe, spanning Federation space and the Romulan Neutral Zone, and centers on the appearance of the IFD (Integrated Field Derandomizer), an artifact machine of unknown origin that, as its name suggests, allows its user to reshape matter and energy. It culminates in the IFD Trials, three tests undertaken by representatives of any races that are present when the Trials are held, and failure would mean the destruction of the Federation and the enslavement of countless worlds by the Federation's enemies.;https://images.launchbox-app.com/f15575f9-d801-4920-9259-bf144b3a519f.jpg;7;6;7;7;Título irregular, con ideas interesantes pero limitaciones visibles en control, ritmo o realización.;Star Trek: The Next Generation: Echoes From the Past;Gráficos: presentación competente, aunque con limitaciones visibles. Música: música funcional, con algunos temas reconocibles. Jugabilidad: mecánicas funcionales, aunque con cierta rigidez, repetición o dificultad irregular. Motivo global: Título irregular, con ideas interesantes pero limitaciones visibles en control, ritmo o realización.;Star Trek: The Next Generation: Echoes From the Past es una aventura con estrategia y puzles protagonizada por la tripulación del Enterprise. Explora espacio de la Federación y la Zona Neutral Romulana alrededor de un artefacto capaz de alterar materia y energía.
Joe Montana Football;1990;3.31;n/a;Sports - Team - Football - Sim;Joe Montana Football is an American football video game developed by Electronic Arts, and published by Sega for the Genesis in 1991. Although the game does feature Joe Montana (as the title respectively says) as a playable character, since Sega did not secure the rights from the NFL, teams are named generically after US cities, meaning Joe Montana is the only real player in the game.;https://images.launchbox-app.com/cef73aa3-b04c-4cbb-99bb-524e616ba0e0.jpg;7;6;7;7;Título irregular, con ideas interesantes pero limitaciones visibles en control, ritmo o realización.;Joe Montana Football;Gráficos: presentación competente, aunque con limitaciones visibles. Música: música funcional, con algunos temas reconocibles. Jugabilidad: mecánicas funcionales, aunque con cierta rigidez, repetición o dificultad irregular. Motivo global: Título irregular, con ideas interesantes pero limitaciones visibles en control, ritmo o realización.;Joe Montana Football es un juego de fútbol americano desarrollado por Electronic Arts y publicado por Sega. Incluye a Joe Montana como jugador y equipos identificados por ciudades, con un enfoque temprano de simulación deportiva.
Phelios;1905-06-12;3.31;n/a;Action - Shooter - Shoot-'Em-Up - Vertical;Phelios (フェリオス Feriosu) is a 1988 vertical scrolling shooter video game released for the Namco System 2 arcade platform in Japan by Namco. A Mega Drive port was released in 1990. The game features a plot loosely based on Greek mythology.;https://images.launchbox-app.com/6d297809-0063-4a3b-b32b-a08dc86bdc72.jpg;7;7;8;7;Título correcto y entretenido, con virtudes claras aunque también algunas limitaciones de diseño o presentación.;Phelios;Gráficos: presentación competente, aunque con limitaciones visibles. Música: música funcional, con algunos temas reconocibles. Jugabilidad: jugabilidad sólida y accesible, con buen equilibrio general. Motivo global: Título correcto y entretenido, con virtudes claras aunque también algunas limitaciones de diseño o presentación.;Phelios es un shooter vertical de Namco inspirado libremente en la mitología griega. El héroe pilota una nave alada, carga disparos y combate criaturas y jefes para rescatar a su amada.
Taz in Escape From Mars;1994-06-19;3.31;n/a;Action - Platformer - 2D;Taz in Escape from Mars is a video game developed by HeadGames and released by Sega in 1994 for the Genesis/Mega Drive and Game Gear featuring Taz, the Looney Tunes Tasmanian devil cartoon character. The Game Gear version was ported by TecToy to the Sega Master System and released in March 1997 only in Brazil. Taz must escape from Mars, where he was brought by Marvin the Martian. The game includes six worlds with two or three levels in each world.;https://images.launchbox-app.com/fdbf46bf-9a7e-4d6c-853f-997db0b1ad92.jpg;7;7;7;7;Título correcto y entretenido, con virtudes claras aunque también algunas limitaciones de diseño o presentación.;Taz in Escape From Mars;Gráficos: presentación competente, aunque con limitaciones visibles. Música: música funcional, con algunos temas reconocibles. Jugabilidad: mecánicas funcionales, aunque con cierta rigidez, repetición o dificultad irregular. Motivo global: Título correcto y entretenido, con virtudes claras aunque también algunas limitaciones de diseño o presentación.;Taz in Escape From Mars es un plataformas protagonizado por el demonio de Tasmania. Taz debe escapar del planeta de Marvin el Marciano, usando su giro característico y recorriendo mundos inspirados en los Looney Tunes.
Animaniacs;1994-05-14;3.3;n/a;Action - Platformer - 2D;Animaniacs is an American animated comedy television series created by Tom Ruegger. It is the second animated series produced by Amblin Entertainment in association with Warner Bros. Animation. The show first aired on the Fox Network as part of its Fox Kids block from 1993 to 1995 before moving to The WB in 1995 until the series ended in 1998 as part of its Kids' WB afternoon programming block. It initially ran a total of 99 episodes and one film, Wakko's Wish.;https://images.launchbox-app.com/cfd53d77-644d-4072-ba0d-7189141d8b11.jpg;7;7;7;7;Título correcto y entretenido, con virtudes claras aunque también algunas limitaciones de diseño o presentación.;Animaniacs;Gráficos: presentación competente, aunque con limitaciones visibles. Música: música funcional, con algunos temas reconocibles. Jugabilidad: mecánicas funcionales, aunque con cierta rigidez, repetición o dificultad irregular. Motivo global: Título correcto y entretenido, con virtudes claras aunque también algunas limitaciones de diseño o presentación.;Animaniacs es un plataformas basado en la serie de Warner Bros. Yakko, Wakko y Dot recorren escenarios variados, resuelven puzles sencillos y usan sus habilidades para encontrar los objetos necesarios.
Out of This World;1992;3.3;n/a;Action -Platformer -2D;Another World, known as Out of This World in North America, is a 1991cinematic platformer action-adventure game designed by Éric Chahi and published by Delphine Software. The game tells a story of Lester, a young scientist who, as a result of an experiment gone wrong, finds himself on a dangerous alien world where he is forced to fight for his survival.;https://images.launchbox-app.com/2f5f6ee4-0edd-4039-9867-03f8e7dc39e7.jpg;8;8;7;8;Aventura cinemática muy atmosférica, con animación rotoscópica y puzles de prueba y error. Su control y dificultad son deliberados, por lo que divide opiniones.;Out of This World;Gráficos: buen uso de los recursos gráficos de Mega Drive. Música: banda sonora sólida y bien integrada. Jugabilidad: mecánicas funcionales, aunque con cierta rigidez, repetición o dificultad irregular. Motivo global: Aventura cinemática muy atmosférica, con animación rotoscópica y puzles de prueba y error. Su control y dificultad son deliberados, por lo que divide opiniones.;Out of This World, conocido fuera de Norteamérica como Another World, es una aventura cinemática de Éric Chahi. Sigue a Lester, un científico transportado a un planeta alienígena, mediante puzles, acción y animación rotoscópica.
Garfield: Caught in the Act;1995;3.3;n/a;Action -Platformer -2D;Garfield: Caught in the Act is a platform game starring the comic strip cat, Garfield. The game, developed by Sega, was released in 1995 for the Sega Mega Drive/Genesis and Sega Game Gear, and in 1996 was released for Windows PCs. The game was also released for PCs in the Sonic & Garfield Pack, along with Sonic & Knuckles Collection and Baku Baku Animal.;https://images.launchbox-app.com/97d403b8-92ae-4a24-a4e5-5d1f65232cfe.jpg;7;7;7;7;Título correcto y entretenido, con virtudes claras aunque también algunas limitaciones de diseño o presentación.;Garfield: Caught in the Act;Gráficos: presentación competente, aunque con limitaciones visibles. Música: música funcional, con algunos temas reconocibles. Jugabilidad: mecánicas funcionales, aunque con cierta rigidez, repetición o dificultad irregular. Motivo global: Título correcto y entretenido, con virtudes claras aunque también algunas limitaciones de diseño o presentación.;Garfield: Caught in the Act es un plataformas protagonizado por Garfield. El gato atraviesa parodias de películas y épocas históricas, usa disfraces y objetos y combate enemigos en escenarios de estilo caricaturesco.
The Ren & Stimpy Show Presents: Stimpy's Invention;1993;3.29;n/a;Action -Platformer -2D;The Ren & Stimpy Show, also known as Ren & Stimpy, is an American animated television series created by John Kricfalusi for Nickelodeon. The series follows the adventures of title characters Ren, an emotionally unstable chihuahua and Stimpy, a good-natured yet dimwitted cat. The show premiered on August 11, 1991, as one of the original three Nicktoons alongside Rugratsand Doug. Throughout its run, the show was controversial for its off-color and dark humor, sexual innuendos, adult jokes, and violence. The production's failure to deliver episodes on time and its deteriorating relationship with Nickelodeon executives and Standards and Practices department led to Kricfalusi's departure from the show in 1992. The show ended on December 16, 1995, with a total of five seasons and 52 episodes.;https://images.launchbox-app.com/5ffb2728-c329-4cde-87b1-755c6dce925a.jpg;7;7;7;7;Título correcto y entretenido, con virtudes claras aunque también algunas limitaciones de diseño o presentación.;The Ren & Stimpy Show Presents: Stimpy's Invention;Gráficos: presentación competente, aunque con limitaciones visibles. Música: música funcional, con algunos temas reconocibles. Jugabilidad: mecánicas funcionales, aunque con cierta rigidez, repetición o dificultad irregular. Motivo global: Título correcto y entretenido, con virtudes claras aunque también algunas limitaciones de diseño o presentación.;The Ren & Stimpy Show Presents: Stimpy's Invention es un plataformas basado en la serie animada. Stimpy debe recuperar piezas para completar su invento, mientras Ren aparece como compañero y fuente de humor.
Pitfall: The Mayan Adventure;1994;3.29;n/a;Action -Platformer -2D;Pitfall: The Mayan Adventure is a 1994 video game developed and publishedby Activision. A sequel to Activision's 1982 Pitfall! for the Atari 2600, the player controls Pitfall Harry, Jr., son of the protagonist of the original game, as he attempts to rescue his father from a Mayan jungle setting.;https://images.launchbox-app.com/f7050e45-086b-4c25-8825-56bd4d3431ef.jpg;7;7;7;7;Título correcto y entretenido, con virtudes claras aunque también algunas limitaciones de diseño o presentación.;Pitfall: The Mayan Adventure;Gráficos: presentación competente, aunque con limitaciones visibles. Música: música funcional, con algunos temas reconocibles. Jugabilidad: mecánicas funcionales, aunque con cierta rigidez, repetición o dificultad irregular. Motivo global: Título correcto y entretenido, con virtudes claras aunque también algunas limitaciones de diseño o presentación.;Pitfall: The Mayan Adventure es un plataformas de acción en el que Pitfall Harry Jr. busca rescatar a su padre. Recorre una jungla maya llena de trampas, animales, ruinas y rutas alternativas.
Captain America and the Avengers;1992;3.29;n/a;Action -Beat-'Em-Up -2D;Captain America and the Avengers (キャプテンアメリカアンドジアベンジャーズ Kyaputen Amerika ando ji Abenjāzu) is an arcade game developed and released by Data East in 1991. It features the Marvel Comics characters The Avengers in a side-scrolling brawling and shooting adventure to defeat the evil Red Skull. The game received ports for the Sega Genesis/Mega Drive, Super Nintendo Entertainment System, Game Boy and Game Gear. A different Data East game was released for the Nintendo Entertainment System.;https://images.launchbox-app.com/34073f34-5350-416d-8190-9d62f29d6342.jpg;7;7;7;7;Título correcto y entretenido, con virtudes claras aunque también algunas limitaciones de diseño o presentación.;Captain America and the Avengers;Gráficos: presentación competente, aunque con limitaciones visibles. Música: música funcional, con algunos temas reconocibles. Jugabilidad: mecánicas funcionales, aunque con cierta rigidez, repetición o dificultad irregular. Motivo global: Título correcto y entretenido, con virtudes claras aunque también algunas limitaciones de diseño o presentación.;Captain America and the Avengers es una conversión de arcade de Data East. Permite controlar a varios héroes de Marvel, combinar combate y disparos y enfrentarse a Red Skull y otros villanos.
Fatal Fury;1993;3.29;n/a;Action -Fighting -2D;"Fatal Fury (Japanese: 餓狼伝説 Hepburn: Garō Densetsu, lit. ""Legend of the Hungry Wolf"") is a fighting game series developed by SNK for the Neo Geo system (and while the first installment in the series is called Fatal Fury: King of Fighters; The King of Fighters became its own series after a while).";https://images.launchbox-app.com/50712ecf-491b-464f-87e5-271ed3d46103.jpg;7;7;7;7;Juego de lucha de dos planos con una conversión limitada por el hardware. Conserva parte de su personalidad, pero es menos fluido y preciso que los mejores fighters de la consola.;Fatal Fury;Gráficos: presentación competente, aunque con limitaciones visibles. Música: música funcional, con algunos temas reconocibles. Jugabilidad: mecánicas funcionales, aunque con cierta rigidez, repetición o dificultad irregular. Motivo global: Juego de lucha de dos planos con una conversión limitada por el hardware. Conserva parte de su personalidad, pero es menos fluido y preciso que los mejores fighters de la consola.;Fatal Fury es un juego de lucha de SNK centrado en Terry y Andy Bogard. Introduce dos planos de combate para esquivar o atacar y presenta enfrentamientos uno contra uno con una ambientación de artes marciales.
The Pirates of Dark Water;1994;3.28;n/a;Action -Beat-'Em-Up -2D;The Pirates of Dark Water is an American fantasy animated television series produced by Hanna-Barbera and created by David Kirschner and first aired in 1991.;https://images.launchbox-app.com/01941c75-d58d-47e3-a69b-8c8e42ca7905.jpg;7;7;7;7;Título correcto y entretenido, con virtudes claras aunque también algunas limitaciones de diseño o presentación.;The Pirates of Dark Water;Gráficos: presentación competente, aunque con limitaciones visibles. Música: música funcional, con algunos temas reconocibles. Jugabilidad: mecánicas funcionales, aunque con cierta rigidez, repetición o dificultad irregular. Motivo global: Título correcto y entretenido, con virtudes claras aunque también algunas limitaciones de diseño o presentación.;The Pirates of Dark Water es un beat em up basado en la serie animada. Los protagonistas luchan contra piratas y criaturas para recuperar tesoros mágicos y detener la expansión del agua oscura.
Cadash;1992;3.28;n/a;Role-Playing -Action RPG;Cadash (カダッシュ Kadasshu) is a sword and sorcery video game which combines elements of both the role-playing video game genre of games and the platform genre of games. The game was originally an arcade gamereleased by Taito in 1989, later ported to home video game consoles such as the TurboGrafx-16 in 1991, and the Sega Mega Drive/Genesis in 1992. The game was included in Taito Memories Volume 2 which was released for the PlayStation 2 in 2005. It was also included in the Xbox and PC versions of Taito Legends 2 which was released in 2007.;https://images.launchbox-app.com/dbb70910-de65-4e5c-86e7-52d7e47f434f.jpg;7;7;7;7;Título correcto y entretenido, con virtudes claras aunque también algunas limitaciones de diseño o presentación.;Cadash;Gráficos: presentación competente, aunque con limitaciones visibles. Música: música funcional, con algunos temas reconocibles. Jugabilidad: mecánicas funcionales, aunque con cierta rigidez, repetición o dificultad irregular. Motivo global: Título correcto y entretenido, con virtudes claras aunque también algunas limitaciones de diseño o presentación.;Cadash es una mezcla de plataformas y RPG de Taito. Permite elegir entre varias clases, mejorar atributos y combatir en una aventura de fantasía que puede jugarse en cooperativo.
Syd of Valis;1992;3.27;n/a;Action -Platformer -2D;Valis II (ヴァリスⅡ Varisu Tsū) is a platform game developed and released by Telenet Japan originally for TurboGrafx-CD. Valis: The Fantasm Soldier II (夢幻戦士 ヴァリスⅡ Mugen Senshi: Varisu Tsū), a version for home computers, was later released for PC-88, PC-98, MSX2, and X68000 in Japan. It is the second title in the Valis video game series.;https://images.launchbox-app.com/867bf5b2-8074-48e8-9149-80345dd73590.jpg;7;7;7;7;Título correcto y entretenido, con virtudes claras aunque también algunas limitaciones de diseño o presentación.;Syd of Valis;Gráficos: presentación competente, aunque con limitaciones visibles. Música: música funcional, con algunos temas reconocibles. Jugabilidad: mecánicas funcionales, aunque con cierta rigidez, repetición o dificultad irregular. Motivo global: Título correcto y entretenido, con virtudes claras aunque también algunas limitaciones de diseño o presentación.;Syd of Valis es una entrega de acción y plataformas de la saga Valis. La heroína combate fuerzas sobrenaturales con espada y magia, en una adaptación de la segunda aventura de la serie.
ESWAT: City Under Siege;1990-07-13;3.27;n/a;Action -Platformer -2D;E-SWAT: City Under Siege, released in Japan as Cyber Police ESWAT (サイバーポリス イースワット), is a 1990 side scrolling platform video gamedeveloped and published by Sega for the Sega Genesis video game console.;https://images.launchbox-app.com/2d574afb-6d1a-4919-a962-5e1f6dc22a92.jpg;8;8;8;8;Acción de ciencia ficción con una primera mitad de policía urbana y una segunda centrada en el traje de combate. La variedad y el armamento le dan identidad, aunque su dificultad es elevada.;ESWAT: City Under Siege;Gráficos: buen uso de los recursos gráficos de Mega Drive. Música: banda sonora sólida y bien integrada. Jugabilidad: jugabilidad sólida y accesible, con buen equilibrio general. Motivo global: Acción de ciencia ficción con una primera mitad de policía urbana y una segunda centrada en el traje de combate. La variedad y el armamento le dan identidad, aunque su dificultad es elevada.;ESWAT: City Under Siege es un juego de acción lateral de Sega. El protagonista comienza como policía y después utiliza una armadura de combate con armas y propulsores para enfrentarse a criminales y robots.
T2: The Arcade Game;1992;3.26;n/a;Action -Shooter -Light Gun;Terminator 2: Judgment Day or T2 is a gun shooting video game based on the film of the same name, produced by Midway Manufacturing Company for the arcades in 1991. Home conversions were released by Acclaim Entertainment for various platforms under the title of T2: The Arcade Game in order to avoid confusion with the numerous tie-in games also based on the movie.;https://images.launchbox-app.com/91ef1057-4775-4439-b20a-abf141a6962d.jpg;7;7;8;7;Título correcto y entretenido, con virtudes claras aunque también algunas limitaciones de diseño o presentación.;T2: The Arcade Game;Gráficos: presentación competente, aunque con limitaciones visibles. Música: música funcional, con algunos temas reconocibles. Jugabilidad: jugabilidad sólida y accesible, con buen equilibrio general. Motivo global: Título correcto y entretenido, con virtudes claras aunque también algunas limitaciones de diseño o presentación.;T2: The Arcade Game es un shooter sobre raíles basado en Terminator 2. El jugador dispara a terminators y máquinas de Skynet, preferiblemente con pistola de luz, en una conversión de la recreativa de Midway.
Lethal Enforcers;1993-07-25;3.26;n/a;Action -Shooter -Light Gun;Lethal Enforcers (リーサルエンフォーサーズ Rīsaru Enfōsāzu) is a 1992 shooting game released for the arcades by Konami. The in-game graphics consist entirely of digitized photographs. This caused controversy as it allowed players to shoot photorealistic representations of enemies.;https://images.launchbox-app.com/14d4d068-d84e-4ab0-b400-a4317b88dffa.png;7;7;7;7;"Shooter sobre raíles pensado para pistola de luz. Con Menacer gana mucho en precisión e inmersión; con mando pierde parte de su atractivo.";Lethal Enforcers;"Gráficos: presentación competente, aunque con limitaciones visibles. Música: música funcional, con algunos temas reconocibles. Jugabilidad: mecánicas funcionales, aunque con cierta rigidez, repetición o dificultad irregular. Motivo global: Shooter sobre raíles pensado para pistola de luz. Con Menacer gana mucho en precisión e inmersión; con mando pierde parte de su atractivo.";Lethal Enforcers es un shooter sobre raíles de Konami basado en policías armados. Sus gráficos digitalizados, el uso de la pistola Menacer y las secuencias de disparo contra criminales definen su experiencia arcade.
WeaponLord;1995;3.26;n/a;Action -Fighting -2D;Weaponlord is a fighting game developed by Visual Concepts and published by Namco for the Super NES and Genesis in October 1995. As in other fighting games, Weaponlord has players select a character and defeat a series of opponents. The game is a weapons-based fighter, with various gory moves and a deep counterattack system.;https://images.launchbox-app.com/d70429cd-1f30-4fbc-a077-be2f1ee2ad27.jpg;8;7;8;8;Juego de lucha técnico, con desarmes, bloqueos y cadenas de ataques poco habituales. Profundo y exigente, pero menos accesible que Street Fighter.;WeaponLord;Gráficos: buen uso de los recursos gráficos de Mega Drive. Música: música funcional, con algunos temas reconocibles. Jugabilidad: jugabilidad sólida y accesible, con buen equilibrio general. Motivo global: Juego de lucha técnico, con desarmes, bloqueos y cadenas de ataques poco habituales. Profundo y exigente, pero menos accesible que Street Fighter.;WeaponLord es un juego de lucha con armas que enfatiza bloqueos, contraataques y desarmes. Sus guerreros de fantasía disponen de movimientos complejos y un sistema técnico dirigido a jugadores experimentados.
Aero the Acro-Bat 2;1994;3.26;n/a;Action -Platformer -2D;Aero the Acro-Bat 2 is a video game developed by Iguana Entertainment, and published by Sunsoft in 1994. It is the sequel of Aero the Acro-Bat and was released for the Sega Genesis first in April then for the Super Nintendo Entertainment System in November. The Super NES version was released on the Wii Virtual Console in the PAL region on August 6, 2010 and in North America on September 20, 2010. David Siller planned to part and remake the game for Game Boy Advance in 2002, but then cancelled it in favor of original titles.;https://images.launchbox-app.com/8e6c62f1-c6fd-4fc1-99a3-cbd0d6c3c897.jpg;7;7;7;7;Título correcto y entretenido, con virtudes claras aunque también algunas limitaciones de diseño o presentación.;Aero the Acro-Bat 2;Gráficos: presentación competente, aunque con limitaciones visibles. Música: música funcional, con algunos temas reconocibles. Jugabilidad: mecánicas funcionales, aunque con cierta rigidez, repetición o dificultad irregular. Motivo global: Título correcto y entretenido, con virtudes claras aunque también algunas limitaciones de diseño o presentación.;Aero the Acro-Bat 2 es un plataformas de acción protagonizado por el murciélago acróbata. Aero utiliza piruetas, ataques y objetos de circo para superar niveles más variados que los de la primera entrega.
Space Harrier II;1989-08-14;3.25;n/a;Action -Shooter -Rail;"Space Harrier II (スペースハリアーII Supēsu Hariā Tsū) is the sequel to Space Harrier, developed and published by Sega. It was one of the original launch titles released for the Mega Drive in Japan and one of the six Genesislaunch titles in the U.S. It was also later released on the Wii's Virtual Consoleservice. Like Altered Beast, another launch title for the Mega Drive, Space Harrier II features digitized human voice recordings during the game play, and is also an example of some of the Mega Drive's early sound, composed by Tokuhiko Uwabo (credited as ""Bo"").";https://images.launchbox-app.com/9b32b477-4fe6-40eb-ba06-4ba68e962d26.jpg;7;7;7;7;Título temprano de Mega Drive con acción pseudo-3D directa y vistosa para su época. Su contenido es corto y la jugabilidad resulta simple frente a shooters posteriores.;Space Harrier II;Gráficos: presentación competente, aunque con limitaciones visibles. Música: música funcional, con algunos temas reconocibles. Jugabilidad: mecánicas funcionales, aunque con cierta rigidez, repetición o dificultad irregular. Motivo global: Título temprano de Mega Drive con acción pseudo-3D directa y vistosa para su época. Su contenido es corto y la jugabilidad resulta simple frente a shooters posteriores.;Space Harrier II es un shooter sobre raíles pseudo-3D de Sega. El protagonista vuela por paisajes fantásticos, esquiva proyectiles y dispara a enemigos gigantes en una de las primeras demostraciones técnicas de Mega Drive.
The Immortal;1993-08-09;3.25;n/a;Action Adventure -General;"The Immortal Game was a chess game played by Adolf Anderssen and Lionel Kieseritzky on 21 June 1851 in London, during a break of the first international tournament. The bold sacrifices made by Anderssen to secure victory have made it one of the most famous chess games of all time. Anderssen gave up both rooksand a bishop, then his queen, checkmating his opponent with his three remaining minor pieces. In 1996, Bill Hartson called the game an achievement ""perhaps unparalleled in chess literature"".";https://images.launchbox-app.com/b6f6dbeb-6f96-436f-a2c8-12bad8b2f80a.jpg;7;7;6;7;Aventura de mazmorras con puzles, trampas y una atmósfera oscura. Su dificultad y muertes frecuentes requieren paciencia y memorización.;The Immortal;Gráficos: presentación competente, aunque con limitaciones visibles. Música: música funcional, con algunos temas reconocibles. Jugabilidad: mecánicas funcionales, aunque con cierta rigidez, repetición o dificultad irregular. Motivo global: Aventura de mazmorras con puzles, trampas y una atmósfera oscura. Su dificultad y muertes frecuentes requieren paciencia y memorización.;The Immortal es una aventura de mazmorras isométricas con trampas, puzles y combates. El mago protagonista debe sobrevivir a escenarios muy peligrosos, donde los errores se castigan con animaciones de muerte detalladas.
James Pond II: Codename: Robocod;1991;3.24;n/a;Action -Platformer -2D;James Pond 2: Robocod, also known as Super James Pond, is a platformvideo game and sequel to James Pond. It was developed by the same British teams as the original. The title music by Richard Joseph is a marimba-heavy rendition of the RoboCop film theme.;https://images.launchbox-app.com/912f3bc4-d04b-4f88-b41a-eee7b98748b1.jpg;8;8;8;8;Plataformas muy valorado por sus niveles grandes, humor y numerosas transformaciones. Su ritmo es pausado, pero el diseño invita a explorar.;James Pond II: Codename: Robocod;Gráficos: buen uso de los recursos gráficos de Mega Drive. Música: banda sonora sólida y bien integrada. Jugabilidad: jugabilidad sólida y accesible, con buen equilibrio general. Motivo global: Plataformas muy valorado por sus niveles grandes, humor y numerosas transformaciones. Su ritmo es pausado, pero el diseño invita a explorar.;James Pond II: Codename: Robocod es un plataformas protagonizado por un pez espía capaz de estirarse. Recorre grandes escenarios temáticos, recoge objetos y utiliza habilidades especiales en una aventura de tono humorístico.
Rambo III;1989;3.24;n/a;Action -Shooter -Shoot-'Em-Up -Top-Down;Rambo III is a series of video games based on the film of the same name. Like in the film, their main plots center on former Vietnam-era Green Beret John Rambo being recalled up to duty one last time to rescue his former commander, Colonel Sam Trautman, who was captured during a covert operation mission in Soviet Union-controlled Afghanistan. The console versions are developed and published by Sega, the PC DOS version was developed by Ocean and published by Taito and Ocean developed and published the rest (Atari ST, Amiga, Spectrum, C64, Amstrad). Taito also released an arcade game based on the film.;https://images.launchbox-app.com/rambo3.png;7;7;7;7;Acción cenital con rescates, armas y avance directo. Es competente, aunque su control y dificultad son más toscos que en los grandes shooters de la consola.;Rambo III;Gráficos: presentación competente, aunque con limitaciones visibles. Música: música funcional, con algunos temas reconocibles. Jugabilidad: mecánicas funcionales, aunque con cierta rigidez, repetición o dificultad irregular. Motivo global: Acción cenital con rescates, armas y avance directo. Es competente, aunque su control y dificultad son más toscos que en los grandes shooters de la consola.;Rambo III es un juego de acción cenital basado en la película. John Rambo atraviesa Afganistán para rescatar al coronel Trautman, usando armas, explosivos y vehículos contra fuerzas enemigas.
Sword of Vermilion;1990;3.24;n/a;Role-Playing -Action RPG;Sword of Vermilion is an action role-playing game developed and published by Sega for the Mega Drive console in 1989. It was released in 1991 in North America and Europe. It was the first console exclusive game designed by Yu Suzuki, and designed by his Sega AM2 studio. The game is part of the Sega Genesis Collection for the PlayStation 2 and PlayStation Portable, and was available on the Wii's Virtual Console.;https://images.launchbox-app.com/21957785-5f45-436b-9bfc-a531c89208e6.jpg;7;7;6;7;RPG ambicioso que mezcla exploración, combate y laberintos. Sus ideas son interesantes, pero la interfaz y el ritmo han envejecido de forma desigual.;Sword of Vermilion;Gráficos: presentación competente, aunque con limitaciones visibles. Música: música funcional, con algunos temas reconocibles. Jugabilidad: mecánicas funcionales, aunque con cierta rigidez, repetición o dificultad irregular. Motivo global: RPG ambicioso que mezcla exploración, combate y laberintos. Sus ideas son interesantes, pero la interfaz y el ritmo han envejecido de forma desigual.;Sword of Vermilion es un action RPG diseñado por Yu Suzuki. Combina exploración en vista superior, combates en primera persona, laberintos y una aventura de fantasía centrada en recuperar el trono.
Super Smash T.V.;1992;3.24;n/a;Action -Shooter -Shoot-'Em-Up -Top-Down;Smash TV is a 1990 arcade game created by Eugene Jarvis and Mark Turmell for Williams. It revolves around a futuristic, violent game show in which players move through a series of rooms collecting prizes and clearing out waves of enemies using guns and power-up abilities. It is a dual-stick shooter in the same vein as 1982's Robotron: 2084 (co-created by Jarvis).;https://images.launchbox-app.com/5a42e82b-f384-446d-9796-4497191a2f1b.jpg;8;8;8;8;Acción de doble stick adaptada al mando, con oleadas de enemigos, cooperativo y ritmo frenético. Muy divertida, aunque intensa y exigente.;Super Smash T.V.;Gráficos: buen uso de los recursos gráficos de Mega Drive. Música: banda sonora sólida y bien integrada. Jugabilidad: jugabilidad sólida y accesible, con buen equilibrio general. Motivo global: Acción de doble stick adaptada al mando, con oleadas de enemigos, cooperativo y ritmo frenético. Muy divertida, aunque intensa y exigente.;Super Smash T.V. es un shooter de doble control adaptado a Mega Drive. Los jugadores sobreviven a oleadas de enemigos en un concurso televisivo futurista, recogiendo armas, vidas y premios en un ritmo frenético.
Target Earth;1990;3.24;n/a;Action -Shooter -Shoot-'Em-Up -Vertical;Assault Suit Leynos (重装機兵レイノス Jūsō Kihei Reinosu) is a video gamedeveloped by Masaya in 1990 for the Sega Mega Drive. It was released in America as Target Earth. It has since been re-released on the Wii as a Virtual Console product in Japan. It is the first game in the Assault Suits series.;https://images.launchbox-app.com/9446a3ee-8930-490f-80a8-6f424ffcdbbd.jpg;8;8;8;8;Shooter de mechas con buena variedad de armas, niveles y una dificultad considerable. Menos espectacular que Thunder Force, pero muy sólido.;Target Earth;Gráficos: buen uso de los recursos gráficos de Mega Drive. Música: banda sonora sólida y bien integrada. Jugabilidad: jugabilidad sólida y accesible, con buen equilibrio general. Motivo global: Shooter de mechas con buena variedad de armas, niveles y una dificultad considerable. Menos espectacular que Thunder Force, pero muy sólido.;Target Earth, conocido en Japón como Assault Suit Leynos, es un juego de acción con mechas. El jugador completa misiones militares, escoge armas y combate ejércitos enemigos en fases laterales exigentes.
Sonic the Hedgehog Spinball;1993-11-14;3.23;n/a;Action -Pinball;Sonic the Hedgehog Spinball, commonly abbreviated to Sonic Spinball, is a 1993 pinball video game developed by Sega Technical Institute and published by Sega. It is a spinoff of the Sonic the Hedgehog series set in the universe of the Sonic the Hedgehog animated series. Players control Sonic the Hedgehog, who must stop Doctor Robotnik from enslaving the population in a giant pinball-like mechanism. The game is set in a series of pinball machine-like environments, and Sonic acts as a pinball for the majority of the game.;https://images.launchbox-app.com/3badfc79-8171-4ef1-8e58-5d41e1b29ad9.jpg;7;8;6;7;Mezcla de Sonic y pinball con música y presentación atractivas. La física de las mesas y algunos objetivos poco claros generan una recepción muy dividida.;Sonic the Hedgehog Spinball;Gráficos: presentación competente, aunque con limitaciones visibles. Música: banda sonora sólida y bien integrada. Jugabilidad: mecánicas funcionales, aunque con cierta rigidez, repetición o dificultad irregular. Motivo global: Mezcla de Sonic y pinball con música y presentación atractivas. La física de las mesas y algunos objetivos poco claros generan una recepción muy dividida.;Sonic the Hedgehog Spinball combina plataformas y pinball. Sonic actúa como bola en máquinas gigantes construidas por Robotnik, donde debe abrir rutas, recoger Esmeraldas del Caos y superar objetivos mecánicos.
Chuck Rock;1992;3.23;n/a;Action -Platformer -2D;Chuck Rock is a 1991 slapstick side-scrolling platform video game developed and published by Core Design for the Atari ST and Amiga computers. A Commodore 64 port followed in 1992 and an Amiga CD32 version in 1994. The game was subsequently published by Krisalis Software for the Acorn Archimedes. Virgin Interactive published the game for the Sega Mega Drive/Genesis, Master System, and the Game Gear. Sony Imagesoft published the game for the Sega Mega-CD, Super NES, and Game Boy.;https://images.launchbox-app.com/6bb2d8d0-1156-4d30-92a7-f97d8cf4d86d.jpg;7;7;6;7;Plataformas con humor prehistórico y animación simpática, pero control pesado, saltos poco precisos y diseño irregular.;Chuck Rock;Gráficos: presentación competente, aunque con limitaciones visibles. Música: música funcional, con algunos temas reconocibles. Jugabilidad: mecánicas funcionales, aunque con cierta rigidez, repetición o dificultad irregular. Motivo global: Plataformas con humor prehistórico y animación simpática, pero control pesado, saltos poco precisos y diseño irregular.;Chuck Rock es un plataformas prehistórico de humor slapstick. El cavernícola puede golpear enemigos con su barriga y lanzar rocas, aunque sus movimientos pesados y saltos imprecisos aumentan la dificultad.
Chase H.Q. II;1992-10-22;3.23;n/a;Racing -Arcade -Automobile;"Chase H.Q. (チェイスH.Q., ""Chase Headquarters"") is a 1988 arcade racing game, released by Taito. It is sometimes seen as a spiritual successor to Taito's earlier Full Throttle. The player assumes the role of a police officer named Tony Gibson, member of the ""Chase Special Investigation Department."" Along with his partner, Raymond Broady, he must stop fleeing criminals in high-speed pursuits in a black Porsche 928.";https://images.launchbox-app.com/73ec48ba-d98b-4e5a-baf6-ba5cbe1b6753.jpg;7;7;7;7;Conducción arcade de persecuciones, rápida y sencilla de entender. La repetición y el apartado técnico limitado reducen su profundidad.;Chase H.Q. II;Gráficos: presentación competente, aunque con limitaciones visibles. Música: música funcional, con algunos temas reconocibles. Jugabilidad: mecánicas funcionales, aunque con cierta rigidez, repetición o dificultad irregular. Motivo global: Conducción arcade de persecuciones, rápida y sencilla de entender. La repetición y el apartado técnico limitado reducen su profundidad.;Chase H.Q. II es un juego de conducción arcade de persecuciones. El jugador debe alcanzar y detener vehículos criminales antes de que termine el tiempo, recorriendo carreteras a gran velocidad.
Venom - Spider-Man: Separation Anxiety;1995-06-21;3.23;n/a;Action -Beat-'Em-Up -2D;Venom/Spider-Man: Separation Anxiety is a side-scrolling beat 'em up video game and sequel to Spider-Man and Venom: Maximum Carnage, released for Mega Drive/Genesis and Super NES and then ported to PC. One or two players team up as Spider-Man and Venom to defeat the evil symbioteCarnage. The game boasts a large number of thugs that the player has to defeat: heavily armed Jury and Venom's symbiote children. There is also cameo assistance from Captain America, Ghost Rider, Hawkeye, and Daredevil.;https://images.launchbox-app.com/0d3ceacd-588d-4466-82ee-ca91cffc11b2.jpg;7;7;7;7;Título correcto y entretenido, con virtudes claras aunque también algunas limitaciones de diseño o presentación.;Venom - Spider-Man: Separation Anxiety;Gráficos: presentación competente, aunque con limitaciones visibles. Música: música funcional, con algunos temas reconocibles. Jugabilidad: mecánicas funcionales, aunque con cierta rigidez, repetición o dificultad irregular. Motivo global: Título correcto y entretenido, con virtudes claras aunque también algunas limitaciones de diseño o presentación.;Venom - Spider-Man: Separation Anxiety es un beat em up cooperativo protagonizado por Spider-Man y Venom. Ambos luchan contra Carnage y sus simbiontes, con ayuda ocasional de otros héroes de Marvel.
Paperboy;1991;3.22;n/a;Action -Arcade;"Paperboy is an arcade game developed and published by Atari Games. It was released in North America in April 1985. The player takes the role of a paperboy who delivers a fictional newspaper called ""The Daily Sun"" along a suburban street on his bicycle. The arcade version of the game featured bike handlebars as the controller.";https://images.launchbox-app.com/47f1445a-5465-4a6d-b899-45868d8e8c8a.jpg;6;6;6;6;Conversión de arcade con una idea sencilla y desafiante, pero control difícil, visibilidad limitada y una ejecución algo rígida.;Paperboy;Gráficos: presentación competente, aunque con limitaciones visibles. Música: música funcional, con algunos temas reconocibles. Jugabilidad: mecánicas funcionales, aunque con cierta rigidez, repetición o dificultad irregular. Motivo global: Conversión de arcade con una idea sencilla y desafiante, pero control difícil, visibilidad limitada y una ejecución algo rígida.;Paperboy es una conversión del arcade en la que un repartidor de periódicos recorre una calle suburbana en bicicleta. Debe entregar diarios a los suscriptores, evitar obstáculos y causar daños en casas de quienes no lo son.
Fatal Labyrinth;1991;3.22;n/a;Role-Playing -Roguelike;Fatal Labyrinth, titled Shi no Meikyuu: Labyrinth of Death (死の迷宮) in Japan, is a role-playing video game developed and published by Sega. Originally available exclusively on the Sega Meganet multiplayer gaming service in 1990, it was later remade for the Sega Genesis in 1991. The game appears in Sonic's Ultimate Genesis Collection for Xbox 360 and PlayStation 3. The game was also released for Microsoft Windows on September 13, 2010. The game is similar to and shares assets with Dragon Crystal, which was also released around that time.;https://images.launchbox-app.com/c4a550c4-c8f7-4e3d-9f7f-a4efb3c1598b.jpg;6;6;6;6;Roguelike sencillo con mazmorras aleatorias y mucha dependencia de objetos. Interesante como curiosidad, pero lento y poco accesible.;Fatal Labyrinth;Gráficos: presentación competente, aunque con limitaciones visibles. Música: música funcional, con algunos temas reconocibles. Jugabilidad: mecánicas funcionales, aunque con cierta rigidez, repetición o dificultad irregular. Motivo global: Roguelike sencillo con mazmorras aleatorias y mucha dependencia de objetos. Interesante como curiosidad, pero lento y poco accesible.;Fatal Labyrinth es un roguelike de Sega con mazmorras generadas de forma aleatoria. El jugador explora, encuentra armas y objetos, combate monstruos y debe avanzar con pocos recursos y riesgo constante.
Gargoyles;1995;3.22;n/a;Action -Platformer -2D;Gargoyles is a platform game developed by Disney Software and published by Buena Vista Interactive for the Sega Genesis in 1995. It is an adaptation of the Disney animated series of the same title.;https://images.launchbox-app.com/56ed804c-7cee-4056-841b-6f4e74307c24.jpg;7;7;7;7;Título correcto y entretenido, con virtudes claras aunque también algunas limitaciones de diseño o presentación.;Gargoyles;Gráficos: presentación competente, aunque con limitaciones visibles. Música: música funcional, con algunos temas reconocibles. Jugabilidad: mecánicas funcionales, aunque con cierta rigidez, repetición o dificultad irregular. Motivo global: Título correcto y entretenido, con virtudes claras aunque también algunas limitaciones de diseño o presentación.;Gargoyles es un plataformas de acción basado en la serie animada de Disney. Goliath trepa paredes, planea y combate enemigos mientras recupera el Ojo de Odín en escenarios de fantasía oscura.
Zero the Kamikaze Squirrel;1994;3.21;n/a;Action -Platformer -2D;Zero the Kamikaze Squirrel is a video game developed by Iguana Entertainment, and published by Sunsoft in 1994. It is a spin-off of the Aero the Acro-Bat series and was released for the Sega Genesis first in October then for the Super NES in November along with the release of Aero the Acro-Bat 2.;https://images.launchbox-app.com/5c3eac1a-0c89-4cdc-8163-43f408ef5395.jpg;7;7;7;7;Título correcto y entretenido, con virtudes claras aunque también algunas limitaciones de diseño o presentación.;Zero the Kamikaze Squirrel;Gráficos: presentación competente, aunque con limitaciones visibles. Música: música funcional, con algunos temas reconocibles. Jugabilidad: mecánicas funcionales, aunque con cierta rigidez, repetición o dificultad irregular. Motivo global: Título correcto y entretenido, con virtudes claras aunque también algunas limitaciones de diseño o presentación.;Zero the Kamikaze Squirrel es un plataformas de acción derivado de Aero the Acro-Bat. El protagonista usa saltos, ataques y herramientas para avanzar por niveles de estilo caricaturesco.
Mystic Defender;1989;3.21;n/a;Action -Platformer -2D;Mystic Defender is a two-dimensional action run and gun video game released for the Sega Genesis system. Originally titled Kujakuō 2: Geneijō (孔雀王2) in Japan and based on the anime/manga Kujaku Ou, it is the sequel to SpellCaster for the Sega Master System.;https://images.launchbox-app.com/fa271801-7236-4fa5-8a23-c574c693be08.jpg;7;7;7;7;Título correcto y entretenido, con virtudes claras aunque también algunas limitaciones de diseño o presentación.;Mystic Defender;Gráficos: presentación competente, aunque con limitaciones visibles. Música: música funcional, con algunos temas reconocibles. Jugabilidad: mecánicas funcionales, aunque con cierta rigidez, repetición o dificultad irregular. Motivo global: Título correcto y entretenido, con virtudes claras aunque también algunas limitaciones de diseño o presentación.;Mystic Defender es un juego de acción lateral de Sega. El protagonista utiliza ataques espirituales cargables y habilidades mágicas para combatir demonios, en una adaptación occidental de Kujaku Ou 2.
Prince of Persia;1993;3.21;n/a;Action -Platformer -2D;Prince of Persia is a video game franchise created by Jordan Mechner, originally developed and published by Brøderbund, then The Learning Company, and currently Ubisoft. The franchise is built around a series of action-adventure games focused on various incarnations of the eponymous prince. The first game in the series was designed by Mechner after the success of his previous game with Brøderbund, Karateka. The original title spawned two sequels. The series has been rebooted twice since its acquisition by Ubisoft, and has been made into a film, Prince of Persia: The Sands of Time, penned in part by Mechner and released by Walt Disney Pictures in 2010. Since the first remake of Prince of Persia, the series has seen eight sequels on more than 10 different gaming platforms, from the Game Boy Advance to the PlayStation 3.;https://images.launchbox-app.com/440b0686-749d-4646-9752-4e4ab9154983.jpg;8;8;8;8;Plataformas cinemático de animación muy fluida y puzles exigentes. El control deliberado requiere anticipación, pero es parte esencial de su diseño.;Prince of Persia;Gráficos: buen uso de los recursos gráficos de Mega Drive. Música: banda sonora sólida y bien integrada. Jugabilidad: jugabilidad sólida y accesible, con buen equilibrio general. Motivo global: Plataformas cinemático de animación muy fluida y puzles exigentes. El control deliberado requiere anticipación, pero es parte esencial de su diseño.;Prince of Persia es un plataformas cinemático de Jordan Mechner. El jugador debe escapar de mazmorras, evitar trampas, luchar con espada y rescatar a la princesa antes de que se agote el tiempo.
Bulls vs Lakers and the NBA Playoffs;1992;3.16;n/a;Sports -Team -Basketball -Sim;Bulls vs Lakers and the NBA Playoffs is a basketball video game developed by Electronic Arts and released in 1992 exclusively for the Sega Mega Drive. The game is the sequel to Lakers versus Celtics. The game's name refers to the previous season's NBA championship series, the 1991 NBA Finalsmatchup between the Chicago Bulls and Los Angeles Lakers. It is the second game in the NBA Playoffs series of games.;https://images.launchbox-app.com/94ad67fe-4ca3-4ae3-9557-70074475be5f.jpg;7;6;7;7;Título irregular, con ideas interesantes pero limitaciones visibles en control, ritmo o realización.;Bulls vs Lakers and the NBA Playoffs;Gráficos: presentación competente, aunque con limitaciones visibles. Música: música funcional, con algunos temas reconocibles. Jugabilidad: mecánicas funcionales, aunque con cierta rigidez, repetición o dificultad irregular. Motivo global: Título irregular, con ideas interesantes pero limitaciones visibles en control, ritmo o realización.;Bulls vs Lakers and the NBA Playoffs es un juego de baloncesto de Electronic Arts. Incluye equipos de la NBA, una vista isométrica y partidos de estilo arcade con modos de temporada y eliminatorias.
Monopoly;1992;3.15;n/a;Miscellaneous -Board / Card Game;"Monopoly is a board game currently published by Hasbro. In the game, players roll two six-sided dice to move around the game board, buying and trading properties, and developing them with houses and hotels. Players collect rent from their opponents, with the goal being to drive them into bankruptcy. Money can also be gained or lost through Chance and Community Chest cards, and tax squares; players can end up in jail, which they cannot move from until they have met one of several conditions. The game has numerous house rules, and hundreds of different editions exist, as well as many spin-offs and related media. Monopoly has become a part of international popular culture, having been licensed locally in more than 103 countries and printed in more than 37 languages.";https://images.launchbox-app.com/fdc677fb-79bb-4d0b-a59b-754b47f06fd5.jpg;7;6;7;7;Título irregular, con ideas interesantes pero limitaciones visibles en control, ritmo o realización.;Monopoly;Gráficos: presentación competente, aunque con limitaciones visibles. Música: música funcional, con algunos temas reconocibles. Jugabilidad: mecánicas funcionales, aunque con cierta rigidez, repetición o dificultad irregular. Motivo global: Título irregular, con ideas interesantes pero limitaciones visibles en control, ritmo o realización.;Monopoly adapta el popular juego de mesa a Mega Drive. Los jugadores compran propiedades, cobran alquileres, construyen casas y hoteles y tratan de llevar a sus rivales a la bancarrota.
Joe & Mac;1993;3.15;n/a;Action -Platformer -2D;Joe & Mac, also known as Caveman Ninja and Caveman Ninja: Joe & Mac, is a 1991 platform game released for the arcades by Data East. It was later adapted for the Super NES, Mega Drive/Genesis, Nintendo Entertainment System, Game Boy, Amiga, Zeebo, Nintendo Switch, and PC.;https://images.launchbox-app.com/24ff080f-e5f0-4c63-b742-1270fcbbc089.jpg;7;7;7;7;Título correcto y entretenido, con virtudes claras aunque también algunas limitaciones de diseño o presentación.;Joe & Mac;Gráficos: presentación competente, aunque con limitaciones visibles. Música: música funcional, con algunos temas reconocibles. Jugabilidad: mecánicas funcionales, aunque con cierta rigidez, repetición o dificultad irregular. Motivo global: Título correcto y entretenido, con virtudes claras aunque también algunas limitaciones de diseño o presentación.;Joe & Mac es un plataformas de acción de Data East protagonizado por dos cavernícolas. Combina armas prehistóricas, dinosaurios, plataformas y cooperativo en una aventura de tono humorístico.
Cyborg Justice;1993;3.15;n/a;Action -Beat-'Em-Up -2D;Cyborg Justice is a side-scrolling beat 'em up video game developed by Novotrade and released in 1993 for the Sega Mega Drive.;https://images.launchbox-app.com/ed3ff961-fc06-4f8c-ba64-208a9642feba.jpg;7;7;7;7;Título correcto y entretenido, con virtudes claras aunque también algunas limitaciones de diseño o presentación.;Cyborg Justice;Gráficos: presentación competente, aunque con limitaciones visibles. Música: música funcional, con algunos temas reconocibles. Jugabilidad: mecánicas funcionales, aunque con cierta rigidez, repetición o dificultad irregular. Motivo global: Título correcto y entretenido, con virtudes claras aunque también algunas limitaciones de diseño o presentación.;Cyborg Justice es un beat em up de Mega Drive protagonizado por un cyborg que puede sustituir brazos, piernas y cabeza con piezas de enemigos derrotados. Sus combinaciones de partes cambian ataques y habilidades.
MTV's Beavis and Butt-head;1994;3.15;n/a;Action Adventure -General;Beavis and Butt-Head (advertised as MTV's Beavis and Butt-Head: The Game) is the title of three tie-in video games based on the animated television series of the same name that were released by Viacom New Media in 1994 for the Super NES, Genesis/Mega Drive and Game Gear. The three versions differ completely from each other, sharing only the basic premise involving the titular characters searching for tickets to a Gwar concert. The games were advertised as featuring music by the band. A fourth version was later released for the Game Boy by GT Interactive Software in 1998 without the Gwar tie-in.;https://images.launchbox-app.com/3ac90874-2ed2-475c-bbed-8f63ca2098a6.jpg;7;6;7;7;Título irregular, con ideas interesantes pero limitaciones visibles en control, ritmo o realización.;MTV's Beavis and Butt-head;Gráficos: presentación competente, aunque con limitaciones visibles. Música: música funcional, con algunos temas reconocibles. Jugabilidad: mecánicas funcionales, aunque con cierta rigidez, repetición o dificultad irregular. Motivo global: Título irregular, con ideas interesantes pero limitaciones visibles en control, ritmo o realización.;MTV's Beavis and Butt-head es una aventura de acción basada en la serie de MTV. Los protagonistas buscan entradas para un concierto de Gwar mientras superan situaciones absurdas y minijuegos.
Wonder Boy III: Monster Lair;2009-04-20;3.14;n/a;Action -Shooter -Shoot-'Em-Up -Horizontal;"Wonder Boy III: Monster Lair (ワンダーボーイIII モンスターレア Wandā Bōi Surī: Monsutā Reā, ""Wonder Boy III Monster Lair"") is a side-scrolling action game developed by Westone Bit Entertainment that was originally released for the arcades by Sega in 1988. It is the third game in the Wonder Boy series and the last one released for the arcade. A console adaptation was made by Hudson Soft, released in 1989 in Japan for the PC Engine CD-ROM² Systemand the subsequent North American release on the TurboGrafx-CD dropped the 'Wonder Boy III' title. It was also converted and released by Sega for the Mega Drive in Japan in 1990 and Europe in 1991. Both, the TurboGrafx-CD and Mega Drive versions have been re-released for the Wii Virtual Console.";https://images.launchbox-app.com/0623ecb0-f607-4051-9533-2003165ede36.jpg;7;7;8;7;Título correcto y entretenido, con virtudes claras aunque también algunas limitaciones de diseño o presentación.;Wonder Boy III: Monster Lair;Gráficos: presentación competente, aunque con limitaciones visibles. Música: música funcional, con algunos temas reconocibles. Jugabilidad: jugabilidad sólida y accesible, con buen equilibrio general. Motivo global: Título correcto y entretenido, con virtudes claras aunque también algunas limitaciones de diseño o presentación.;Wonder Boy III: Monster Lair combina plataformas y disparos en una aventura de fantasía. Dos héroes recorren fases laterales, combaten criaturas y atraviesan tramos de vuelo con acción de shooter.
Sonic 3D Blast;1996-11-09;3.14;n/a;Action -Platformer -2D;Sonic 3D Blast, known in Europe as Sonic 3D: Flickies' Island, is a 1996 platform game in the Sonic the Hedgehog series for the Sega Genesis and Sega Saturn. As Sonic the Hedgehog, the player embarks on a journey to save the Flickies, birds enslaved by Doctor Robotnik. The player must guide Sonic through a series of themed levels to collect Flickies and defeat Robotnik. Though it retains game mechanics from prior Sonic games, Sonic 3D Blast is differentiated by its isometric perspective, with pre-rendered 3D modelsconverted into sprites.;https://images.launchbox-app.com/c40f19f8-52f2-4c2a-8aae-73497e4887be.jpg;8;7;6;7;Aventura isométrica vistosa, pero basada en recoger Flickies de forma repetitiva. Su control resbaladizo y ritmo lento la sitúan claramente por debajo de los Sonic clásicos.;Sonic 3D Blast;Gráficos: buen uso de los recursos gráficos de Mega Drive. Música: música funcional, con algunos temas reconocibles. Jugabilidad: mecánicas funcionales, aunque con cierta rigidez, repetición o dificultad irregular. Motivo global: Aventura isométrica vistosa, pero basada en recoger Flickies de forma repetitiva. Su control resbaladizo y ritmo lento la sitúan claramente por debajo de los Sonic clásicos.;Sonic 3D Blast es una aventura isométrica protagonizada por Sonic. Debe liberar a los Flickies atrapados por Robotnik, explorar fases con gráficos prerenderizados y encontrar rutas hacia los actos siguientes.
Tom and Jerry: Frantic Antics!;1994-01-14;3.14;n/a;Action -Platformer -2D;;https://images.launchbox-app.com/07e58f6f-26da-448f-9071-fcb15f39a386.jpg;7;7;7;7;Título correcto y entretenido, con virtudes claras aunque también algunas limitaciones de diseño o presentación.;Tom and Jerry: Frantic Antics!;Gráficos: presentación competente, aunque con limitaciones visibles. Música: música funcional, con algunos temas reconocibles. Jugabilidad: mecánicas funcionales, aunque con cierta rigidez, repetición o dificultad irregular. Motivo global: Título correcto y entretenido, con virtudes claras aunque también algunas limitaciones de diseño o presentación.;Tom and Jerry: Frantic Antics! es un plataformas basado en los personajes animados. Tom persigue a Jerry a través de escenarios domésticos y urbanos, con trampas, objetos y situaciones de humor slapstick.
"Zool: Ninja of the ""Nth"" Dimension";1993;3.14;n/a;Action -Platformer -2D;Zool: Ninja of the Nth Dimension is a platform game originally produced for the Amiga by Gremlin Graphics in 1992. It was later ported to several other platforms and followed by Zool 2 in 1993.;https://images.launchbox-app.com/ab206643-432d-475e-97da-20d031cd80bb.jpg;7;7;7;7;Título correcto y entretenido, con virtudes claras aunque también algunas limitaciones de diseño o presentación.;"Zool: Ninja of the ""Nth"" Dimension";Gráficos: presentación competente, aunque con limitaciones visibles. Música: música funcional, con algunos temas reconocibles. Jugabilidad: mecánicas funcionales, aunque con cierta rigidez, repetición o dificultad irregular. Motivo global: Título correcto y entretenido, con virtudes claras aunque también algunas limitaciones de diseño o presentación.;"Zool: Ninja of the ""Nth"" Dimension;Zool: Ninja of the Nth Dimension es un plataformas de Gremlin Graphics protagonizado por un ninja alienígena. Zool recorre siete mundos temáticos, salta, dispara, trepa y recoge objetos para derrotar a Krool y regresar a su dimensión. La versión de Mega Drive destaca por su ritmo rápido, aunque muestra menos escenario en pantalla que la de Amiga y puede resultar más exigente."
Greendog: The Beached Surfer Dude!;1992;3.13;n/a;Action -Platformer -2D;Greendog: The Beached Surfer Dude! is a platform gamedeveloped by Sega Technical Institute and Interactive Designs for the Sega Genesis home console, and was published by Sega in September 1992. A ported version for the handheld Game Gear was released a year later;https://images.launchbox-app.com/3bfbe070-0467-4d54-985f-48d725973684.jpg;7;7;7;7;Título correcto y entretenido, con virtudes claras aunque también algunas limitaciones de diseño o presentación.;Greendog: The Beached Surfer Dude!;Gráficos: presentación competente, aunque con limitaciones visibles. Música: música funcional, con algunos temas reconocibles. Jugabilidad: mecánicas funcionales, aunque con cierta rigidez, repetición o dificultad irregular. Motivo global: Título correcto y entretenido, con virtudes claras aunque también algunas limitaciones de diseño o presentación.;Greendog: The Beached Surfer Dude! es un plataformas de Sega protagonizado por un surfista maldito. Combina surf, saltos y acción contra criaturas sobrenaturales en escenarios tropicales.
Altered Beast;1989-08-14;3.13;n/a;Action -Beat-'Em-Up -2D;Altered Beast is a 1988 beat 'em up arcade game developed and manufactured by Sega. The game is set in Ancient Greece, and follows a centurion who is resurrected by Zeus to rescue his daughter Athena. In order to save his daughter, Zeus transforms the centurion into beasts with the use of power-ups. After its initial arcade release, it was ported to several home video game consoles and home computers, including the Mega Drive/Genesis, for which it was a;https://images.launchbox-app.com/5f549342-0586-442c-b52b-87f2a17798ba.jpg;7;7;6;7;Título histórico de lanzamiento, con transformaciones y cooperativo, pero repetitivo, lento y menos refinado que los beat em up posteriores.;Altered Beast;Gráficos: presentación competente, aunque con limitaciones visibles. Música: música funcional, con algunos temas reconocibles. Jugabilidad: mecánicas funcionales, aunque con cierta rigidez, repetición o dificultad irregular. Motivo global: Título histórico de lanzamiento, con transformaciones y cooperativo, pero repetitivo, lento y menos refinado que los beat em up posteriores.;Altered Beast es un beat em up de Sega ambientado en la Grecia mitológica. Un centurión resucitado por Zeus derrota criaturas y se transforma en bestias mediante potenciadores para rescatar a Atenea.
Pac-Man 2: The New Adventures;1994;3.12;n/a;Action -Platformer -2D;"Pac-Man 2: The New Adventures, known in Japan as Hello! Pac-Man (ハロー! パックマン), is a side-scrolling adventure game ""sequel"" to Pac-Man. Instead of being a maze game like the majority of its predecessors, Pac-Man 2 incorporates light point-and-click adventure game elements. It was produced and published by Namco for the Super Nintendo Entertainment System (SNES) and Sega Mega Drive/Genesis systems, and was released in 1994 by Namco. The game borrows its structure and certain elements from Pac-Land, and also appears to contain certain elements from the animated series, such as Pac-Man's family and a main villain commanding the ghosts. The SNES version of Pac-Man 2 was re-released on the Wii U Virtual Console on 3 March 2016.";https://images.launchbox-app.com/cbbe7fe8-cc03-40fd-9e1e-aaffaf904cfd.jpg;7;7;7;7;Título correcto y entretenido, con virtudes claras aunque también algunas limitaciones de diseño o presentación.;Pac-Man 2: The New Adventures;Gráficos: presentación competente, aunque con limitaciones visibles. Música: música funcional, con algunos temas reconocibles. Jugabilidad: mecánicas funcionales, aunque con cierta rigidez, repetición o dificultad irregular. Motivo global: Título correcto y entretenido, con virtudes claras aunque también algunas limitaciones de diseño o presentación.;Pac-Man 2: The New Adventures es una aventura de acción poco convencional. El jugador no controla directamente a Pac-Man, sino que le dispara con un tirachinas para llamar su atención, alterar su ánimo y resolver situaciones.
Mighty Morphin Power Rangers;1994;3.12;n/a;Action -Fighting -2D;Mighty Morphin Power Rangers is the title of five different video games based on the first season of the television series of the same name, one for each of the following game platforms: Sega Genesis/Mega Drive, Super Nintendo Entertainment System, Game Boy, Game Gear, and Sega CD. The Nintendo versions of the game were released by Bandai, while the Sega versions were published by Sega themselves. The Green Ranger is only playable on the Genesis and Game Gear versions of the game.;https://images.launchbox-app.com/071bcf2b-5ed3-4350-a95a-e3cc31597109.jpg;7;7;8;7;Título correcto y entretenido, con virtudes claras aunque también algunas limitaciones de diseño o presentación.;Mighty Morphin Power Rangers;Gráficos: presentación competente, aunque con limitaciones visibles. Música: música funcional, con algunos temas reconocibles. Jugabilidad: jugabilidad sólida y accesible, con buen equilibrio general. Motivo global: Título correcto y entretenido, con virtudes claras aunque también algunas limitaciones de diseño o presentación.;Mighty Morphin Power Rangers es un juego de lucha basado en la primera temporada de la serie. Permite controlar a los Rangers y sus Zords en combates uno contra uno, con personajes y ataques especiales.
The Terminator;Feb-92;3.11;n/a;Action -Platformer -2D;The Terminator is a 1984 American science fiction action filmdirected by James Cameron. It stars Arnold Schwarzenegger as the Terminator, a cyborg assassin sent back in time from 2029 to 1984 to kill Sarah Connor (Linda Hamilton), whose son will one day become a savior against machines in a post-apocalyptic future. Michael Biehnplays Kyle Reese, a soldier from the future sent back in time to protect Connor. The screenplay is credited to Cameron and producer Gale Anne Hurd, while co-writer William Wisher Jr. received a credit for additional dialogue. Executive producers John Daly and Derek Gibson of Hemdale Film Corporation were instrumental in the film's financing and production.;https://images.launchbox-app.com/d955abcc-7257-47f3-a9d5-839aa6cdd8be.jpg;7;7;6;7;Acción de licencia con buena ambientación, pero control tosco y dificultad irregular. Funciona mejor como curiosidad para seguidores de la película.;The Terminator;Gráficos: presentación competente, aunque con limitaciones visibles. Música: música funcional, con algunos temas reconocibles. Jugabilidad: mecánicas funcionales, aunque con cierta rigidez, repetición o dificultad irregular. Motivo global: Acción de licencia con buena ambientación, pero control tosco y dificultad irregular. Funciona mejor como curiosidad para seguidores de la película.;The Terminator es un juego de acción y plataformas basado en la película. El jugador controla a Kyle Reese en su lucha por proteger a Sarah Connor del cyborg enviado desde el futuro.
Stargate;1994;3.1;n/a;Action -Platformer -2D;Stargate is a science fiction media franchise based on the film written by Dean Devlin and Roland Emmerich. The franchise is based on the idea of an alien Einstein–Rosen bridge device (the Stargate) that enables nearly instantaneous travel across the cosmos. The franchise began with the film Stargate, released on October 28, 1994, by Metro-Goldwyn-Mayer and Carolco, which grossed US$197 million worldwide. In 1997, Brad Wright and Jonathan Glassner created a television series titled Stargate SG-1 as a sequel to the film. This show was joined by Stargate Atlantis in 2004, Stargate Universe in 2009, and a prequel web series, Stargate Origins, in 2018. Also consistent with the same story are a variety of books, video games and comic books, as well as the direct-to-DVD movies Stargate: Children of the Gods, Stargate: The Ark of Truth, and Stargate: Continuum, which concluded the first television show after 10 seasons.;https://images.launchbox-app.com/4bf5509f-fbf1-4c1d-ae28-c507ea11ce92.jpg;7;7;7;7;Título correcto y entretenido, con virtudes claras aunque también algunas limitaciones de diseño o presentación.;Stargate;Gráficos: presentación competente, aunque con limitaciones visibles. Música: música funcional, con algunos temas reconocibles. Jugabilidad: mecánicas funcionales, aunque con cierta rigidez, repetición o dificultad irregular. Motivo global: Título correcto y entretenido, con virtudes claras aunque también algunas limitaciones de diseño o presentación.;Stargate es un juego de acción y plataformas basado en la película de ciencia ficción. El coronel O'Neil explora entornos alienígenas, combate enemigos y utiliza el portal estelar para avanzar en la misión.
Crack Down;1991-05-11;3.1;n/a;Action -General;Crackdown is an open world action-adventure video gamedeveloped by Realtime Worlds and distributed by Microsoft Game Studios for the Xbox 360. It was released in North America on 20 February 2007, and worldwide by 23 February 2007. Crackdown was conceived by Realtime Worlds' founder, David Jones, who also created Grand Theft Auto and Lemmings.;https://images.launchbox-app.com/b1d14484-c825-47b5-bec7-c9b931887053.jpg;7;6;7;7;Título irregular, con ideas interesantes pero limitaciones visibles en control, ritmo o realización.;Crack Down;Gráficos: presentación competente, aunque con limitaciones visibles. Música: música funcional, con algunos temas reconocibles. Jugabilidad: mecánicas funcionales, aunque con cierta rigidez, repetición o dificultad irregular. Motivo global: Título irregular, con ideas interesantes pero limitaciones visibles en control, ritmo o realización.;Crack Down es un juego de acción cenital de Sega para uno o dos jugadores. Los agentes se infiltran en bases enemigas, colocan explosivos y deben escapar antes de que se agote el tiempo.
Ecco Jr.;1995-08-15;3.08;n/a;Action -Platformer -2D;Ecco Jr. is a video game in the Ecco the Dolphin series, released in North America on August 15, 1995, and in Australia in November 1995. It had the controls and basic gameplay of the other two Mega Drive/Genesis titles, but is geared towards younger players, lacking the high difficulty of Ecco the Dolphin and Ecco: The Tides of Time.;https://images.launchbox-app.com/57abf25a-ffa8-4993-9ca1-faed23a641e4.jpg;7;7;7;7;Título correcto y entretenido, con virtudes claras aunque también algunas limitaciones de diseño o presentación.;Ecco Jr.;Gráficos: presentación competente, aunque con limitaciones visibles. Música: música funcional, con algunos temas reconocibles. Jugabilidad: mecánicas funcionales, aunque con cierta rigidez, repetición o dificultad irregular. Motivo global: Título correcto y entretenido, con virtudes claras aunque también algunas limitaciones de diseño o presentación.;Ecco Jr. es una aventura submarina dirigida a jugadores jóvenes. Conserva la exploración, el sonar y los animales marinos de la serie Ecco, pero elimina gran parte de la dificultad de las entregas principales.
Bugs Bunny in Double Trouble;1996;3.08;n/a;Action -Platformer -2D;Bugs Bunny in Double Trouble is a Looney Tunes video gamedeveloped by Atod AB for the Sega Genesis and Game Gear, released in 1996. The game stars Bugs Bunny and features pre-rendered 3D graphics.;https://images.launchbox-app.com/137d9bae-7a3c-4f96-a08c-a006e39fbbfd.jpg;7;7;7;7;Título correcto y entretenido, con virtudes claras aunque también algunas limitaciones de diseño o presentación.;Bugs Bunny in Double Trouble;Gráficos: presentación competente, aunque con limitaciones visibles. Música: música funcional, con algunos temas reconocibles. Jugabilidad: mecánicas funcionales, aunque con cierta rigidez, repetición o dificultad irregular. Motivo global: Título correcto y entretenido, con virtudes claras aunque también algunas limitaciones de diseño o presentación.;Bugs Bunny in Double Trouble es un plataformas protagonizado por Bugs Bunny. Combina escenarios inspirados en los Looney Tunes, disfraces, puzles y gráficos prerenderizados en una aventura de las últimas de Mega Drive.
Judge Dredd;1995;3.07;n/a;Action -Platformer -2D;Judge Joseph Dredd is a fictional character created by writer John Wagner and artist Carlos Ezquerra. He first appeared in the second issue of 2000 AD (1977), which is a British weekly anthology comic. He is the magazine's longest-running character. He also appears in a number of movie and video game adaptations.;https://images.launchbox-app.com/312412a4-44e0-4820-a50f-ed9887168146.jpg;7;7;7;7;Título correcto y entretenido, con virtudes claras aunque también algunas limitaciones de diseño o presentación.;Judge Dredd;Gráficos: presentación competente, aunque con limitaciones visibles. Música: música funcional, con algunos temas reconocibles. Jugabilidad: mecánicas funcionales, aunque con cierta rigidez, repetición o dificultad irregular. Motivo global: Título correcto y entretenido, con virtudes claras aunque también algunas limitaciones de diseño o presentación.;Judge Dredd es un juego de acción y plataformas basado en el personaje del cómic. El juez combate criminales en Mega-City One con su Lawgiver, vehículos y fases inspiradas en su universo futurista.
Alien 3;1992;3.06;n/a;Action -Platformer -2D;Alien 3 (stylized as ALIEN³) is a 1992 American science fiction action horror film directed by David Fincher and written by David Giler, Walter Hill and Larry Ferguson from a story by Vincent Ward. It stars Sigourney Weaver reprising her role as Ellen Ripley and is the third film installment in the Alien franchise, preceded by Aliens (1986) and succeeded by Alien Resurrection (1997).;https://images.launchbox-app.com/4d6fc22c-6c20-424e-b313-ae24f698ea0e.jpg;7;7;5;6;Ambientación lograda y tensión constante, pero control pesado, diseño lento y repetición limitan mucho la experiencia.;Alien 3;Gráficos: presentación competente, aunque con limitaciones visibles. Música: música funcional, con algunos temas reconocibles. Jugabilidad: control problemático, dificultad descompensada o mecánicas poco pulidas. Motivo global: Ambientación lograda y tensión constante, pero control pesado, diseño lento y repetición limitan mucho la experiencia.;Alien 3 es un juego de acción basado en la película. Ellen Ripley recorre una colonia penal infestada de xenomorfos, utiliza armas y debe rescatar supervivientes, con una atmósfera oscura y mucha tensión.
Taz-Mania;1992-12-24;3.06;n/a;Action -Platformer -2D;"Taz-Mania is an American cartoon sitcom produced by Warner Bros. Animation from 1991 to 1995, broadcast in the United States on Fox. The show follows the adventures of the ""Looney Tunes"" character Taz (The Tasmanian Devil) in the fictional land of Tazmania (based on Tasmania).";https://images.launchbox-app.com/e3400d1a-614e-4696-947f-7f5d8a9dc58b.jpg;7;7;7;7;Título correcto y entretenido, con virtudes claras aunque también algunas limitaciones de diseño o presentación.;Taz-Mania;Gráficos: presentación competente, aunque con limitaciones visibles. Música: música funcional, con algunos temas reconocibles. Jugabilidad: mecánicas funcionales, aunque con cierta rigidez, repetición o dificultad irregular. Motivo global: Título correcto y entretenido, con virtudes claras aunque también algunas limitaciones de diseño o presentación.;Taz-Mania es un plataformas protagonizado por el demonio de Tasmania. Taz gira a gran velocidad, come enemigos y recorre escenarios inspirados en la serie animada, en una aventura de tono caricaturesco.
Teenage Mutant Ninja Turtles: Tournament Fighters;1993-12-02;3.05;n/a;Action -Fighting -2D;Teenage Mutant Ninja Turtles: Tournament Fighters, or Teenage Mutant Hero Turtles: Tournament Fighters in Europe, is the title of three different fighting games based on the characters the Teenage Mutant Ninja Turtles, produced by Konami for the Nintendo Entertainment System, Sega Genesis, and Super NES and released during a period between 1993 and 1994. Konami produced a different fighting game based on the franchise for each platform, featuring a differing cast of characters.;https://images.launchbox-app.com/f87a38ef-3430-403b-a922-f601e4eae05f.jpg;7;7;8;7;Título correcto y entretenido, con virtudes claras aunque también algunas limitaciones de diseño o presentación.;Teenage Mutant Ninja Turtles: Tournament Fighters;Gráficos: presentación competente, aunque con limitaciones visibles. Música: música funcional, con algunos temas reconocibles. Jugabilidad: jugabilidad sólida y accesible, con buen equilibrio general. Motivo global: Título correcto y entretenido, con virtudes claras aunque también algunas limitaciones de diseño o presentación.;Teenage Mutant Ninja Turtles: Tournament Fighters es un juego de lucha de Konami basado en las Tortugas Ninja. Cada personaje utiliza técnicas y armas propias en combates uno contra uno con una plantilla exclusiva de Mega Drive.
Disney's TaleSpin;1992;3.03;n/a;Action -Platformer -2D;"TaleSpin is an American animated television series based in the fictional city of Cape Suzette, that first aired in 1990 as a preview on Disney Channel and later that year as part of The Disney Afternoon, with characters adapted from Disney's 1967 animated feature The Jungle Book (namely, some of the film's animals being given an anthropomorphical makeover while the humans are removed), which was theatrically rereleased in the summer before this show premiered in the fall. The name of the show is a play on ""tailspin"", the rapid descent of an aircraft in a steep spiral. The two words in the show's name, tale and spin, are a way to describe telling a story. The show is one of ten Disney Afternoon shows to use established Disney characters as the main characters, with the others being Darkwing Duck, DuckTales, Chip 'n Dale: Rescue Rangers, Goof Troop, Bonkers, Quack Pack, Aladdin, Timon & Pumbaa and Jungle Cubs. It is also one of the two animated television series based on The Jungle Book along with Jungle Cubs.";https://images.launchbox-app.com/58c85226-5a37-48c9-8387-008212ba7577.jpg;7;7;7;7;Título correcto y entretenido, con virtudes claras aunque también algunas limitaciones de diseño o presentación.;Disney's TaleSpin;Gráficos: presentación competente, aunque con limitaciones visibles. Música: música funcional, con algunos temas reconocibles. Jugabilidad: mecánicas funcionales, aunque con cierta rigidez, repetición o dificultad irregular. Motivo global: Título correcto y entretenido, con virtudes claras aunque también algunas limitaciones de diseño o presentación.;Disney's TaleSpin es un plataformas basado en la serie animada de Disney. Baloo pilota su hidroavión y combate piratas, atraviesa escenarios de Cape Suzette y rescata aliados en una aventura de acción.
Virtual Bart;1994;3.02;n/a;Action -General;Virtual Bart is a video game developed by Sculptured Software and published by Acclaim. It was released for the Super NES and Genesisin 1994.;https://images.launchbox-app.com/1ddefbcb-d32f-4f24-9a65-3aa037c904e2.jpg;5;5;4;5;Colección de minijuegos con ideas variadas, pero controles toscos, dificultad molesta y pruebas muy desiguales.;Virtual Bart;Gráficos: apartado visual limitado. Música: música poco destacada. Jugabilidad: control problemático, dificultad descompensada o mecánicas poco pulidas. Motivo global: Colección de minijuegos con ideas variadas, pero controles toscos, dificultad molesta y pruebas muy desiguales.;Virtual Bart es una colección de minijuegos basada en Los Simpson. Bart entra en una máquina de realidad virtual y participa en pruebas de habilidad muy distintas, con controles y dificultad irregulares.
Primal Rage;1994;3.02;n/a;Action -Fighting -2D;"Primal Rage is a versus fighting game developed and released by Atari Games to arcades in 1994. The game takes place in a post-apocalyptic version of Earth called ""Urth"". Players control one of seven large beasts that battle each other to determine the planet's fate. Matches feature many of the conventions of fighting games from the era including special moves and gory finishing maneuvers.";https://images.launchbox-app.com/15f618a4-657d-4ff1-81a3-d79b19b4008f.jpg;7;7;8;7;Título correcto y entretenido, con virtudes claras aunque también algunas limitaciones de diseño o presentación.;Primal Rage;Gráficos: presentación competente, aunque con limitaciones visibles. Música: música funcional, con algunos temas reconocibles. Jugabilidad: jugabilidad sólida y accesible, con buen equilibrio general. Motivo global: Título correcto y entretenido, con virtudes claras aunque también algunas limitaciones de diseño o presentación.;Primal Rage es un juego de lucha de Atari protagonizado por grandes bestias en un mundo postapocalíptico. Sus criaturas usan golpes especiales y remates violentos en escenarios destructibles inspirados en civilizaciones antiguas.
Joe Montana II: Sports Talk Football;1991;3.01;n/a;Sports -Team -Football -Sim;Joe Montana Football is an American football video gamedeveloped by Electronic Arts, and published by Sega for the Genesisin 1991. Although the game does feature Joe Montana (as the title respectively says) as a playable character, since Sega did not secure the rights from the NFL, teams are named generically after US cities, meaning Joe Montana is the only real player in the game.;https://images.launchbox-app.com/86188b43-56f8-48a9-a991-2ede973ae5b8.jpg;7;6;7;7;Título irregular, con ideas interesantes pero limitaciones visibles en control, ritmo o realización.;Joe Montana II: Sports Talk Football;Gráficos: presentación competente, aunque con limitaciones visibles. Música: música funcional, con algunos temas reconocibles. Jugabilidad: mecánicas funcionales, aunque con cierta rigidez, repetición o dificultad irregular. Motivo global: Título irregular, con ideas interesantes pero limitaciones visibles en control, ritmo o realización.;Joe Montana II: Sports Talk Football es un juego de fútbol americano de Sega con narración digitalizada. Mejora la presentación de la primera entrega con más opciones de partido y un enfoque deportivo más completo.
Spider-Man (Animated Series);1995;3.01;n/a;Action Adventure -General;Spider-Man is a side-scrolling action game developed by Western Technologies and published by Acclaim and LJN in 1995, incorporating elements from the critically acclaimed 1990s Spider-Man cartoon series. The game was released for the Genesis and the Super NES. The two versions of the game have the same basic story but have gameplay, level, and enemy differences.;https://images.launchbox-app.com/f21cfaf4-f78b-48ca-a729-a29df8690f1a.jpg;7;6;7;7;Título irregular, con ideas interesantes pero limitaciones visibles en control, ritmo o realización.;Spider-Man (Animated Series);Gráficos: presentación competente, aunque con limitaciones visibles. Música: música funcional, con algunos temas reconocibles. Jugabilidad: mecánicas funcionales, aunque con cierta rigidez, repetición o dificultad irregular. Motivo global: Título irregular, con ideas interesantes pero limitaciones visibles en control, ritmo o realización.;Spider-Man es un juego de acción basado en la serie animada de los años noventa. El héroe utiliza telarañas, golpes y su agilidad para recorrer niveles laterales y enfrentarse a villanos de Marvel.
Batman Returns;1992;3;n/a;Action -Beat-'Em-Up -2D;Batman Returns is a 1992 American superhero film directed by Tim Burton, based on the DC Comics character Batman. It is a sequel to the 1989 film Batman and the second installment of Warner Bros.initial Batman film series, with Michael Keaton reprising the role of Bruce Wayne / Batman. The film, produced by Denise Di Novi and Burton, also stars Danny DeVito, Michelle Pfeiffer, Christopher Walken, Michael Gough, Pat Hingle, and Michael Murphy. In Batman Returns, Batman finds a new foe in the form of the Penguin, whose aim is to kill all of Gotham City's firstborn sons, while dealing with Selina Kyle/Catwoman, the former secretary of businessman Max Shreck and who seeks vengeance against Shreck for attempting to kill her to hide his own plans to bring the city under his control.;https://images.launchbox-app.com/949ce8cb-7d10-4fcd-907a-405d45feed07.jpg;7;7;6;7;Beat em up de licencia con buena ambientación, aunque control rígido, enemigos resistentes y dificultad desigual.;Batman Returns;Gráficos: presentación competente, aunque con limitaciones visibles. Música: música funcional, con algunos temas reconocibles. Jugabilidad: mecánicas funcionales, aunque con cierta rigidez, repetición o dificultad irregular. Motivo global: Beat em up de licencia con buena ambientación, aunque control rígido, enemigos resistentes y dificultad desigual.;Batman Returns es un beat em up basado en la película de Tim Burton. Batman recorre Gotham, combate bandas de delincuentes y se enfrenta al Pingüino y Catwoman en una adaptación de acción lateral.
California Games;1991;3;n/a;Sports -Individual -Athletics;California Games is a 1987 Epyx sports video game originally released for the Apple II and Commodore 64 and ported to other home computers and video game consoles. Branching from their popular Summer Games and Winter Games series, this game consists of a collection of outdoor sports purportedly popular in California. The game was successful for Epyx and spawned a sequel.;https://images.launchbox-app.com/f4e53909-34b9-4278-bc63-72a82ecc7639.jpg;7;6;7;7;Título irregular, con ideas interesantes pero limitaciones visibles en control, ritmo o realización.;California Games;Gráficos: presentación competente, aunque con limitaciones visibles. Música: música funcional, con algunos temas reconocibles. Jugabilidad: mecánicas funcionales, aunque con cierta rigidez, repetición o dificultad irregular. Motivo global: Título irregular, con ideas interesantes pero limitaciones visibles en control, ritmo o realización.;California Games es una recopilación deportiva con pruebas como surf, monopatín, BMX, footbag y frisbee. Cada disciplina utiliza controles propios y recrea una versión arcade de la cultura deportiva californiana.
World Championship Soccer;1989;2.9;n/a;Sports -Team -Soccer -Sim;World Championship Soccer (ワールドカップサッカー) is a soccer game running on Sega's Mega-Tech arcade cabinet system and was released as one of the first games for the Sega Genesis system in North America in September 1989.;https://images.launchbox-app.com/e0be84cb-4c84-459e-b884-6a7378b56eee.jpg;7;6;7;7;Título irregular, con ideas interesantes pero limitaciones visibles en control, ritmo o realización.;World Championship Soccer;Gráficos: presentación competente, aunque con limitaciones visibles. Música: música funcional, con algunos temas reconocibles. Jugabilidad: mecánicas funcionales, aunque con cierta rigidez, repetición o dificultad irregular. Motivo global: Título irregular, con ideas interesantes pero limitaciones visibles en control, ritmo o realización.;World Championship Soccer es uno de los primeros juegos de fútbol de Mega Drive. Ofrece partidos internacionales con una presentación sencilla y controles directos, propios de las primeras producciones de la consola.
Aero the Acro-Bat;1993;2.98;n/a;Action -Platformer -2D;Aero the Acro-Bat is a 1993 video game developed by Iguana Entertainment and published by Sunsoft. It was released for both the Super Nintendo Entertainment System and Sega Genesis. Aero the Acro-Bat, a red anthropomorphic bat, was created by David Siller. In 2002, Metro 3D released a version of the game for the Game Boy Advance, with a battery back-up (which the original versions lacked). The GBA version was titled Aero The Acro-Bat - Rascal Rival Revenge in Europe and Acrobat Kid in Japan. The SNES version of the game was released on the Wii's Virtual Consolein the PAL region on July 23, 2010, and in North America on July 26, 2010.;https://images.launchbox-app.com/3aa33213-f353-40ed-8a07-4a518f87852c.jpg;7;7;7;7;Título correcto y entretenido, con virtudes claras aunque también algunas limitaciones de diseño o presentación.;Aero the Acro-Bat;Gráficos: presentación competente, aunque con limitaciones visibles. Música: música funcional, con algunos temas reconocibles. Jugabilidad: mecánicas funcionales, aunque con cierta rigidez, repetición o dificultad irregular. Motivo global: Título correcto y entretenido, con virtudes claras aunque también algunas limitaciones de diseño o presentación.;Aero the Acro-Bat es un plataformas protagonizado por un murciélago acróbata que debe salvar su circo. Combina piruetas, ataques, objetivos por nivel y una dificultad basada en cumplir tareas concretas.
Predator 2;1992;2.96;n/a;Action -Platformer -2D;Predator 2 is a 1990 American science fiction action film written by brothers Jim and John Thomas, directed by Stephen Hopkins, and starring Danny Glover, Ruben Blades, Gary Busey, María Conchita Alonso, Bill Paxton, and Kevin Peter Hall. The film is the second installment of the Predator franchise, serving as a sequel to 1987's Predator, with Kevin Peter Hall reprising the title role of the Predator. Set ten years after the events of the first film, in Los Angeles, the film focuses on the Predator, a technologically advanced alien hunter, and the efforts of a disgruntled police officer and his allies to defeat the malevolent creature.;https://images.launchbox-app.com/f9192f65-efd9-4e11-bc1e-bca11e79d418.jpg;7;7;7;7;Título correcto y entretenido, con virtudes claras aunque también algunas limitaciones de diseño o presentación.;Predator 2;Gráficos: presentación competente, aunque con limitaciones visibles. Música: música funcional, con algunos temas reconocibles. Jugabilidad: mecánicas funcionales, aunque con cierta rigidez, repetición o dificultad irregular. Motivo global: Título correcto y entretenido, con virtudes claras aunque también algunas limitaciones de diseño o presentación.;Predator 2 es un juego de acción basado en la película. El detective Harrigan combate pandilleros y al cazador alienígena en una ciudad futurista, usando armas de fuego y avanzando por escenarios urbanos.
WWF Super Wrestlemania;1992;2.95;n/a;Sports -Individual -Combat -Wrestling;WWF Super WrestleMania is a multiplatform wrestling video game based on the World Wrestling Federation (WWF), released in 1992 for the Super Nintendo Entertainment System and the Mega Drive/Genesis.;https://images.launchbox-app.com/b6ff178b-358f-444e-a989-f1567de85f58.jpg;7;6;7;7;Título irregular, con ideas interesantes pero limitaciones visibles en control, ritmo o realización.;WWF Super Wrestlemania;Gráficos: presentación competente, aunque con limitaciones visibles. Música: música funcional, con algunos temas reconocibles. Jugabilidad: mecánicas funcionales, aunque con cierta rigidez, repetición o dificultad irregular. Motivo global: Título irregular, con ideas interesantes pero limitaciones visibles en control, ritmo o realización.;WWF Super Wrestlemania es un juego de lucha libre con varias estrellas de la WWF. Propone combates uno contra uno y por parejas con un estilo sencillo, centrado en golpes, llaves y resistencia.
Blaster Master 2;1993;2.95;n/a;Action -Platformer -2D;Blaster Master 2 is a video game developed by Software Creationsand published exclusively in North America by Sunsoft of America for the Sega Genesis on March 15, 1993. The game is a sequel to the original Blaster Master originally published for the Nintendo Entertainment System (NES). It was published specifically for the North American market following the success of the first NES game in the same region. The staff of the original Japanese version of Blaster Master, titled Chô Wakusei Senki Metafight, had nothing to do with Blaster Master 2, and Sunsoft Japan did not release BM2 in Japan.;https://images.launchbox-app.com/d2f9dce8-7b99-4fba-98fd-bb1feae985ae.jpg;5;5;4;5;Secuela muy cuestionada por un diseño pobre, control incómodo y un desarrollo repetitivo. No conserva las virtudes del original.;Blaster Master 2;Gráficos: apartado visual limitado. Música: música poco destacada. Jugabilidad: control problemático, dificultad descompensada o mecánicas poco pulidas. Motivo global: Secuela muy cuestionada por un diseño pobre, control incómodo y un desarrollo repetitivo. No conserva las virtudes del original.;Blaster Master 2 es un juego de acción y plataformas protagonizado por Jason y su vehículo SOPHIA. La secuela para Mega Drive combina disparos, saltos y fases de vehículos, aunque con un diseño mucho más limitado que el original.
Warlock;1994;2.94;n/a;Action -Platformer -2D;Warlock is a side-scrolling action video game based on the 1989 horror film series of the same title. It was released on May 26, 1995 through Acclaim Entertainment for the Genesis and Super NESplatforms. A version for the Atari Jaguar was planned by Trimark Interactive but never released.;https://images.launchbox-app.com/ed4cda7c-5fb5-44bb-a934-37d1852f4a57.jpg;7;7;7;7;Título correcto y entretenido, con virtudes claras aunque también algunas limitaciones de diseño o presentación.;Warlock;Gráficos: presentación competente, aunque con limitaciones visibles. Música: música funcional, con algunos temas reconocibles. Jugabilidad: mecánicas funcionales, aunque con cierta rigidez, repetición o dificultad irregular. Motivo global: Título correcto y entretenido, con virtudes claras aunque también algunas limitaciones de diseño o presentación.;Warlock es un juego de acción y plataformas basado en la película de terror fantástica. El jugador utiliza magia y armas para atravesar escenarios sobrenaturales y detener al hechicero antagonista.
Home Alone;1992;2.94;n/a;Action -General;Home Alone is the title of several tie-in video games based on the film of the same name. Versions were released for the Nintendo Entertainment System, Game Boy, Super NES, Master System, Genesis, Game Gear, Amiga and MS-DOS platforms.;https://images.launchbox-app.com/2918699a-f622-444f-a237-c9d5c92d7f2a.jpg;5;5;4;5;Aventura con buenas ideas de trampas, pero ritmo lento, control incómodo y objetivos poco claros. La dificultad suele resultar frustrante.;Home Alone;Gráficos: apartado visual limitado. Música: música poco destacada. Jugabilidad: control problemático, dificultad descompensada o mecánicas poco pulidas. Motivo global: Aventura con buenas ideas de trampas, pero ritmo lento, control incómodo y objetivos poco claros. La dificultad suele resultar frustrante.;Home Alone es un juego de acción basado en Solo en casa. Kevin debe defenderse de ladrones utilizando trampas y objetos domésticos, aunque sus objetivos y controles hacen que la aventura sea exigente.
Bubsy in: Claws Encounters of the Furred Kind;1993;2.94;n/a;Action -Platformer -2D;Bubsy in Claws Encounters of the Furred Kind, known as Bubsyor Bubsy 1 for short, is a platform video game released by Accoladein the early 1990s. It is the first game in the Bubsy series of video games. The game's name is a play on words in reference to the film Close Encounters of the Third Kind, with the game revolving around Bubsy defending the planet's supply of yarnballs from alieninvaders. The game received a sequel, Bubsy 2, in 1994.;https://images.launchbox-app.com/2bfe0325-d734-4d51-bc97-334543cfba38.jpg;7;7;7;7;Título correcto y entretenido, con virtudes claras aunque también algunas limitaciones de diseño o presentación.;Bubsy in: Claws Encounters of the Furred Kind;Gráficos: presentación competente, aunque con limitaciones visibles. Música: música funcional, con algunos temas reconocibles. Jugabilidad: mecánicas funcionales, aunque con cierta rigidez, repetición o dificultad irregular. Motivo global: Título correcto y entretenido, con virtudes claras aunque también algunas limitaciones de diseño o presentación.;Bubsy in Claws Encounters of the Furred Kind es un plataformas protagonizado por una lince parlanchina. Bubsy corre, salta y se desliza por fases llenas de ovillos de lana y enemigos alienígenas.
Art of Fighting;1994-01-13;2.93;n/a;Action -Fighting -2D;"Art of Fighting (Japanese: 龍虎の拳 Hepburn: Ryūko no Ken, lit. ""Fist of Dragon and Tiger"") is a fighting video game trilogy that were released for the Neo Geo platform in the early 1990s. It was the second fighting game franchise created by SNK, following the Fatal Fury series and is set in the same fictional universe as a prequel to the Fatal Fury series. The original Art of Fighting was released in 1992, followed by two sequels: Art of Fighting 2 (龍虎の拳2 Ryūko no Ken 2) in 1994 and Art of Fighting 3: The Path of the Warrior(ART OF FIGHTING 龍虎の拳 外伝 Art of Fighting: Ryūko no Ken Gaiden) in 1996.";https://images.launchbox-app.com/f5328e02-f630-401f-8133-587d9a07482f.jpg;7;6;4;6;Luce razonablemente bien, pero el control lento, las animaciones recortadas y el sistema de lucha pobre hacen que sea una conversión poco recomendable.;Art of Fighting;Gráficos: presentación competente, aunque con limitaciones visibles. Música: música funcional, con algunos temas reconocibles. Jugabilidad: control problemático, dificultad descompensada o mecánicas poco pulidas. Motivo global: Luce razonablemente bien, pero el control lento, las animaciones recortadas y el sistema de lucha pobre hacen que sea una conversión poco recomendable.;Art of Fighting es un juego de lucha de SNK con barras de espíritu, movimientos especiales y una presentación inspirada en Neo Geo. La versión de Mega Drive reduce parte de la animación y la fluidez del original.
B.O.B.;1993;2.93;n/a;Action -Platformer -2D;"Bob's Game (stylized as ""bob's game"") was a role-playing video game being developed by independent video game developer Robert Pelloni since 2003/2004. The project is most notable for Pelloni developing the game using open source software development toolsand Nintendo's refusal to license him the official SDK as well as Bob's response to that decision.";https://images.launchbox-app.com/6b3cfab7-5da3-4d62-bf75-418063949765.jpg;7;7;7;7;Título correcto y entretenido, con virtudes claras aunque también algunas limitaciones de diseño o presentación.;B.O.B.;Gráficos: presentación competente, aunque con limitaciones visibles. Música: música funcional, con algunos temas reconocibles. Jugabilidad: mecánicas funcionales, aunque con cierta rigidez, repetición o dificultad irregular. Motivo global: Título correcto y entretenido, con virtudes claras aunque también algunas limitaciones de diseño o presentación.;B.O.B. es un plataformas de acción protagonizado por un adolescente alienígena que ha perdido su nave. Utiliza pistolas, jetpack y mejoras para superar planetas hostiles en una aventura con humor de ciencia ficción.
Alex Kidd in the Enchanted Castle;1989-08-14;2.92;n/a;Action -Platformer -2D;Alex Kidd in the Enchanted Castle (アレックスキッド 天空魔城Arekkusu Kiddo Tenkū Majō) is a side-scrolling platform gamedeveloped and published by Sega for the Sega Genesis video game console. The game was released in Japan in February 1989, in the U.S. in March 1991 and in Europe on November 1990. It is the only 16-bit platform game starring Alex Kidd, and the fifth game in the Alex Kidd series of video games.;https://images.launchbox-app.com/adcc6997-48bf-4ab7-a5ff-819c55aee529.jpg;7;7;7;7;Título correcto y entretenido, con virtudes claras aunque también algunas limitaciones de diseño o presentación.;Alex Kidd in the Enchanted Castle;Gráficos: presentación competente, aunque con limitaciones visibles. Música: música funcional, con algunos temas reconocibles. Jugabilidad: mecánicas funcionales, aunque con cierta rigidez, repetición o dificultad irregular. Motivo global: Título correcto y entretenido, con virtudes claras aunque también algunas limitaciones de diseño o presentación.;Alex Kidd in the Enchanted Castle es un plataformas de Sega protagonizado por Alex Kidd. El héroe recorre escenarios de fantasía, combate enemigos con puñetazos y participa en partidas de piedra, papel o tijera.
Krusty's Super Fun House;1993;2.92;n/a;Puzzle -Action;Krusty's Fun House is a video game based on the animated sitcomThe Simpsons.;https://images.launchbox-app.com/4e7ed2ef-6641-4a6e-9d03-5329bb8cd5f5.jpg;7;6;7;7;Título irregular, con ideas interesantes pero limitaciones visibles en control, ritmo o realización.;Krusty's Super Fun House;Gráficos: presentación competente, aunque con limitaciones visibles. Música: música funcional, con algunos temas reconocibles. Jugabilidad: mecánicas funcionales, aunque con cierta rigidez, repetición o dificultad irregular. Motivo global: Título irregular, con ideas interesantes pero limitaciones visibles en control, ritmo o realización.;Krusty's Super Fun House es un juego de puzles basado en Los Simpson. Krusty debe guiar lemmings y utilizar objetos para eliminar ratas que invaden su parque de atracciones.
Double Dragon;1993;2.91;n/a;Action -Beat-'Em-Up -2D;Double Dragon (ダブルドラゴン Daburu Doragon) is a beat 'em upvideo game series initially developed by Technōs Japan and released as an arcade game in 1987. The series stars twin martial artists, Billy and Jimmy Lee, as they fight against various adversaries and rivals. Due to the popularity of the game series, an animated series and live-action film adaptation have also been produced.;https://images.launchbox-app.com/09f6ae32-3f33-4236-a90a-55d385c863c4.jpg;7;7;7;7;Título correcto y entretenido, con virtudes claras aunque también algunas limitaciones de diseño o presentación.;Double Dragon;Gráficos: presentación competente, aunque con limitaciones visibles. Música: música funcional, con algunos temas reconocibles. Jugabilidad: mecánicas funcionales, aunque con cierta rigidez, repetición o dificultad irregular. Motivo global: Título correcto y entretenido, con virtudes claras aunque también algunas limitaciones de diseño o presentación.;Double Dragon es un beat em up protagonizado por los hermanos Billy y Jimmy Lee. Recorren escenarios urbanos, usan golpes y armas improvisadas y se enfrentan a bandas para rescatar a Marian.
Wolverine: Adamantium Rage;1994;2.91;n/a;Action -Platformer -2D;Wolverine: Adamantium Rage is a platform-action video game released for both the Super NES and the Sega Genesis in 1994. The Genesis version was developed by Teeny Weeny Games, while the Super NES version was developed by Bits Studios. Both versions of the title were developed separately and differed from one another in some key areas, but their opening storyline and gameplay remain similar. It is one of the first video games to feature a recharging health system, though Wolverine has been able to recharge his health in previous X-Men games.;https://images.launchbox-app.com/4e421a76-3b36-408c-b2e1-e8cb86ed0c19.jpg;7;7;7;7;Título correcto y entretenido, con virtudes claras aunque también algunas limitaciones de diseño o presentación.;Wolverine: Adamantium Rage;Gráficos: presentación competente, aunque con limitaciones visibles. Música: música funcional, con algunos temas reconocibles. Jugabilidad: mecánicas funcionales, aunque con cierta rigidez, repetición o dificultad irregular. Motivo global: Título correcto y entretenido, con virtudes claras aunque también algunas limitaciones de diseño o presentación.;Wolverine: Adamantium Rage es un plataformas de acción protagonizado por Lobezno. Combina garras, saltos y recuperación de salud en una aventura de Marvel con enemigos y escenarios inspirados en los cómics.
Doom Troopers;1995;2.9;n/a;Action -Platformer -2D;"Doomtrooper, also known as Doom Trooper, is an out-of-print collectible card game designed by Bryan Winter and was released in January 1995. It was originally published by Target Games and Heartbreaker Hobbies. It is based on concepts from the Mutant Chronicles franchise. Players use warriors to attack and gain either Promotion Points or Destiny Points. Promotion points can be used to win; Destiny Points are used to purchase more warriors and equipment. There are 13 different card types and over 1100 different cards available.";https://images.launchbox-app.com/1c6d1b0b-8330-41a3-8c34-ff672beed0c7.png;7;7;7;7;Título correcto y entretenido, con virtudes claras aunque también algunas limitaciones de diseño o presentación.;Doom Troopers;Gráficos: presentación competente, aunque con limitaciones visibles. Música: música funcional, con algunos temas reconocibles. Jugabilidad: mecánicas funcionales, aunque con cierta rigidez, repetición o dificultad irregular. Motivo global: Título correcto y entretenido, con virtudes claras aunque también algunas limitaciones de diseño o presentación.;Doom Troopers es un juego de acción y plataformas basado en Mutant Chronicles. Dos soldados combaten hordas de enemigos con armas pesadas, disparos rápidos y una ambientación militar de ciencia ficción.
Flicky;1991;2.88;n/a;Action -Platformer -2D;Flicky is a platform game developed by Sega and released in arcades in May 1984. In Flicky, the player controls the eponymous blue bird and must gather all the small birds called Chirps in each round and bring them safely to the exit. There are cat and lizard enemies which can disperse the Chirps and kill the player, but Flicky can use items on the playing field to protect herself and the Chirps from danger.;https://images.launchbox-app.com/afc5d821-163f-4e9d-920b-2d89ebbcf78b.jpg;7;7;7;7;Título correcto y entretenido, con virtudes claras aunque también algunas limitaciones de diseño o presentación.;Flicky;Gráficos: presentación competente, aunque con limitaciones visibles. Música: música funcional, con algunos temas reconocibles. Jugabilidad: mecánicas funcionales, aunque con cierta rigidez, repetición o dificultad irregular. Motivo global: Título correcto y entretenido, con virtudes claras aunque también algunas limitaciones de diseño o presentación.;Flicky es un juego arcade de Sega en el que un pájaro azul debe reunir polluelos y llevarlos a la salida. Gatos y lagartos amenazan al grupo, mientras los objetos del escenario sirven para defenderse.
AAAHH!!! Real Monsters;1995-09-15;2.87;n/a;Action -Platformer -2D;Aaahh!!! Real Monsters is an action-adventure platformer video game developed by Realtime Associates and published by Viacom New Media in 1995 for the Sega Genesis and SNES based on the American cartoon series of the same name on Nickelodeon.;https://images.launchbox-app.com/23dbe70b-716e-4bd2-a743-814a786ecf0d.jpg;7;7;7;7;Título correcto y entretenido, con virtudes claras aunque también algunas limitaciones de diseño o presentación.;AAAHH!!! Real Monsters;Gráficos: presentación competente, aunque con limitaciones visibles. Música: música funcional, con algunos temas reconocibles. Jugabilidad: mecánicas funcionales, aunque con cierta rigidez, repetición o dificultad irregular. Motivo global: Título correcto y entretenido, con virtudes claras aunque también algunas limitaciones de diseño o presentación.;AAAHH!!! Real Monsters es un plataformas de acción basado en la serie de Nickelodeon. Ickis, Oblina y Krumm usan sus habilidades monstruosas para asustar humanos y superar pruebas en distintos escenarios.
Last Battle;1989;2.84;n/a;Action -Beat-'Em-Up -2D;"Last Battle is a side-scrolling martial arts beat 'em up released for the Mega Drive/Genesis in 1989 by Sega. It was one of the six games that were available as part of the Genesis launch lineup in the U.S. The Japanese version, titled Shin Seikimatsu Kyūseishu Densetsu: Hokuto no Ken (新世紀末救世主伝説 北斗の拳, lit. ""Fist of the North Star: The New Legend of the Post-Apocalyptic Messiah""), is based on the manga series Hokuto no Ken (published as Fist of the North Starin English). Since the international version did not retain the Hokuto no Ken license, the graphics and characters' names were altered. It was the second Hokuto no Ken game released by Sega, following the Mark III original (released internationally as Black Belt). Versions for the Commodore 64 and Amiga based upon Last Battle were developed and released by Elite in Europe in 1991.";https://images.launchbox-app.com/c28743dc-b851-4fb0-833f-7373039f5ec0.jpg;7;7;7;7;Título correcto y entretenido, con virtudes claras aunque también algunas limitaciones de diseño o presentación.;Last Battle;Gráficos: presentación competente, aunque con limitaciones visibles. Música: música funcional, con algunos temas reconocibles. Jugabilidad: mecánicas funcionales, aunque con cierta rigidez, repetición o dificultad irregular. Motivo global: Título correcto y entretenido, con virtudes claras aunque también algunas limitaciones de diseño o presentación.;Last Battle es un beat em up de acción lateral de Sega, adaptación occidental de Hokuto no Ken. El protagonista usa técnicas marciales contra bandas enemigas en un mundo postapocalíptico.
The Incredible Hulk;1994;2.84;n/a;Action -Platformer -2D;The Incredible Hulk is a video game based on the Marvel superhero Hulk and the 2008 film. The console and Nintendo DS versions were released on June 5, 2008 and the PC version was released on June 10, 2008. Edge of Reality developed the console and PC versions while Amaze Entertainment developed the Nintendo DS version of the game.;https://images.launchbox-app.com/d3bed6e7-6495-469e-ab24-81fcb5200709.jpg;7;7;7;7;Título correcto y entretenido, con virtudes claras aunque también algunas limitaciones de diseño o presentación.;The Incredible Hulk;Gráficos: presentación competente, aunque con limitaciones visibles. Música: música funcional, con algunos temas reconocibles. Jugabilidad: mecánicas funcionales, aunque con cierta rigidez, repetición o dificultad irregular. Motivo global: Título correcto y entretenido, con virtudes claras aunque también algunas limitaciones de diseño o presentación.;The Incredible Hulk es un juego de acción y plataformas basado en el superhéroe de Marvel. Hulk avanza por escenarios urbanos y militares, destruye enemigos y aprovecha su fuerza descomunal.
ClayFighter;1994;2.84;n/a;Action -Fighting -2D;ClayFighter is a fighting game released for the Super Nintendo in November 1993 and later ported to Sega Mega Drive/Genesis in June 1994. The game is a parody of Street Fighter. In 2009, it was re-released on the Nintendo Wii Virtual Console.;https://images.launchbox-app.com/58fc9831-51a6-4768-9415-01396ebab54f.jpg;7;7;8;7;Título correcto y entretenido, con virtudes claras aunque también algunas limitaciones de diseño o presentación.;ClayFighter;Gráficos: presentación competente, aunque con limitaciones visibles. Música: música funcional, con algunos temas reconocibles. Jugabilidad: jugabilidad sólida y accesible, con buen equilibrio general. Motivo global: Título correcto y entretenido, con virtudes claras aunque también algunas limitaciones de diseño o presentación.;ClayFighter es un juego de lucha con personajes de plastilina y humor paródico. Sus combatientes, como Bad Mr. Frosty y Blob, utilizan movimientos especiales en enfrentamientos uno contra uno.
James Bond 007: The Duel;1993;2.82;n/a;Action -Platformer -2D;James Bond 007: The Duel is a 1993 action video game featuring the character of the British secret agent James Bond. It was developed by The Kremlin and published by Domark for Sega's Mega Drive/Genesis and Master System video game consoles, and the Game Gear handheld game console. The Mega Drive version was also released in Japan by Tengen on 14 May 1993, under the title known as 007 Shitō (００７・死闘).;https://images.launchbox-app.com/6beafd02-f048-4796-b054-fd81e20f4249.jpg;7;7;7;7;Título correcto y entretenido, con virtudes claras aunque también algunas limitaciones de diseño o presentación.;James Bond 007: The Duel;Gráficos: presentación competente, aunque con limitaciones visibles. Música: música funcional, con algunos temas reconocibles. Jugabilidad: mecánicas funcionales, aunque con cierta rigidez, repetición o dificultad irregular. Motivo global: Título correcto y entretenido, con virtudes claras aunque también algunas limitaciones de diseño o presentación.;James Bond 007: The Duel es un juego de acción lateral protagonizado por James Bond. El agente usa armas, gadgets y ataques cuerpo a cuerpo para enfrentarse a villanos en misiones inspiradas en la saga cinematográfica.
James Pond: Underwater Agent;1991;2.81;n/a;Action -Platformer -2D;James Pond: Underwater Agent is a platform video game that was developed by British video game developers Vectordean Ltd and Millennium Interactive, and published by Millennium Interactive and Electronic Arts for numerous home computers and consoles in 1990. The character was featured in some comic books of the time, and the game spawned three sequels and one spin-off game.;https://images.launchbox-app.com/108b55f0-2c05-47df-b869-c524eb6131fb.jpg;7;7;7;7;Título correcto y entretenido, con virtudes claras aunque también algunas limitaciones de diseño o presentación.;James Pond: Underwater Agent;Gráficos: presentación competente, aunque con limitaciones visibles. Música: música funcional, con algunos temas reconocibles. Jugabilidad: mecánicas funcionales, aunque con cierta rigidez, repetición o dificultad irregular. Motivo global: Título correcto y entretenido, con virtudes claras aunque también algunas limitaciones de diseño o presentación.;James Pond: Underwater Agent es un plataformas de acción protagonizado por un pez espía. James recorre instalaciones submarinas, evita trampas y utiliza gadgets para combatir enemigos y completar misiones.
Disney's Ariel: The Little Mermaid;1992;2.78;n/a;Action Adventure -General;Disney's Ariel the Little Mermaid, usually shorted to simply Ariel the Little Mermaid, is a 1992 video game developed by Blue Sky Software for the Sega Genesis, Game Gear and Master System, based on the 1989 film The Little Mermaid.;https://images.launchbox-app.com/c9c05061-aee0-47ca-b2d7-a6d88a75fe9a.jpg;7;6;7;7;Título irregular, con ideas interesantes pero limitaciones visibles en control, ritmo o realización.;Disney's Ariel: The Little Mermaid;Gráficos: presentación competente, aunque con limitaciones visibles. Música: música funcional, con algunos temas reconocibles. Jugabilidad: mecánicas funcionales, aunque con cierta rigidez, repetición o dificultad irregular. Motivo global: Título irregular, con ideas interesantes pero limitaciones visibles en control, ritmo o realización.;Disney's Ariel: The Little Mermaid es una aventura submarina basada en la película de Disney. Ariel explora el océano, recoge objetos y utiliza la ayuda de sus amigos para superar enemigos y obstáculos.
Virtua Fighter 2;1997;2.76;n/a;Action -Fighting -3D;Virtua Fighter 2 (Japanese: バーチャファイター2 Hepburn: Bācha Faitā Tsū) is a fighting video game developed by Sega. It is the sequel to Virtua Fighter and the second game in the Virtua Fighterseries. It was created by Sega's Yu Suzuki-headed AM2 and was released in the arcade in 1994. It was ported to the Sega Saturn in 1995 and Microsoft Windows in 1997. In 1996, a super deformedversion of the game, Virtua Fighter Kids, arrived in arcades and was ported to the Sega Saturn. A 2D remake was released for the Mega Drive/Genesis in 1996. In addition, Virtua Fighter 2 was converted for the PlayStation 2 in 2004 as part of Sega's Ages 2500 series in Japan. The Mega Drive/Genesis port was re-released on the PS2 and PSP in 2006 as part of Sega Genesis Collection, on the Virtual Console for the Wii on March 20, 2007 (Japan) and April 16, 2007 (North America), and for iOS on January 20, 2011.;https://images.launchbox-app.com/f0dddebe-95a7-4ad1-8311-c2f1879d4e7b.png;7;7;8;7;Título correcto y entretenido, con virtudes claras aunque también algunas limitaciones de diseño o presentación.;Virtua Fighter 2;Gráficos: presentación competente, aunque con limitaciones visibles. Música: música funcional, con algunos temas reconocibles. Jugabilidad: jugabilidad sólida y accesible, con buen equilibrio general. Motivo global: Título correcto y entretenido, con virtudes claras aunque también algunas limitaciones de diseño o presentación.;Virtua Fighter 2 para Mega Drive es una adaptación en dos dimensiones del clásico de lucha poligonal de Sega. Mantiene personajes y movimientos básicos de la saga en combates uno contra uno para la consola de 16 bits.
Super Hydlide;Apr-90;2.75;n/a;Role-Playing -Action RPG;Super Hydlide is an action role-playing game for the Sega Genesis/Mega Drive. It was originally released in 1987 in Japan only under the title Hydlide 3: The Space Memories (ハイドライド３ 闇からの訪問者 Haidoraido 3: Yami Kara no Hōmonsha) for the MSX, MSX2, and NEC PC-88. Ports were also released for the Nintendo Famicom and the Sharp X68000. The game was developed by Hydlide series veterans T&E Soft and released worldwide on the Sega Genesis / Mega Drive on October 6, 1989, in Japan, early 1990 in the United States, and 1991 in Europe. This remake evidences substantial graphical upgrades to the original Hydlide 3, though the gameplay remains largely identical. Before its release, it was called Hollo Fighter in some Sega advertising material and was one of the first third party published titles to be released in the U.S, the other being Air Diver.;https://images.launchbox-app.com/e507926f-3bed-4fba-b985-321d7b09d976.jpg;7;7;7;7;Título correcto y entretenido, con virtudes claras aunque también algunas limitaciones de diseño o presentación.;Super Hydlide;Gráficos: presentación competente, aunque con limitaciones visibles. Música: música funcional, con algunos temas reconocibles. Jugabilidad: mecánicas funcionales, aunque con cierta rigidez, repetición o dificultad irregular. Motivo global: Título correcto y entretenido, con virtudes claras aunque también algunas limitaciones de diseño o presentación.;Super Hydlide es un action RPG de fantasía con mundo abierto, ciclo de día y noche y gestión de recursos. El héroe explora mazmorras, lucha contra criaturas y debe vigilar peso, comida y moral.
The Pagemaster;1994;2.73;n/a;Action -Platformer -2D;"The Pagemaster is a video game released in conjunction with the 1994 film The Pagemaster. A character can be guided through a selection of literature genre-themed levels, ranging from horror to adventure and fantasy worlds. Magic can be used, and stomping enemies to death by jumping on their heads is permitted. Enemies include bats, flying books, giant hands, ghosts, pirates, and more. The PC version of the game is completely different; it is an interactive adventure game that has a plot unrelated to that of the movie";https://images.launchbox-app.com/ce848f0b-c184-4768-8cea-d0eb32d0c971.jpg;7;7;7;7;Título correcto y entretenido, con virtudes claras aunque también algunas limitaciones de diseño o presentación.;The Pagemaster;Gráficos: presentación competente, aunque con limitaciones visibles. Música: música funcional, con algunos temas reconocibles. Jugabilidad: mecánicas funcionales, aunque con cierta rigidez, repetición o dificultad irregular. Motivo global: Título correcto y entretenido, con virtudes claras aunque también algunas limitaciones de diseño o presentación.;The Pagemaster es un plataformas basado en la película. Richard recorre mundos de terror, aventura y fantasía inspirados en libros, usando magia y saltos para combatir enemigos y superar obstáculos.
Terminator 2: Judgment Day;1991-06-05;2.73;n/a;Action -Platformer -2D;Terminator 2: Judgment Day (also known as Terminator 2 or T2) is a 1991 American science fiction action film produced and directed by James Cameron, who also co-wrote it with William Wisher. The film stars Arnold Schwarzenegger, Linda Hamilton, Robert Patrick, and Edward Furlong as its principal cast. It is the sequel to the 1984 film The Terminator, as well as the second installment in the Terminatorfranchise. Terminator 2 follows Sarah Connor (Hamilton) and her ten-year-old son John (Furlong) as they are pursued by a new, more advanced Terminator: the liquid metal, shapeshifting T-1000 (Patrick), sent back in time to kill John Connor and prevent him from becoming the leader of the human resistance. A second, less advanced Terminator (Schwarzenegger) is also sent back in time to protect John.;https://images.launchbox-app.com/b652e745-cf52-4290-ab0b-48baa066a4f2.jpg;7;7;7;7;Título correcto y entretenido, con virtudes claras aunque también algunas limitaciones de diseño o presentación.;Terminator 2: Judgment Day;Gráficos: presentación competente, aunque con limitaciones visibles. Música: música funcional, con algunos temas reconocibles. Jugabilidad: mecánicas funcionales, aunque con cierta rigidez, repetición o dificultad irregular. Motivo global: Título correcto y entretenido, con virtudes claras aunque también algunas limitaciones de diseño o presentación.;Terminator 2: Judgment Day es un juego de acción y plataformas basado en la película. El jugador controla al Terminator protector en una misión contra el T-1000 y las fuerzas de Skynet.
Asterix and the Great Rescue;Jun-94;2.73;n/a;Action -Platformer -2D;Asterix and the Great Rescue is a video game released by Sega for the Genesis/Mega Drive in 1993 and for the Game Gear and Master System in 1994.;https://images.launchbox-app.com/42486935-74cf-4d7d-8495-6fbff8efc5d6.jpg;7;7;7;7;Título correcto y entretenido, con virtudes claras aunque también algunas limitaciones de diseño o presentación.;Asterix and the Great Rescue;Gráficos: presentación competente, aunque con limitaciones visibles. Música: música funcional, con algunos temas reconocibles. Jugabilidad: mecánicas funcionales, aunque con cierta rigidez, repetición o dificultad irregular. Motivo global: Título correcto y entretenido, con virtudes claras aunque también algunas limitaciones de diseño o presentación.;Asterix and the Great Rescue es un plataformas de acción protagonizado por Astérix y Obélix. Los galos recorren aldeas y territorios romanos, golpean legionarios y buscan rescatar a sus amigos.
Spider-Man / X-Men: Arcade's Revenge;: June 24, 1994;2.72;n/a;Action -Platformer -2D;Spider-Man and the X-Men in Arcade's Revenge is a video gamefirst released for the Super NES in 1992 by LJN. It was later released for the Genesis and Game Gear (under the Flying Edge brand) as well as the Game Boy. The game features Marvel Comics characters Spider-Man and the X-Men as they battle their captor, the villainous Arcade.;https://images.launchbox-app.com/91519cd2-6608-4590-8148-61cfe9cca0a0.jpg;7;7;7;7;Título correcto y entretenido, con virtudes claras aunque también algunas limitaciones de diseño o presentación.;Spider-Man / X-Men: Arcade's Revenge;Gráficos: presentación competente, aunque con limitaciones visibles. Música: música funcional, con algunos temas reconocibles. Jugabilidad: mecánicas funcionales, aunque con cierta rigidez, repetición o dificultad irregular. Motivo global: Título correcto y entretenido, con virtudes claras aunque también algunas limitaciones de diseño o presentación.;Spider-Man / X-Men: Arcade's Revenge es un juego de acción y plataformas de Marvel. Spider-Man y varios X-Men deben escapar de las trampas del villano Arcade, cada uno con fases y habilidades propias.
The Simpsons: Bart's Nightmare;1993;2.68;n/a;Action -General;The Simpsons: Bart's Nightmare is a 1992 video game developed by American company Sculptured Software based on the television show The Simpsons. It was released on the SNES and the Sega Genesis.;https://images.launchbox-app.com/8945cdf0-e401-4c59-91cc-2c47d0886b52.jpg;7;6;7;7;Título irregular, con ideas interesantes pero limitaciones visibles en control, ritmo o realización.;The Simpsons: Bart's Nightmare;Gráficos: presentación competente, aunque con limitaciones visibles. Música: música funcional, con algunos temas reconocibles. Jugabilidad: mecánicas funcionales, aunque con cierta rigidez, repetición o dificultad irregular. Motivo global: Título irregular, con ideas interesantes pero limitaciones visibles en control, ritmo o realización.;The Simpsons: Bart's Nightmare es un juego de acción protagonizado por Bart Simpson. El personaje recorre un mundo de pesadilla y accede a minijuegos inspirados en episodios y personajes de la serie.
Pit-Fighter;1991;2.68;n/a;Action -Fighting -2D;Pit-Fighter is a 1990 arcade fighting game by Atari Games, notable for its early use of digitized live actors. The Japanese arcade release was published by Konami.;https://images.launchbox-app.com/973ed685-60d1-42c8-9cc5-eca23695b4e2.jpg;5;5;5;5;Conversión de arcade basada en gráficos digitalizados, pero con control duro, animaciones lentas y combates poco profundos.;Pit-Fighter;Gráficos: apartado visual limitado. Música: música poco destacada. Jugabilidad: control problemático, dificultad descompensada o mecánicas poco pulidas. Motivo global: Conversión de arcade basada en gráficos digitalizados, pero con control duro, animaciones lentas y combates poco profundos.;Pit-Fighter es un juego de lucha de Atari con actores digitalizados. Los combates tienen lugar en un ring rodeado de público y permiten usar golpes, patadas y objetos en enfrentamientos de estilo callejero.
Shadow of the Beast;1991;2.67;n/a;Action -Platformer -2D;Shadow of the Beast is a platform game developed by Reflectionsand published by Psygnosis in 1989. The original version was released for the Amiga, and was later ported to many other systems. The game was known for its graphics, with many colours on screen and up to twelve levels of parallax scrolling backdrops, and for its atmospheric score composed by David Whittaker that used high-quality instrument samples.;https://images.launchbox-app.com/8c83e1cc-5af7-4904-98c1-c41e4a68b7dd.jpg;8;6;4;6;Sus fondos y atmósfera impresionan, pero el combate, el control y el progreso poco claro convierten la experiencia en frustrante.;Shadow of the Beast;Gráficos: buen uso de los recursos gráficos de Mega Drive. Música: música funcional, con algunos temas reconocibles. Jugabilidad: control problemático, dificultad descompensada o mecánicas poco pulidas. Motivo global: Sus fondos y atmósfera impresionan, pero el combate, el control y el progreso poco claro convierten la experiencia en frustrante.;Shadow of the Beast es un plataformas de fantasía oscura conocido por sus fondos con parallax y su atmósfera. El héroe Aarbron recorre un mundo hostil para vengarse del señor de las bestias Maletoth.
Bubsy II;1994;2.65;n/a;Action -Platformer -2D;Bubsy 2 is a platform video game, the sequel to Bubsy in Claws Encounters of the Furred Kind, and the second game in the Bubsyseries. It was originally released in 1994 for the Sega Genesis, Super NES, and Game Boy, and re-released for Microsoft Windowsthrough Steam on December 17, 2015.;https://images.launchbox-app.com/9ad3f243-0592-4839-8689-3d82cd55278b.jpg;5;5;3;4;Plataformas muy criticado por niveles confusos, colisiones poco fiables y dificultad basada en trampas. La presentación colorida no compensa un diseño frustrante.;Bubsy II;Gráficos: apartado visual limitado. Música: música poco destacada. Jugabilidad: control problemático, dificultad descompensada o mecánicas poco pulidas. Motivo global: Plataformas muy criticado por niveles confusos, colisiones poco fiables y dificultad basada en trampas. La presentación colorida no compensa un diseño frustrante.;Bubsy II es un plataformas con múltiples mundos temáticos y rutas conectadas. Bubsy debe recuperar objetos robados mientras explora fases coloridas, aunque su diseño y colisiones pueden resultar frustrantes.
The Simpsons: Bart vs. the Space Mutants;1992;2.58;n/a;Action -Platformer -2D;The Simpsons: Bart vs. the Space Mutants is a platform video game, the first based on the animated television series The Simpsons. It was released in 1991 for the Nintendo Entertainment System, Amiga, Amstrad CPC, Atari ST, Commodore 64, Sega Master System, and ZX Spectrum and in 1992 for Sega Genesis, and Sega Game Gear. It was published by Acclaim Entertainment and Ocean Software, and developed by Imagineering and Arc Developments. In the game, the player controls Bart Simpson through five levels as he tries to ruin the aliens' plan to take over the world. Video game critics have given Bart vs. the Space Mutants mixed reviews, with criticism directed at the difficulty of the game, partly caused by restricted controls.;https://images.launchbox-app.com/5a7a69aa-55a1-45a7-aa86-2cb72fb12250.jpg;7;7;7;7;Título correcto y entretenido, con virtudes claras aunque también algunas limitaciones de diseño o presentación.;The Simpsons: Bart vs. the Space Mutants;Gráficos: presentación competente, aunque con limitaciones visibles. Música: música funcional, con algunos temas reconocibles. Jugabilidad: mecánicas funcionales, aunque con cierta rigidez, repetición o dificultad irregular. Motivo global: Título correcto y entretenido, con virtudes claras aunque también algunas limitaciones de diseño o presentación.;The Simpsons: Bart vs. the Space Mutants es un plataformas de Los Simpson en el que Bart debe frustrar una invasión alienígena. Requiere recoger objetos, resolver tareas y superar fases con controles exigentes.
Ballz 3D;1994;2.57;n/a;Action -Fighting -3D;Ballz is a two-player 3D action fighting video game for the Sega Mega Drive/Genesis, the Super NES (SNES) and the 3DO. It was developed by PF Magic and published by Accolade in 1994. The 3DO version was released as a director's cut in 1995. Ballz offered three difficulty levels over a total of 21 matches. Its distinguishing quality was that each of the characters were composed completely of spheres, granting a pseudo-3D look.;https://images.launchbox-app.com/346f15a5-7235-44bc-95d6-99c839ac5567.jpg;7;7;8;7;Título correcto y entretenido, con virtudes claras aunque también algunas limitaciones de diseño o presentación.;Ballz 3D;Gráficos: presentación competente, aunque con limitaciones visibles. Música: música funcional, con algunos temas reconocibles. Jugabilidad: jugabilidad sólida y accesible, con buen equilibrio general. Motivo global: Título correcto y entretenido, con virtudes claras aunque también algunas limitaciones de diseño o presentación.;Ballz 3D es un juego de lucha con personajes formados por esferas que crean un efecto pseudo-3D. Ofrece combates uno contra uno, movimientos especiales y una presentación caricaturesca.
Batman Forever;1995-09-07;2.55;n/a;Action -Beat-'Em-Up -2D;Batman Forever is a beat 'em up video game based on the movie of the same name. Though released by the same publisher at roughly the same time, it is an entirely different game from Batman Forever: The Arcade Game.;https://images.launchbox-app.com/d4dda18e-ddbe-4f7f-82e5-8bff30653f38.jpg;7;7;7;7;Título correcto y entretenido, con virtudes claras aunque también algunas limitaciones de diseño o presentación.;Batman Forever;Gráficos: presentación competente, aunque con limitaciones visibles. Música: música funcional, con algunos temas reconocibles. Jugabilidad: mecánicas funcionales, aunque con cierta rigidez, repetición o dificultad irregular. Motivo global: Título correcto y entretenido, con virtudes claras aunque también algunas limitaciones de diseño o presentación.;Batman Forever es un beat em up basado en la película. Batman y Robin combaten criminales de Gotham usando golpes, gadgets y movimientos acrobáticos en una aventura de acción lateral.
Super Thunder Blade;1989-08-14;2.55;n/a;Action -Shooter -Shoot-'Em-Up -Vertical;Super Thunder Blade (スーパーサンダーブレード) is a shooter for the Sega Mega Drive/Genesis console, published by Sega. It was one of the two launch titles for the console in Japan (the other one being Space Harrier II), as well as being one of the six launch titles for the console for its U.S. launch. It is a follow-up to the 1987 arcade gameThunder Blade. It was released for the Virtual Console on September 17, 2007. It was also included in the Sega Genesis Collection for PlayStation 2 and PlayStation Portable in 2007 and in Sonic's Ultimate Genesis Collection for Xbox 360 and PlayStation 3.;https://images.launchbox-app.com/4b139a65-fa48-4f94-9a34-6f5683d8a24f.jpg;7;7;8;7;Título correcto y entretenido, con virtudes claras aunque también algunas limitaciones de diseño o presentación.;Super Thunder Blade;Gráficos: presentación competente, aunque con limitaciones visibles. Música: música funcional, con algunos temas reconocibles. Jugabilidad: jugabilidad sólida y accesible, con buen equilibrio general. Motivo global: Título correcto y entretenido, con virtudes claras aunque también algunas limitaciones de diseño o presentación.;Super Thunder Blade es un shooter de helicópteros pseudo-3D de Sega. El jugador pilota un helicóptero de combate, dispara a vehículos enemigos y esquiva obstáculos en rutas de alta velocidad.
Barney's Hide and Seek;1993;2.52;n/a;Action -Platformer -2D;Barney's Hide and Seek is a video game that was released on June 1, 1993 by Sega of America for the Sega Mega Drive/Genesis.;https://images.launchbox-app.com/f1c575f9-c686-4478-b0f8-8b54b093c317.jpg;7;7;7;7;Título correcto y entretenido, con virtudes claras aunque también algunas limitaciones de diseño o presentación.;Barney's Hide and Seek;Gráficos: presentación competente, aunque con limitaciones visibles. Música: música funcional, con algunos temas reconocibles. Jugabilidad: mecánicas funcionales, aunque con cierta rigidez, repetición o dificultad irregular. Motivo global: Título correcto y entretenido, con virtudes claras aunque también algunas limitaciones de diseño o presentación.;Barney's Hide and Seek es un juego educativo para Mega Drive protagonizado por Barney. Propone actividades sencillas de búsqueda, colores y formas dirigidas a niños pequeños.
Dragon: The Bruce Lee Story;1994;2.51;n/a;Action -Beat-'Em-Up -2D;Dragon: The Bruce Lee Story is a 1993 American biographical drama film written and directed by Rob Cohen, and starring Jason Scott Lee, Lauren Holly and Robert Wagner. The film was released in the United States on May 7, 1993. It received positive reviews and was a commercial success.;https://images.launchbox-app.com/8f827108-04ce-4fb6-bbc9-2636a4b9c335.jpg;7;7;7;7;Título correcto y entretenido, con virtudes claras aunque también algunas limitaciones de diseño o presentación.;Dragon: The Bruce Lee Story;Gráficos: presentación competente, aunque con limitaciones visibles. Música: música funcional, con algunos temas reconocibles. Jugabilidad: mecánicas funcionales, aunque con cierta rigidez, repetición o dificultad irregular. Motivo global: Título correcto y entretenido, con virtudes claras aunque también algunas limitaciones de diseño o presentación.;Dragon: The Bruce Lee Story es un juego de lucha y acción basado en la película biográfica de Bruce Lee. El jugador recrea escenas inspiradas en su carrera mediante combates y secuencias de entrenamiento.
Double Dragon II: The Revenge;1991-12-20;2.47;n/a;Action -Beat-'Em-Up -2D;Double Dragon II: The Revenge is a side-scrolling beat 'em up produced by Technōs Japan originally released as a coin-operated arcade game in 1988. It is the first sequel to Double Dragon, released during the previous year. The sequel involves Billy and Jimmy Lee in a mission to avenge their girlfriend Marian after she is shot to death by the Black Warriors leader Willy, who is retaliating against the Lee brothers after his defeat at the end of the previous game. Double Dragon II was initially developed as an upgrade kit for the original Double Dragon, but evolved into a stand-alone game due to an increase in memory size, resulting in the developers reusing assets for both games;https://images.launchbox-app.com/346dc42e-0494-496a-8e95-ec2d0175071c.jpg;7;7;7;7;Título correcto y entretenido, con virtudes claras aunque también algunas limitaciones de diseño o presentación.;Double Dragon II: The Revenge;Gráficos: presentación competente, aunque con limitaciones visibles. Música: música funcional, con algunos temas reconocibles. Jugabilidad: mecánicas funcionales, aunque con cierta rigidez, repetición o dificultad irregular. Motivo global: Título correcto y entretenido, con virtudes claras aunque también algunas limitaciones de diseño o presentación.;Double Dragon II: The Revenge es un beat em up protagonizado por Billy y Jimmy Lee. Los hermanos buscan vengar la muerte de Marian mediante golpes, patadas y armas contra la banda Black Warriors.
Hard Drivin';1991;2.46;n/a;Racing -Arcade -Automobile;Hard Drivin' is a 1989 driving arcade game that invites players to test drive a sports car on courses that emphasize stunts and speed. The game featured one of the first 3D polygon driving environments via a simulator cabinet, rendered with a custom architecture. The force feedback, car physics simulator, game design and most game programming were done by Max Behensky. According to the in-game credit screen, Hard Drivin' was designed by two teams working concurrently in the United States and Ireland.;https://images.launchbox-app.com/75672e4e-3e54-4b1a-b4ec-e3a0a3acae2b.jpg;6;6;5;6;Conducción poligonal ambiciosa para su época, pero con velocidad baja, control difícil y una experiencia menos fluida que otras alternativas.;Hard Drivin';Gráficos: presentación competente, aunque con limitaciones visibles. Música: música funcional, con algunos temas reconocibles. Jugabilidad: control problemático, dificultad descompensada o mecánicas poco pulidas. Motivo global: Conducción poligonal ambiciosa para su época, pero con velocidad baja, control difícil y una experiencia menos fluida que otras alternativas.;Hard Drivin' es un juego de conducción poligonal centrado en velocidad y acrobacias. Sus circuitos incluyen rampas, bucles y zonas de riesgo, con una simulación ambiciosa pero poco fluida en Mega Drive.
Home Alone 2;1993;2.42;n/a;Action -Platformer -2D;Home Alone is a series of Christmas family comedy films originally created by John Hughes, and directed by Chris Columbus (1 & 2), Raja Gosnell (3), Rod Daniel (4), and Peter Hewitt (5). The films revolve around the adventures surrounding children who find themselves alone during the holiday season and are faced with the challenge of defending their family's house or themselves from invading burglars and criminals.;https://images.launchbox-app.com/e877220b-c7a7-41bd-8d5f-d6691ff17b07.jpg;5;5;4;5;Aventura con buenas ideas de trampas, pero ritmo lento, control incómodo y objetivos poco claros. La dificultad suele resultar frustrante.;Home Alone 2;Gráficos: apartado visual limitado. Música: música poco destacada. Jugabilidad: control problemático, dificultad descompensada o mecánicas poco pulidas. Motivo global: Aventura con buenas ideas de trampas, pero ritmo lento, control incómodo y objetivos poco claros. La dificultad suele resultar frustrante.;Home Alone 2 es un juego de acción basado en la segunda película de Solo en casa. Kevin utiliza objetos y trampas para evitar a los ladrones mientras atraviesa escenarios urbanos y domésticos.
Fantasia;1991-08-01;2.26;n/a;Action -Platformer -2D;"Fantasia Monique Barrino-Taylor (born June 30, 1984), known professionally by her mononym Fantasia, is an American R&B singer and songwriter. She rose to fame as the winner of the third season of the reality television series American Idol in 2004. Following her victory, she released her debut single, ""I Believe,"" which debuted at number one on the Billboard Hot 100. Subsequently, she released her debut album, Free Yourself, which went on to be certified Platinum by the RIAA and earned Barrino three Grammy nominations in 2006.";https://images.launchbox-app.com/6c9d4181-87ea-46da-950d-e5e97bb3df1f.jpg;5;4;3;4;"Jugabilidad mala y dificultad muy alta; los controles poco precisos y el avance rígido la convierten en una adaptación frustrante.";Fantasia;"Gráficos: apartado visual limitado. Música: música poco destacada. Jugabilidad: control problemático, dificultad descompensada o mecánicas poco pulidas. Motivo global: Jugabilidad mala y dificultad muy alta; los controles poco precisos y el avance rígido la convierten en una adaptación frustrante.";Fantasia es un plataformas basado en la película animada de Disney. Mickey debe recuperar notas musicales en escenarios inspirados en secuencias de la película, con una jugabilidad exigente y poco precisa.
Double Dragon 3: The Arcade Game;1992;2.26;n/a;Action -Beat-'Em-Up -2D;Double Dragon 3: The Rosetta Stone is a side-scrolling beat 'em up produced by Technōs Japan that was originally released as an arcade game in 1990. It is the third arcade game in the Double Dragon series.;https://images.launchbox-app.com/cb75a0ee-6393-4105-964a-c003d4cba5a2.jpg;5;5;4;5;Beat em up rígido y difícil, con enemigos duros y progresión poco equilibrada. Está muy por debajo de los mejores del género.;Double Dragon 3: The Arcade Game;Gráficos: apartado visual limitado. Música: música poco destacada. Jugabilidad: control problemático, dificultad descompensada o mecánicas poco pulidas. Motivo global: Beat em up rígido y difícil, con enemigos duros y progresión poco equilibrada. Está muy por debajo de los mejores del género.;Double Dragon 3: The Arcade Game es un beat em up de Technōs en el que Billy y Jimmy recorren varios países para encontrar las piedras de Rosetta. Su versión de Mega Drive mantiene una acción dura y poco equilibrada.
Bram Stoker's Dracula;1993;2.2;n/a;Action -Platformer -2D;Bram Stoker's Dracula is a 1992 American gothic horror film directed and produced by Francis Ford Coppola, based on the novel Dracula by Bram Stoker. It stars Gary Oldman as Count Dracula, Winona Ryder as Mina Harker, Anthony Hopkins as Professor Abraham Van Helsing, and Keanu Reeves as Jonathan Harker.;https://images.launchbox-app.com/01522bff-e84f-449a-9c43-416938b3b319.jpg;7;7;7;7;Título correcto y entretenido, con virtudes claras aunque también algunas limitaciones de diseño o presentación.;Bram Stoker's Dracula;Gráficos: presentación competente, aunque con limitaciones visibles. Música: música funcional, con algunos temas reconocibles. Jugabilidad: mecánicas funcionales, aunque con cierta rigidez, repetición o dificultad irregular. Motivo global: Título correcto y entretenido, con virtudes claras aunque también algunas limitaciones de diseño o presentación.;Bram Stoker's Dracula es un plataformas de acción basado en la película de Francis Ford Coppola. El jugador controla a distintos personajes y combate criaturas sobrenaturales en escenarios góticos.
Shaq-Fu;1994;2.19;n/a;Action -Fighting -2D;"Shaq Fu is a 2D fighting game released for the Sega Mega Drive / Genesis and Super Nintendo Entertainment System on October 28, 1994. It was ported to the Sega Game Gear, Nintendo Game Boy, and Commodore Amiga platforms in 1995. The game was published by Electronic Arts and developed by the now-defunct Delphine Software International. It features former professional basketball player Shaquille ""Shaq"" O'Neal as the player character. Shaq Fu was met with mixed responses from critics upon release, though it has since come to be considered one of the worst video games of all time.";https://images.launchbox-app.com/07e12f79-1649-41d1-ab87-a2093ebdb7ee.jpg;5;5;5;5;Fighting muy recordado por su fama negativa. Tiene una presentación llamativa, pero controles poco precisos, equilibrio limitado y escasa profundidad.;Shaq-Fu;Gráficos: apartado visual limitado. Música: música poco destacada. Jugabilidad: control problemático, dificultad descompensada o mecánicas poco pulidas. Motivo global: Fighting muy recordado por su fama negativa. Tiene una presentación llamativa, pero controles poco precisos, equilibrio limitado y escasa profundidad.;Shaq-Fu es un juego de lucha protagonizado por Shaquille O'Neal. Shaq llega a una dimensión fantástica, elige un estilo de combate y se enfrenta a guerreros con ataques especiales en duelos uno contra uno.
Revolution X;1995;2;n/a;Action -Shooter -Light Gun;Revolution X is an arcade rail shooter game developed and published by Midway in 1994, featuring the rock band Aerosmith. It features gameplay similar to Midway's earlier Terminator 2: Judgment Day. In the game, players battle the oppressive New Order Nation regime and their leader Helga, who have abducted Aerosmith. Players use a mounted gun to control onscreen crosshairs and shoot enemies using compact discs. The members of Aerosmith are hidden throughout the game's international locales and must be found in order to receive the game's true ending.;https://images.launchbox-app.com/b50f5467-22d7-4172-8beb-c673292b6201.jpg;6;6;6;6;"Shooter sobre raíles de estética exagerada y licencia musical. Funciona mejor con pistola de luz; con mando se vuelve menos preciso y repetitivo.";Revolution X;"Gráficos: presentación competente, aunque con limitaciones visibles. Música: música funcional, con algunos temas reconocibles. Jugabilidad: mecánicas funcionales, aunque con cierta rigidez, repetición o dificultad irregular. Motivo global: Shooter sobre raíles de estética exagerada y licencia musical. Funciona mejor con pistola de luz; con mando se vuelve menos preciso y repetitivo.";Revolution X es un shooter sobre raíles de Midway protagonizado por Aerosmith. El jugador dispara contra el régimen New Order Nation, rescata a la banda y usa discos compactos como munición.
Awesome Possum;Nov-93;1.9;n/a;Action -Platformer -2D;"Awesome Possum... Kicks Dr. Machino's Butt is a video game created by Tengen for the Sega Mega Drive/Genesis that was released in early 1993. It also had many lines of digitized speech, unusual for its time, a feature with which the game was marketed. The box also states ""it is an excellent educational game for all ages"". The game included the voice talents of Walter Fields, Laurie Amat and Douglas Lawrence.";https://images.launchbox-app.com/9005f759-af00-4ae0-950c-f8dc54096e19.jpg;5;5;5;5;Plataformas claramente inspirado en Sonic, con colorido y velocidad, pero controles menos pulidos, diseño irregular y poca personalidad propia.;Awesome Possum;Gráficos: apartado visual limitado. Música: música poco destacada. Jugabilidad: control problemático, dificultad descompensada o mecánicas poco pulidas. Motivo global: Plataformas claramente inspirado en Sonic, con colorido y velocidad, pero controles menos pulidos, diseño irregular y poca personalidad propia.;Awesome Possum es un plataformas de acción inspirado claramente en Sonic. El protagonista corre por escenarios coloridos, combate al Dr. Machino y transmite un mensaje ecologista, aunque con control y diseño menos pulidos.
Back to the Future Part III;1991;1.89;n/a;Action -Platformer -2D;"Back to the Future Part III is a 1990 American science fiction film and the third and final installment of the Back to the Future trilogy. The film was directed by Robert Zemeckis, and stars Michael J. Fox, Christopher Lloyd, Mary Steenburgen, Thomas F. Wilson and Lea Thompson. The film continues immediately following Back to the Future Part II (1989); while stranded in 1955 during his time travel adventures, Marty McFly (Fox) discovers that his friend Dr. Emmett ""Doc"" Brown (Lloyd), trapped in 1885, was killed by Buford ""Mad Dog"" Tannen (Wilson), Biff's great-grandfather. Marty travels to 1885 to rescue Doc and return once again to 1985, but matters are complicated when Doc falls in love with schoolteacher Clara Clayton (Steenburgen).";https://images.launchbox-app.com/60d782b8-c8ec-4762-8247-8a00e8141ec2.jpg;7;7;7;7;Título correcto y entretenido, con virtudes claras aunque también algunas limitaciones de diseño o presentación.;Back to the Future Part III;Gráficos: presentación competente, aunque con limitaciones visibles. Música: música funcional, con algunos temas reconocibles. Jugabilidad: mecánicas funcionales, aunque con cierta rigidez, repetición o dificultad irregular. Motivo global: Título correcto y entretenido, con virtudes claras aunque también algunas limitaciones de diseño o presentación.;Back to the Future Part III es un plataformas de acción basado en la película. Marty McFly viaja al Oeste de 1885 para rescatar a Doc Brown, superando enemigos, saltos y situaciones inspiradas en la historia.
Sword of Sodan;1990;1.56;n/a;Action -Beat-'Em-Up -2D;Sword of Sodan is a hack and slash video game released for the Amiga game system in 1988 by Discovery Software. In 1993 it was also released for the Apple Macintosh System 7 by Bethesda Softworks, and Electronic Arts released a scaled-down port version for the Sega Genesis in 1990. A nearly finished port was written for the Apple IIGS in 1989, but not made public until 2018.;https://images.launchbox-app.com/b1d82bb8-8f06-46ee-9b7c-4377af801e0d.jpg;5;5;2;4;Control tosco, respuesta lenta, golpes poco fiables y dificultad artificial. Es una de las experiencias más frustrantes del catálogo.;Sword of Sodan;Gráficos: apartado visual limitado. Música: música poco destacada. Jugabilidad: control problemático, dificultad descompensada o mecánicas poco pulidas. Motivo global: Control tosco, respuesta lenta, golpes poco fiables y dificultad artificial. Es una de las experiencias más frustrantes del catálogo.;Sword of Sodan es un juego de acción y combate de desplazamiento lateral. La versión de Mega Drive es una adaptación recortada con control tosco, respuesta lenta, golpes poco fiables y dificultad artificial
Action 52;1993;1.4;n/a;Miscellaneous -General;Action 52 is an unlicensed multicart video game compilation developed by Active Enterprises for the Nintendo Entertainment System, and FarSight Technologies for the Sega Genesis. The NES version was released in 1991, followed by the Genesis version in 1993. A Super NES version was advertised in magazines, but never released.;https://images.launchbox-app.com/c431c97b-660e-45aa-8261-092652fc7d52.jpg;2;2;1;2;Recopilatorio de minijuegos de calidad muy desigual, con títulos incompletos, controles deficientes y numerosos problemas técnicos.;Action 52;Gráficos: apartado visual limitado. Música: música poco destacada. Jugabilidad: control problemático, dificultad descompensada o mecánicas poco pulidas. Motivo global: Recopilatorio de minijuegos de calidad muy desigual, con títulos incompletos, controles deficientes y numerosos problemas técnicos.;Action 52 es una recopilación no licenciada de minijuegos para Mega Drive. Sus títulos presentan una calidad muy desigual, controles deficientes y numerosos problemas técnicos.
Dark Castle;1991;1.02;n/a;Action -Platformer -2D;Dark Castle is a 1986 platform game for Macintosh published by Silicon Beach Software, later published by Three-Sixty Pacific for other platforms. It was designed and illustrated by Mark Pierce and programmed by Jonathan Gay. In Dark Castle, a young hero named Duncan tries to make his way to the evil Black Knight, dodging objects as well as solving occasional puzzles. The game uses sampled sounds to great effect.;https://images.launchbox-app.com/78abab7a-e430-4f6d-923e-3e8f37e9a3ed.jpg;3;3;1;2;Adaptación muy fallida por sus controles extremadamente incómodos, físicas extrañas y dificultad basada en errores de manejo.;Dark Castle;Gráficos: apartado visual limitado. Música: música poco destacada. Jugabilidad: control problemático, dificultad descompensada o mecánicas poco pulidas. Motivo global: Adaptación muy fallida por sus controles extremadamente incómodos, físicas extrañas y dificultad basada en errores de manejo.;Dark Castle es un plataformas de acción en el que el príncipe Duncan debe recorrer las estancias del castillo del Caballero Negro. El jugador elige rutas desde el gran salón, esquiva trampas y enemigos, recoge piedras y elixires, resuelve puzles y consigue un escudo y bolas de fuego antes del enfrentamiento final. La versión de Mega Drive es especialmente exigente por sus controles rígidos y el sistema de apuntado para lanzar piedras.